SEASON,AGE_GRP,RPHO_REGION,WEEKENDING,MMWR_WEEK,MMWR_YEAR,COV_POSITIVES,COV_TOTAL_TESTS,COV_TP,COV_TP_LEVEL,FLU_POSITIVES,FLU_TOTAL_TESTS,FLU_TP,FLU_TP_LEVEL,RSV_POSITIVES,RSV_TOTAL_TESTS,RSV_TP,RSV_TP_LEVEL,FLU_A_TESTS,FLU_B_TESTS,COV_ED_VISITS,FLU_ED_VISITS,RSV_ED_VISITS,POP,COV_ADM,FLU_ADM,RSV_ADM,COV_ADM_RATE,FLU_ADM_RATE,RSV_ADM_RATE,COV_ADM_LEVEL,FLU_ADM_LEVEL,RSV_ADM_LEVEL,TOTAL_DEATHS,COV_DEATHS,FLU_DEATHS,RSV_DEATHS,COV_DEATHS_PER,FLU_DEATHS_PER,RSV_DEATHS_PER,SEASON_COV_PED_DEATHS,SEASON_FLU_PED_DEATHS,SEASON_RSV_PED_DEATHS
2025/2026,0-17 yrs,Greater Sierra-Sacramento,10/18/2025,42,2025,38,1407,2.700781805259417,Very Low,18,1392,1.293100,Very Low,10,961,1.040600,Low,18,0,,,,650543.000000,2,0,0,0.30743548082140609,0,0,Very Low,Very Low,Very Low,,0,0,0,0.000000,0.000000,0.000000,,,
2024/2025,0-17 yrs,Greater Sierra-Sacramento,05/10/2025,19,2025,32,1308,2.4464831804281344,Very Low,53,1103,4.805100,Low,8,687,1.164500,Low,,,,,,662349.000000,4,3,1,0.60391123108814238,0.45293342331610675,0.15097780777203559,Very Low,Very Low,Very Low,,0,0,0,0.000000,0.000000,0.000000,,,
2024/2025,0-17 yrs,Rural North,12/07/2024,49,2024,3,219,1.3698630136986301,Very Low,25,304,8.223700,Low,11,170,6.470600,Moderate,,,,,,147863.000000,0,0,0,0,0,0,Very Low,Very Low,Very Low,,0,0,0,0.000000,0.000000,0.000000,,,
2024/2025,0-17 yrs,Greater Sierra-Sacramento,03/29/2025,13,2025,27,2277,1.1857707509881421,Very Low,364,2363,15.404100,High,112,1659,6.751100,Moderate,,,,,,662349.000000,0,7,17,0,1.0568446544042491,2.5666227321246051,Very Low,Low,High,,0,0,0,0.000000,0.000000,0.000000,,,
2025/2026,0-17 yrs,Greater Sierra-Sacramento,10/25/2025,43,2025,25,1578,1.5842839036755387,Very Low,22,1521,1.446400,Very Low,4,1064,0.375900,Very Low,17,0,,,,650543.000000,1,2,3,0.15371774041070305,0.30743548082140609,0.46115322123210917,Very Low,Very Low,Very Low,,0,0,0,0.000000,0.000000,0.000000,,,
2023/2024,0-17 yrs,Greater Sierra-Sacramento,11/18/2023,46,2023,113,2490,4.5381526104417667,Low,310,1962,15.800200,High,312,1365,22.857100,Very High,,,,,,,,,,,,,,,,,0,0,0,0.000000,0.000000,0.000000,,,
2024/2025,0-17 yrs,Greater Sierra-Sacramento,05/17/2025,20,2025,21,1277,1.6444792482380579,Very Low,75,1130,6.637200,Low,6,699,0.858400,Very Low,,,,,,662349.000000,3,2,2,0.45293342331610675,0.30195561554407119,0.30195561554407119,Very Low,Very Low,Very Low,,0,0,0,0.000000,0.000000,0.000000,,,
2025/2026,0-17 yrs,Southern California,11/15/2025,46,2025,69,4349,1.5865716256610713,Very Low,114,3598,3.168400,Low,75,3008,2.493400,Low,56,27,,,,2856266.000000,6,14,15,0.21006446878547028,0.49015042716609725,0.52516117196367562,Very Low,Very Low,Low,,0,0,0,0.000000,0.000000,0.000000,,,
2024/2025,0-17 yrs,Greater Sierra-Sacramento,02/08/2025,6,2025,59,4645,1.2701829924650161,Very Low,2290,4717,48.547800,Very High,505,3591,14.062900,Very High,,,,,,662349.000000,6,35,36,0.90586684663221351,5.2842232720212454,5.4352010797932806,Very Low,Moderate,Very High,,0,0,0,0.000000,0.000000,0.000000,,,
2024/2025,0-17 yrs,Greater Sierra-Sacramento,04/05/2025,14,2025,23,2140,1.0747663551401869,Very Low,281,2291,12.265400,Moderate,57,1632,3.492600,Low,,,,,,662349.000000,2,10,9,0.30195561554407119,1.509778077720356,1.3588002699483201,Very Low,Low,Low,,0,0,0,0.000000,0.000000,0.000000,,,
2025/2026,0-17 yrs,Rural North,10/25/2025,43,2025,3,183,1.639344262295082,Very Low,14,285,4.912300,Low,0,187,0.000000,Very Low,9,0,,,,144328.000000,0,0,0,0,0,0,Very Low,Very Low,Very Low,,0,0,0,0.000000,0.000000,0.000000,,,
2024/2025,0-17 yrs,Greater Sierra-Sacramento,03/08/2025,10,2025,20,2473,0.80873433077234136,Very Low,600,2652,22.624400,Very High,243,1901,12.782700,Very High,,,,,,662349.000000,2,9,18,0.30195561554407119,1.3588002699483201,2.7176005398966403,Very Low,Low,High,,0,0,0,0.000000,0.000000,0.000000,,,
2024/2025,0-17 yrs,Rural North,08/31/2024,35,2024,56,316,17.721518987341771,Very High,0,194,0.000000,Very Low,0,131,0.000000,Very Low,,,,,,147863.000000,0,,,0,,,Very Low,,,,0,0,0,0.000000,0.000000,0.000000,,,
2025/2026,0-17 yrs,Rural North,08/16/2025,33,2025,33,142,23.239436619718308,Very High,1,119,0.840300,Very Low,0,92,0.000000,Very Low,,,,,,144328.000000,1,0,0,0.69286624909927386,0,0,Very Low,Very Low,Very Low,,0,0,0,0.000000,0.000000,0.000000,,,
2023/2024,0-17 yrs,Rural North,09/02/2023,35,2023,47,256,18.359375,Very High,0,125,0.000000,Very Low,0,82,0.000000,Very Low,,,,,,,,,,,,,,,,,0,0,0,0.000000,0.000000,0.000000,,,
2024/2025,0-17 yrs,Greater Sierra-Sacramento,09/21/2024,38,2024,108,1450,7.4482758620689644,Low,19,894,2.125300,Low,5,531,0.941600,Very Low,,,,,,662349.000000,2,,,0.30195561554407102,,,Very Low,,,,0,0,0,0.000000,0.000000,0.000000,,,
2024/2025,0-17 yrs,Greater Sierra-Sacramento,02/22/2025,8,2025,30,3588,0.83612040133779264,Very Low,1457,3773,38.616500,Very High,401,2794,14.352200,Very High,,,,,,662349.000000,3,24,30,0.45293342331610675,3.623467386528854,4.5293342331610678,Very Low,Low,Very High,,0,0,0,0.000000,0.000000,0.000000,,,
2023/2024,0-17 yrs,Rural North,08/26/2023,34,2023,42,204,20.588235294117645,Very High,0,82,0.000000,Very Low,0,38,0.000000,Very Low,,,,,,,,,,,,,,,,,0,0,0,0.000000,0.000000,0.000000,,,
2025/2026,0-17 yrs,Rural North,07/12/2025,28,2025,5,105,4.7619047619047619,Low,0,112,0.000000,Very Low,1,81,1.234600,Low,,,,,,144328.000000,0,0,0,0,0,0,Very Low,Very Low,Very Low,,0,0,0,0.000000,0.000000,0.000000,,,
2024/2025,0-17 yrs,Greater Sierra-Sacramento,05/03/2025,18,2025,41,1490,2.7516778523489935,Very Low,78,1264,6.170900,Low,9,926,0.971900,Very Low,,,,,,662349.000000,0,1,2,0,0.15097780777203559,0.30195561554407119,Very Low,Very Low,Very Low,,0,0,0,0.000000,0.000000,0.000000,,,
2023/2024,0-17 yrs,Greater Sierra-Sacramento,08/05/2023,31,2023,87,955,9.1099476439790585,Moderate,12,258,4.651200,Low,0,86,0.000000,Very Low,,,,,,,,,,,,,,,,,0,0,0,0.000000,0.000000,0.000000,,,
2025/2026,0-17 yrs,Greater Sierra-Sacramento,09/20/2025,38,2025,93,1266,7.3459715639810419,Low,8,757,1.056800,Very Low,10,461,2.169200,Low,4,1,,,,650543.000000,4,1,0,0.61487096164281219,0.15371774041070305,0,Very Low,Very Low,Very Low,,0,0,0,0.000000,0.000000,0.000000,,,
2023/2024,0-17 yrs,Greater Sierra-Sacramento,04/13/2024,15,2024,44,1783,2.4677509814918679,Very Low,124,1600,7.750000,Low,20,1146,1.745200,Low,,,,,,673877.000000,7,,,1.0387652346051299,,,Very Low,,,,0,0,0,0.000000,0.000000,0.000000,,,
2025/2026,0-17 yrs,California,11/15/2025,46,2025,168,16381,1.0256000000000001,Very Low,400,13961,2.865100,Low,360,11895,3.026500,Low,272,37,,,,8386716.000000,10,25,40,0.11923618255345715,0.2980904563836429,0.4769447302138286,Very Low,Very Low,Very Low,,0,0,0,0.000000,0.000000,0.000000,2,0,0
2024/2025,0-17 yrs,Greater Sierra-Sacramento,11/23/2024,47,2024,40,1838,2.1762785636561479,Very Low,151,1684,8.966700,Low,87,1312,6.631100,Moderate,,,,,,662349.000000,8,2,10,1.2078224621762848,0.30195561554407119,1.509778077720356,Very Low,Very Low,Moderate,,0,0,0,0.000000,0.000000,0.000000,,,
2025/2026,0-17 yrs,Greater Sierra-Sacramento,07/26/2025,30,2025,41,666,6.1561561561561557,Low,8,397,2.015100,Low,2,213,0.939000,Very Low,0,5,,,,650543.000000,2,1,1,0.30743548082140609,0.15371774041070305,0.15371774041070305,Very Low,Very Low,Very Low,,0,0,0,0.000000,0.000000,0.000000,,,
2023/2024,0-17 yrs,Rural North,02/17/2024,7,2024,35,528,6.6287878787878789,Low,102,461,22.125800,Very High,38,297,12.794600,Very High,,,,,,151044.000000,0,,,0,,,Very Low,,,,0,0,0,0.000000,0.000000,0.000000,,,
2024/2025,0-17 yrs,Greater Sierra-Sacramento,11/30/2024,48,2024,28,1612,1.7369727047146404,Very Low,160,1543,10.369400,Moderate,123,1103,11.151400,Very High,,,,,,662349.000000,5,3,7,0.754889038860178,0.45293342331610675,1.0568446544042491,Very Low,Very Low,Low,,0,0,0,0.000000,0.000000,0.000000,,,
2023/2024,0-17 yrs,Greater Sierra-Sacramento,08/12/2023,32,2023,103,1028,10.019455252918288,Moderate,11,311,3.537000,Low,2,152,1.315800,Low,,,,,,,,,,,,,,,,,0,0,0,0.000000,0.000000,0.000000,,,
2025/2026,0-17 yrs,Central California,11/15/2025,46,2025,24,2350,1.0212765957446808,Very Low,34,2232,1.523300,Very Low,20,2057,0.972300,Very Low,13,0,,,,1200683.000000,1,2,2,0.08328592975831256,0.16657185951662512,0.16657185951662512,Very Low,Very Low,Very Low,,0,0,0,0.000000,0.000000,0.000000,,,
2025/2026,0-17 yrs,Greater Sierra-Sacramento,11/08/2025,45,2025,15,1515,0.99009900990099009,Very Low,52,1497,3.473600,Low,7,1105,0.633500,Very Low,41,2,,,,650543.000000,0,0,0,0,0,0,Very Low,Very Low,Very Low,,0,0,0,0.000000,0.000000,0.000000,,,
2025/2026,0-17 yrs,Greater Sierra-Sacramento,10/04/2025,40,2025,45,1085,4.1474654377880187,Low,15,1011,1.483700,Very Low,4,584,0.684900,Very Low,8,1,,,,650543.000000,3,1,0,0.46115322123210917,0.15371774041070305,0,Very Low,Very Low,Very Low,,0,0,0,0.000000,0.000000,0.000000,,,
2025/2026,0-17 yrs,Central California,11/08/2025,45,2025,33,2637,1.2514220705346986,Very Low,35,2631,1.330300,Very Low,7,2089,0.335100,Very Low,12,2,,,,1200683.000000,1,3,0,0.08328592975831256,0.24985778927493768,0,Very Low,Very Low,Very Low,,0,0,0,0.000000,0.000000,0.000000,,,
2023/2024,0-17 yrs,Rural North,06/29/2024,26,2024,10,173,5.7803468208092488,Low,0,130,0.000000,Very Low,2,97,2.061900,Low,,,,,,151044.000000,0,,,0,,,Very Low,,,,0,0,0,0.000000,0.000000,0.000000,,,
2023/2024,0-17 yrs,Greater Sierra-Sacramento,09/23/2023,38,2023,127,1772,7.1670428893905198,Low,14,607,2.306400,Low,7,282,2.482300,Low,,,,,,,,,,,,,,,,,0,0,0,0.000000,0.000000,0.000000,,,
2025/2026,0-17 yrs,Greater Sierra-Sacramento,08/30/2025,35,2025,282,1496,18.850267379679146,Very High,6,803,0.747200,Very Low,8,452,1.769900,Low,4,0,,,,650543.000000,9,0,1,1.3834596636963277,0,0.15371774041070305,Very Low,Very Low,Very Low,,0,0,0,0.000000,0.000000,0.000000,,,
2024/2025,0-17 yrs,Greater Sierra-Sacramento,09/28/2024,39,2024,69,1511,4.5665122435473195,Low,12,961,1.248700,Very Low,4,588,0.680300,Very Low,,,,,,662349.000000,5,,,0.754889038860178,,,Very Low,,,,0,0,0,0.000000,0.000000,0.000000,,,
2023/2024,0-17 yrs,Greater Sierra-Sacramento,06/08/2024,23,2024,62,1256,4.9363057324840769,Low,52,971,5.355300,Low,1,560,0.178600,Very Low,,,,,,673877.000000,0,,,0,,,Very Low,,,,0,0,0,0.000000,0.000000,0.000000,,,
2024/2025,0-17 yrs,Rural North,10/26/2024,43,2024,10,233,4.2918454935622314,Low,2,274,0.729900,Very Low,4,184,2.173900,Low,,,,,,147863.000000,0,,,0,,,Very Low,,,,0,0,0,0.000000,0.000000,0.000000,,,
2024/2025,0-17 yrs,Rural North,10/12/2024,41,2024,5,228,2.1929824561403506,Very Low,0,212,0.000000,Very Low,0,142,0.000000,Very Low,,,,,,147863.000000,0,,,0,,,Very Low,,,,0,0,0,0.000000,0.000000,0.000000,,,
2024/2025,0-17 yrs,Greater Sierra-Sacramento,01/04/2025,1,2025,40,2638,1.5163002274450341,Very Low,609,2558,23.807700,Very High,561,2032,27.608300,Very High,,,,,,662349.000000,7,17,39,1.0568446544042491,2.5666227321246051,5.8881345031093879,Very Low,Low,Very High,,0,0,0,0.000000,0.000000,0.000000,,,
2023/2024,0-17 yrs,Greater Sierra-Sacramento,12/23/2023,51,2023,194,4105,4.7259439707673563,Low,831,3137,26.490300,Very High,628,2243,27.998200,Very High,,,,,,,,,,,,,,,,,0,0,0,0.000000,0.000000,0.000000,,,
2025/2026,0-17 yrs,Rural North,08/02/2025,31,2025,16,127,12.598425196850393,Moderate,1,122,0.819700,Very Low,0,95,0.000000,Very Low,0,1,,,,144328.000000,0,0,0,0,0,0,Very Low,Very Low,Very Low,,0,0,0,0.000000,0.000000,0.000000,,,
2023/2024,0-17 yrs,Greater Sierra-Sacramento,03/30/2024,13,2024,30,1877,1.5982951518380393,Very Low,113,1734,6.516700,Low,19,1268,1.498400,Low,,,,,,673877.000000,7,,,1.0387652346051299,,,Very Low,,,,0,0,0,0.000000,0.000000,0.000000,,,
2025/2026,0-17 yrs,Rural North,09/06/2025,36,2025,36,234,15.384615384615385,High,1,224,0.446400,Very Low,1,189,0.529100,Very Low,1,0,,,,144328.000000,0,0,0,0,0,0,Very Low,Very Low,Very Low,,0,0,0,0.000000,0.000000,0.000000,,,
2023/2024,0-17 yrs,Greater Sierra-Sacramento,04/06/2024,14,2024,42,1767,2.3769100169779285,Very Low,102,1618,6.304100,Low,30,1179,2.544500,Low,,,,,,673877.000000,3,,,0.445185100545055,,,Very Low,,,,0,0,0,0.000000,0.000000,0.000000,,,
2023/2024,0-17 yrs,Greater Sierra-Sacramento,08/19/2023,33,2023,167,1419,11.768851303735024,Moderate,5,342,1.462000,Very Low,1,177,0.565000,Very Low,,,,,,,,,,,,,,,,,0,0,0,0.000000,0.000000,0.000000,,,
2024/2025,0-17 yrs,Greater Sierra-Sacramento,02/01/2025,5,2025,60,4351,1.3789933348655481,Very Low,2192,4686,46.777600,Very High,553,3412,16.207500,Very High,,,,,,662349.000000,7,27,35,1.0568446544042491,4.0764008098449613,5.2842232720212454,Very Low,Moderate,Very High,,0,0,0,0.000000,0.000000,0.000000,,,
2023/2024,0-17 yrs,Greater Sierra-Sacramento,05/04/2024,18,2024,38,1690,2.2485207100591715,Very Low,96,1397,6.871900,Low,5,933,0.535900,Very Low,,,,,,673877.000000,0,,,0,,,Very Low,,,,0,0,0,0.000000,0.000000,0.000000,,,
2023/2024,0-17 yrs,Greater Sierra-Sacramento,12/02/2023,48,2023,114,2540,4.4881889763779528,Low,359,1920,18.697900,High,341,1359,25.092000,Very High,,,,,,,,,,,,,,,,,0,0,0,0.000000,0.000000,0.000000,,,
2024/2025,0-17 yrs,Rural North,03/15/2025,11,2025,3,380,0.78947368421052633,Very Low,61,547,11.151700,Moderate,47,330,14.242400,Very High,,,,,,147863.000000,0,1,0,0,0.67630171171963227,0,Very Low,Very Low,Very Low,,0,0,0,0.000000,0.000000,0.000000,,,
2024/2025,0-17 yrs,Greater Sierra-Sacramento,09/07/2024,36,2024,218,1770,12.31638418079096,Moderate,16,1072,1.492500,Very Low,3,670,0.447800,Very Low,,,,,,662349.000000,5,,,0.754889038860178,,,Very Low,,,,0,0,0,0.000000,0.000000,0.000000,,,
2024/2025,0-17 yrs,Greater Sierra-Sacramento,08/31/2024,35,2024,279,1823,15.304443225452552,High,16,1109,1.442700,Very Low,3,640,0.468800,Very Low,,,,,,662349.000000,3,,,0.45293342331610698,,,Very Low,,,,0,0,0,0.000000,0.000000,0.000000,,,
2023/2024,0-17 yrs,Greater Sierra-Sacramento,06/29/2024,26,2024,86,1226,7.0146818923327903,Low,26,849,3.062400,Low,0,456,0.000000,Very Low,,,,,,673877.000000,5,,,0.74197516757509197,,,Very Low,,,,0,0,0,0.000000,0.000000,0.000000,,,
2023/2024,0-17 yrs,Greater Sierra-Sacramento,06/01/2024,22,2024,51,1363,3.7417461482024947,Low,82,1163,7.050700,Low,2,596,0.335600,Very Low,,,,,,673877.000000,0,,,0,,,Very Low,,,,0,0,0,0.000000,0.000000,0.000000,,,
2023/2024,0-17 yrs,Greater Sierra-Sacramento,06/15/2024,24,2024,66,1135,5.8149779735682818,Low,24,868,2.765000,Low,2,481,0.415800,Very Low,,,,,,673877.000000,2,,,0.29679006703003702,,,Very Low,,,,0,0,0,0.000000,0.000000,0.000000,,,
2023/2024,0-17 yrs,Rural North,07/22/2023,29,2023,12,129,9.3023255813953494,Moderate,2,51,3.921600,Low,1,21,4.761900,Moderate,,,,,,,,,,,,,,,,,0,0,0,0.000000,0.000000,0.000000,,,
2024/2025,0-17 yrs,Greater Sierra-Sacramento,06/21/2025,25,2025,34,966,3.5196687370600417,Low,31,738,4.200500,Low,12,443,2.708800,Low,,,,,,662349.000000,1,2,0,0.15097780777203559,0.30195561554407119,0,Very Low,Very Low,Very Low,,0,0,0,0.000000,0.000000,0.000000,,,
2023/2024,0-17 yrs,Greater Sierra-Sacramento,10/14/2023,41,2023,95,1640,5.7926829268292686,Low,21,713,2.945300,Low,27,371,7.277600,High,,,,,,,,,,,,,,,,,0,0,0,0.000000,0.000000,0.000000,,,
2024/2025,0-17 yrs,Rural North,09/21/2024,38,2024,20,237,8.4388185654008439,Moderate,3,208,1.442300,Very Low,1,139,0.719400,Very Low,,,,,,147863.000000,0,,,0,,,Very Low,,,,0,0,0,0.000000,0.000000,0.000000,,,
2024/2025,0-17 yrs,Greater Sierra-Sacramento,10/19/2024,42,2024,42,1536,2.734375,Very Low,20,1355,1.476000,Very Low,19,924,2.056300,Low,,,,,,662349.000000,3,,,0.45293342331610698,,,Very Low,,,,0,0,0,0.000000,0.000000,0.000000,,,
2023/2024,0-17 yrs,Rural North,08/12/2023,32,2023,14,133,10.526315789473683,Moderate,0,55,0.000000,Very Low,0,29,0.000000,Very Low,,,,,,,,,,,,,,,,,0,0,0,0.000000,0.000000,0.000000,,,
2024/2025,0-17 yrs,Rural North,09/07/2024,36,2024,42,288,14.583333333333334,High,5,211,2.369700,Low,0,142,0.000000,Very Low,,,,,,147863.000000,0,,,0,,,Very Low,,,,0,0,0,0.000000,0.000000,0.000000,,,
2023/2024,0-17 yrs,Greater Sierra-Sacramento,09/16/2023,37,2023,173,1935,8.9405684754521957,Moderate,11,508,2.165400,Low,4,289,1.384100,Low,,,,,,,,,,,,,,,,,0,0,0,0.000000,0.000000,0.000000,,,
2024/2025,0-17 yrs,Greater Sierra-Sacramento,12/14/2024,50,2024,38,2248,1.6903914590747333,Very Low,488,2299,21.226600,Very High,196,1579,12.412900,Very High,,,,,,662349.000000,6,7,23,0.90586684663221351,1.0568446544042491,3.4724895787568189,Very Low,Low,Very High,,0,0,0,0.000000,0.000000,0.000000,,,
2025/2026,18-64 yrs,Greater Sierra-Sacramento,11/15/2025,46,2025,34,2273,1.4958205015398152,Very Low,32,1961,1.631800,Very Low,9,1288,0.698800,Very Low,27,1,,,,1800650.000000,7,1,2,0.38874850748340883,0.055535501069058392,0.11107100213811678,Very Low,Very Low,Very Low,,0,0,0,0.000000,0.000000,0.000000,,,
2024/2025,0-17 yrs,Rural North,11/02/2024,44,2024,3,185,1.6216216216216217,Very Low,1,217,0.460800,Very Low,2,127,1.574800,Low,,,,,,147863.000000,1,0,0,0.67630171171963227,0,0,Very Low,Very Low,Very Low,,0,0,0,0.000000,0.000000,0.000000,,,
2024/2025,0-17 yrs,Greater Sierra-Sacramento,03/22/2025,12,2025,27,2416,1.1175496688741722,Very Low,504,2535,19.881700,High,144,1862,7.733600,High,,,,,,662349.000000,1,10,13,0.15097780777203559,1.509778077720356,1.9627115010364626,Very Low,Low,Moderate,,0,0,0,0.000000,0.000000,0.000000,,,
2024/2025,0-17 yrs,Rural North,05/17/2025,20,2025,4,260,1.5384615384615385,Very Low,3,321,0.934600,Very Low,2,262,0.763400,Very Low,,,,,,147863.000000,0,0,0,0,0,0,Very Low,Very Low,Very Low,,0,0,0,0.000000,0.000000,0.000000,,,
2023/2024,0-17 yrs,Greater Sierra-Sacramento,03/16/2024,11,2024,57,2305,2.472885032537961,Very Low,201,2181,9.216000,Moderate,57,1603,3.555800,Low,,,,,,673877.000000,6,,,0.89037020109011,,,Very Low,,,,0,0,0,0.000000,0.000000,0.000000,,,
2023/2024,0-17 yrs,Rural North,10/21/2023,42,2023,14,292,4.7945205479452051,Low,3,172,1.744200,Very Low,0,90,0.000000,Very Low,,,,,,,,,,,,,,,,,0,0,0,0.000000,0.000000,0.000000,,,
2023/2024,0-17 yrs,Rural North,12/23/2023,51,2023,21,566,3.7102473498233217,Low,115,479,24.008400,Very High,90,298,30.201300,Very High,,,,,,,,,,,,,,,,,0,0,0,0.000000,0.000000,0.000000,,,
2023/2024,0-17 yrs,Rural North,05/18/2024,20,2024,4,256,1.5625,Very Low,14,242,5.785100,Low,2,155,1.290300,Low,,,,,,151044.000000,0,,,0,,,Very Low,,,,0,0,0,0.000000,0.000000,0.000000,,,
2023/2024,0-17 yrs,Greater Sierra-Sacramento,03/02/2024,9,2024,79,2414,3.272576636288318,Low,183,2154,8.495800,Low,96,1592,6.030200,Moderate,,,,,,673877.000000,7,,,1.0387652346051299,,,Very Low,,,,0,0,0,0.000000,0.000000,0.000000,,,
2024/2025,0-17 yrs,Greater Sierra-Sacramento,12/07/2024,49,2024,31,1890,1.64021164021164,Very Low,257,1772,14.503400,Moderate,129,1229,10.496300,Very High,,,,,,662349.000000,0,2,3,0,0.30195561554407119,0.45293342331610675,Very Low,Very Low,Very Low,,0,0,0,0.000000,0.000000,0.000000,,,
2023/2024,0-17 yrs,Greater Sierra-Sacramento,05/18/2024,20,2024,40,1522,2.6281208935611038,Very Low,115,1249,9.207400,Moderate,4,686,0.583100,Very Low,,,,,,673877.000000,2,,,0.29679006703003702,,,Very Low,,,,0,0,0,0.000000,0.000000,0.000000,,,
2023/2024,0-17 yrs,Greater Sierra-Sacramento,04/27/2024,17,2024,40,1764,2.2675736961451247,Very Low,73,1638,4.456700,Low,11,1112,0.989200,Very Low,,,,,,673877.000000,4,,,0.59358013406007304,,,Very Low,,,,0,0,0,0.000000,0.000000,0.000000,,,
2024/2025,0-17 yrs,Greater Sierra-Sacramento,04/19/2025,16,2025,17,1591,1.0685103708359522,Very Low,158,1746,9.049300,Moderate,31,1213,2.555600,Low,,,,,,662349.000000,1,7,3,0.15097780777203559,1.0568446544042491,0.45293342331610675,Very Low,Low,Very Low,,0,0,0,0.000000,0.000000,0.000000,,,
2025/2026,0-17 yrs,Rural North,11/01/2025,44,2025,4,214,1.8691588785046727,Very Low,0,279,0.000000,Very Low,1,177,0.565000,Very Low,,,,,,144328.000000,0,0,0,0,0,0,Very Low,Very Low,Very Low,,0,0,0,0.000000,0.000000,0.000000,,,
2025/2026,0-17 yrs,Los Angeles,11/15/2025,46,2025,41,3411,1.2019935502785108,Very Low,103,2960,3.479700,Low,55,2361,2.329500,Low,67,5,,,,1891916.000000,2,6,3,0.1057129386294106,0.31713881588823178,0.15856940794411589,Very Low,Very Low,Very Low,,0,0,0,0.000000,0.000000,0.000000,,,
2024/2025,0-17 yrs,Greater Sierra-Sacramento,07/20/2024,29,2024,145,1148,12.630662020905921,Moderate,14,706,1.983000,Very Low,1,401,0.249400,Very Low,,,,,,662349.000000,3,,,0.45293342331610698,,,Very Low,,,,0,0,0,0.000000,0.000000,0.000000,,,
2023/2024,0-17 yrs,Greater Sierra-Sacramento,02/10/2024,6,2024,131,2665,4.9155722326454034,Low,217,1964,11.048900,Moderate,169,1419,11.909800,Very High,,,,,,673877.000000,7,,,1.0387652346051299,,,Very Low,,,,0,0,0,0.000000,0.000000,0.000000,,,
2023/2024,0-17 yrs,Greater Sierra-Sacramento,01/20/2024,3,2024,144,2632,5.4711246200607899,Low,429,1904,22.531500,Very High,263,1379,19.071800,Very High,,,,,,673877.000000,4,,,0.59358013406007304,,,Very Low,,,,0,0,0,0.000000,0.000000,0.000000,,,
2023/2024,0-17 yrs,Greater Sierra-Sacramento,12/09/2023,49,2023,142,2914,4.8730267673301304,Low,514,2418,21.257200,Very High,362,1604,22.568600,Very High,,,,,,,,,,,,,,,,,0,0,0,0.000000,0.000000,0.000000,,,
2024/2025,0-17 yrs,Greater Sierra-Sacramento,11/16/2024,46,2024,30,1711,1.7533606078316772,Very Low,95,1623,5.853400,Low,50,1149,4.351600,Moderate,,,,,,662349.000000,3,4,7,0.45293342331610675,0.60391123108814238,1.0568446544042491,Very Low,Very Low,Low,,0,0,0,0.000000,0.000000,0.000000,,,
2024/2025,0-17 yrs,Greater Sierra-Sacramento,10/26/2024,43,2024,50,1708,2.9274004683840751,Very Low,29,1526,1.900400,Very Low,22,1036,2.123600,Low,,,,,,662349.000000,2,,,0.30195561554407102,,,Very Low,,,,0,0,0,0.000000,0.000000,0.000000,,,
2023/2024,0-17 yrs,Rural North,04/13/2024,15,2024,5,326,1.5337423312883436,Very Low,25,298,8.389300,Low,4,204,1.960800,Low,,,,,,151044.000000,0,,,0,,,Very Low,,,,0,0,0,0.000000,0.000000,0.000000,,,
2023/2024,0-17 yrs,Greater Sierra-Sacramento,11/04/2023,44,2023,124,2154,5.7567316620241415,Low,207,1294,15.996900,High,120,768,15.625000,Very High,,,,,,,,,,,,,,,,,0,0,0,0.000000,0.000000,0.000000,,,
2023/2024,0-17 yrs,Greater Sierra-Sacramento,10/28/2023,43,2023,99,1797,5.5091819699499167,Low,154,783,19.667900,High,69,454,15.198200,Very High,,,,,,,,,,,,,,,,,0,0,0,0.000000,0.000000,0.000000,,,
2024/2025,0-17 yrs,Rural North,06/21/2025,25,2025,4,143,2.7972027972027971,Very Low,8,168,4.761900,Low,0,148,0.000000,Very Low,,,,,,147863.000000,0,0,0,0,0,0,Very Low,Very Low,Very Low,,0,0,0,0.000000,0.000000,0.000000,,,
2023/2024,0-17 yrs,Greater Sierra-Sacramento,03/23/2024,12,2024,54,2300,2.3478260869565215,Very Low,196,2112,9.280300,Moderate,41,1580,2.594900,Low,,,,,,673877.000000,4,,,0.59358013406007304,,,Very Low,,,,0,0,0,0.000000,0.000000,0.000000,,,
2025/2026,0-17 yrs,Rural North,10/11/2025,41,2025,7,212,3.3018867924528301,Low,1,286,0.349700,Very Low,0,184,0.000000,Very Low,,,,,,144328.000000,0,0,0,0,0,0,Very Low,Very Low,Very Low,,0,0,0,0.000000,0.000000,0.000000,,,
2024/2025,0-17 yrs,Greater Sierra-Sacramento,09/14/2024,37,2024,154,1624,9.4827586206896548,Moderate,18,998,1.803600,Very Low,7,603,1.160900,Low,,,,,,662349.000000,5,,,0.754889038860178,,,Very Low,,,,0,0,0,0.000000,0.000000,0.000000,,,
2025/2026,0-17 yrs,Bay Area,11/15/2025,46,2025,22,4767,0.46150618837843504,Very Low,115,3625,3.172400,Low,198,3242,6.107300,Moderate,105,3,,,,1642980.000000,0,1,17,0,0.060865013572898023,1.0347052307392663,Very Low,Very Low,Low,,0,0,0,0.000000,0.000000,0.000000,,,
2023/2024,0-17 yrs,Greater Sierra-Sacramento,12/30/2023,52,2023,205,3361,6.0993751859565606,Low,615,2457,25.030500,Very High,508,1813,28.019900,Very High,,,,,,,,,,,,,,,,,0,0,0,0.000000,0.000000,0.000000,,,
2024/2025,0-17 yrs,Greater Sierra-Sacramento,12/21/2024,51,2024,45,2985,1.5075376884422109,Very Low,823,3112,26.446000,Very High,413,2240,18.437500,Very High,,,,,,662349.000000,7,8,22,1.0568446544042491,1.2078224621762848,3.3215117709847828,Very Low,Low,Very High,,0,0,0,0.000000,0.000000,0.000000,,,
2023/2024,0-17 yrs,Rural North,09/23/2023,38,2023,18,254,7.0866141732283463,Low,2,142,1.408500,Very Low,1,79,1.265800,Low,,,,,,,,,,,,,,,,,0,0,0,0.000000,0.000000,0.000000,,,
2023/2024,0-17 yrs,Greater Sierra-Sacramento,08/26/2023,34,2023,237,1697,13.965822038892162,High,10,451,2.217300,Low,1,204,0.490200,Very Low,,,,,,,,,,,,,,,,,0,0,0,0.000000,0.000000,0.000000,,,
2023/2024,0-17 yrs,Greater Sierra-Sacramento,06/22/2024,25,2024,78,1170,6.666666666666667,Low,22,820,2.682900,Low,3,479,0.626300,Very Low,,,,,,673877.000000,0,,,0,,,Very Low,,,,0,0,0,0.000000,0.000000,0.000000,,,
2023/2024,0-17 yrs,Greater Sierra-Sacramento,07/15/2023,28,2023,57,989,5.7633973710819006,Low,8,239,3.347300,Low,0,78,0.000000,Very Low,,,,,,,,,,,,,,,,,0,0,0,0.000000,0.000000,0.000000,,,
2024/2025,0-17 yrs,Greater Sierra-Sacramento,08/10/2024,32,2024,188,1217,15.447822514379622,High,6,616,0.974000,Very Low,3,366,0.819700,Very Low,,,,,,662349.000000,11,,,1.6607558854923901,,,Very Low,,,,0,0,0,0.000000,0.000000,0.000000,,,
2023/2024,0-17 yrs,Greater Sierra-Sacramento,09/30/2023,39,2023,120,1790,6.7039106145251397,Low,17,564,3.014200,Low,16,298,5.369100,Moderate,,,,,,,,,,,,,,,,,0,0,0,0.000000,0.000000,0.000000,,,
2023/2024,0-17 yrs,Rural North,07/15/2023,28,2023,10,152,6.5789473684210522,Low,0,60,0.000000,Very Low,0,18,0.000000,Very Low,,,,,,,,,,,,,,,,,0,0,0,0.000000,0.000000,0.000000,,,
2025/2026,0-17 yrs,Greater Sierra-Sacramento,11/15/2025,46,2025,9,1293,0.6960556844547563,Very Low,31,1248,2.484000,Low,9,1002,0.898200,Very Low,29,2,,,,650543.000000,1,2,2,0.15371774041070305,0.30743548082140609,0.30743548082140609,Very Low,Very Low,Very Low,,0,0,0,0.000000,0.000000,0.000000,,,
2023/2024,0-17 yrs,Rural North,04/27/2024,17,2024,3,334,0.89820359281437123,Very Low,22,306,7.189500,Low,5,226,2.212400,Low,,,,,,151044.000000,0,,,0,,,Very Low,,,,0,0,0,0.000000,0.000000,0.000000,,,
2025/2026,0-17 yrs,Rural North,11/15/2025,46,2025,3,211,1.4218009478672986,Very Low,3,298,1.006700,Very Low,3,225,1.333300,Low,1,0,,,,144328.000000,0,0,1,0,0,0.69286624909927386,Very Low,Very Low,Low,,0,0,0,0.000000,0.000000,0.000000,,,
2025/2026,0-17 yrs,Greater Sierra-Sacramento,11/01/2025,44,2025,30,1457,2.0590253946465338,Very Low,38,1462,2.599200,Low,9,1028,0.875500,Very Low,32,2,,,,650543.000000,2,0,1,0.30743548082140609,0,0.15371774041070305,Very Low,Very Low,Very Low,,0,0,0,0.000000,0.000000,0.000000,,,
2023/2024,0-17 yrs,Rural North,12/16/2023,50,2023,26,529,4.9149338374291114,Low,76,416,18.269200,High,63,263,23.954400,Very High,,,,,,,,,,,,,,,,,0,0,0,0.000000,0.000000,0.000000,,,
2023/2024,0-17 yrs,Rural North,09/09/2023,36,2023,36,248,14.516129032258066,High,0,138,0.000000,Very Low,0,61,0.000000,Very Low,,,,,,,,,,,,,,,,,0,0,0,0.000000,0.000000,0.000000,,,
2023/2024,0-17 yrs,Greater Sierra-Sacramento,01/06/2024,1,2024,140,2631,5.32117065754466,Low,390,1857,21.001600,Very High,415,1380,30.072500,Very High,,,,,,,,,,,,,,,,,0,0,0,0.000000,0.000000,0.000000,,,
2023/2024,0-17 yrs,Central California,07/08/2023,27,2023,75,3061,2.4501796798431887,Very Low,10,181,5.524900,Low,0,158,0.000000,Very Low,,,,,,,,,,,,,,,,14,1,0,0,7.142857,0.000000,0.000000,,,
2023/2024,18-64 yrs,Southern California,07/08/2023,27,2023,867,13323,6.5075433460932226,Low,53,2355,2.250500,Low,0,1938,0.000000,Very Low,,,,,,,,,,,,,,,,427,2,0,0,0.468384,0.000000,0.000000,,,
2023/2024,18-64 yrs,Central California,07/15/2023,28,2023,451,9836,4.5851972346482315,Low,11,661,1.664100,Very Low,1,456,0.219300,Very Low,,,,,,,,,,,,,,,,223,2,0,0,0.896861,0.000000,0.000000,,,
2023/2024,18-64 yrs,Greater Sierra-Sacramento,07/15/2023,28,2023,229,3927,5.8314234784823018,Low,11,336,3.273800,Low,1,123,0.813000,Very Low,,,,,,,,,,,,,,,,15,0,0,0,0.000000,0.000000,0.000000,,,
2023/2024,>64 yrs,Los Angeles,07/15/2023,28,2023,562,12419,4.5253241001690956,Low,15,1019,1.472000,Very Low,1,766,0.130500,Very Low,,,,,,,,,,,,,,,,857,8,0,0,0.933489,0.000000,0.000000,,,
2023/2024,0-17 yrs,Greater Sierra-Sacramento,07/22/2023,29,2023,61,939,6.496272630457935,Low,6,199,3.015100,Low,0,61,0.000000,Very Low,,,,,,,,,,,,,,,,2,0,0,0,0.000000,0.000000,0.000000,,,
2023/2024,>64 yrs,Rural North,07/22/2023,29,2023,22,268,8.2089552238805972,Moderate,0,98,0.000000,Very Low,0,47,0.000000,Very Low,,,,,,,,,,,,,,,,112,2,0,0,1.785714,0.000000,0.000000,,,
2023/2024,0-17 yrs,Bay Area,07/29/2023,30,2023,280,6400,4.375,Low,48,459,10.457500,Moderate,8,477,1.677100,Low,,,,,,,,,,,,,,,,8,0,0,0,0.000000,0.000000,0.000000,,,
2023/2024,>64 yrs,Bay Area,07/29/2023,30,2023,798,9959,8.0128526960538213,Moderate,11,513,2.144200,Low,3,397,0.755700,Very Low,,,,,,,,,,,,,,,,765,27,0,0,3.529412,0.000000,0.000000,,,
2023/2024,18-64 yrs,Los Angeles,08/05/2023,31,2023,1994,17763,11.225581264426054,Moderate,61,2685,2.271900,Low,0,648,0.000000,Very Low,,,,,,,,,,,,,,,,350,2,0,0,0.571429,0.000000,0.000000,,,
2023/2024,0-17 yrs,Rural North,08/05/2023,31,2023,16,151,10.596026490066226,Moderate,1,73,1.369900,Very Low,1,41,2.439000,Low,,,,,,,,,,,,,,,,3,0,0,0,0.000000,0.000000,0.000000,,,
2023/2024,18-64 yrs,Rural North,08/05/2023,31,2023,81,637,12.71585557299843,Moderate,0,129,0.000000,Very Low,0,60,0.000000,Very Low,,,,,,,,,,,,,,,,28,0,0,0,0.000000,0.000000,0.000000,,,
2023/2024,>64 yrs,Los Angeles,08/12/2023,32,2023,1042,12584,8.2803560076287344,Moderate,25,2285,1.094100,Very Low,1,684,0.146200,Very Low,,,,,,,,,,,,,,,,861,8,0,0,0.929152,0.000000,0.000000,,,
2023/2024,18-64 yrs,Rural North,08/12/2023,32,2023,80,742,10.781671159029651,Moderate,2,164,1.219500,Very Low,0,82,0.000000,Very Low,,,,,,,,,,,,,,,,33,0,0,0,0.000000,0.000000,0.000000,,,
2023/2024,>64 yrs,Southern California,08/12/2023,32,2023,1092,7708,14.167099117799689,High,22,3206,0.686200,Very Low,3,1468,0.204400,Very Low,,,,,,,,,,,,,,,,1271,21,0,0,1.652242,0.000000,0.000000,,,
2023/2024,18-64 yrs,Rural North,08/19/2023,33,2023,124,735,16.870748299319725,High,1,168,0.595200,Very Low,0,91,0.000000,Very Low,,,,,,,,,,,,,,,,37,1,0,0,2.702703,0.000000,0.000000,,,
2023/2024,18-64 yrs,Rural North,08/26/2023,34,2023,125,653,19.142419601837673,Very High,0,174,0.000000,Very Low,0,68,0.000000,Very Low,,,,,,,,,,,,,,,,29,0,0,0,0.000000,0.000000,0.000000,,,
2023/2024,18-64 yrs,Central California,09/02/2023,35,2023,1428,10858,13.151593295266162,High,8,1332,0.600600,Very Low,1,1085,0.092200,Very Low,,,,,,,,,,,,,,,,154,1,0,0,0.649351,0.000000,0.000000,,,
2023/2024,>64 yrs,Greater Sierra-Sacramento,09/02/2023,35,2023,338,2094,16.141356255969434,High,12,396,3.030300,Low,0,203,0.000000,Very Low,,,,,,,,,,,,,,,,53,1,0,0,1.886792,0.000000,0.000000,,,
2023/2024,0-17 yrs,Southern California,09/02/2023,35,2023,1039,7688,13.514568158168574,High,41,3026,1.354900,Very Low,39,2078,1.876800,Low,,,,,,,,,,,,,,,,17,1,0,0,5.882353,0.000000,0.000000,,,
2023/2024,0-17 yrs,Central California,09/09/2023,36,2023,335,3427,9.7753136854391585,Moderate,16,993,1.611300,Very Low,1,855,0.117000,Very Low,,,,,,,,,,,,,,,,8,0,0,0,0.000000,0.000000,0.000000,,,
2023/2024,>64 yrs,Greater Sierra-Sacramento,09/09/2023,36,2023,395,2171,18.194380469829571,Very High,7,400,1.750000,Very Low,0,195,0.000000,Very Low,,,,,,,,,,,,,,,,45,4,0,0,8.888889,0.000000,0.000000,,,
2023/2024,18-64 yrs,Los Angeles,09/09/2023,36,2023,3309,25233,13.113779574366902,High,51,5046,1.010700,Very Low,5,1655,0.302100,Very Low,,,,,,,,,,,,,,,,312,2,0,0,0.641026,0.000000,0.000000,,,
2023/2024,0-17 yrs,Southern California,09/09/2023,36,2023,796,6901,11.534560208665411,Moderate,38,2893,1.313500,Very Low,37,2027,1.825400,Low,,,,,,,,,,,,,,,,13,0,1,1,0.000000,7.692308,7.692308,,,
2023/2024,>64 yrs,Southern California,09/09/2023,36,2023,1455,9537,15.256369927650205,High,32,4200,0.761900,Very Low,6,1837,0.326600,Very Low,,,,,,,,,,,,,,,,1307,40,0,0,3.060444,0.000000,0.000000,,,
2023/2024,0-17 yrs,Bay Area,09/16/2023,37,2023,432,8918,4.8441354563803545,Low,62,1907,3.251200,Low,91,1359,6.696100,Moderate,,,,,,,,,,,,,,,,11,0,0,0,0.000000,0.000000,0.000000,,,
2023/2024,>64 yrs,Central California,09/16/2023,37,2023,455,3784,12.02431289640592,Moderate,10,799,1.251600,Very Low,1,601,0.166400,Very Low,,,,,,,,,,,,,,,,438,9,0,0,2.054795,0.000000,0.000000,,,
2023/2024,>64 yrs,Greater Sierra-Sacramento,09/16/2023,37,2023,503,2310,21.774891774891774,Very High,6,499,1.202400,Very Low,0,254,0.000000,Very Low,,,,,,,,,,,,,,,,38,3,0,0,7.894737,0.000000,0.000000,,,
2023/2024,0-17 yrs,Bay Area,09/23/2023,38,2023,321,9207,3.4864776800260668,Low,74,2149,3.443500,Low,137,1453,9.428800,High,,,,,,,,,,,,,,,,11,0,0,0,0.000000,0.000000,0.000000,,,
2023/2024,18-64 yrs,Central California,09/23/2023,38,2023,836,10141,8.2437629425105996,Moderate,17,1470,1.156500,Very Low,0,959,0.000000,Very Low,,,,,,,,,,,,,,,,194,0,0,0,0.000000,0.000000,0.000000,,,
2023/2024,>64 yrs,Rural North,09/23/2023,38,2023,81,357,22.689075630252102,Very High,0,199,0.000000,Very Low,0,140,0.000000,Very Low,,,,,,,,,,,,,,,,116,5,0,0,4.310345,0.000000,0.000000,,,
2023/2024,>64 yrs,Los Angeles,09/30/2023,39,2023,969,17133,5.6557520574330242,Low,17,3483,0.488100,Very Low,3,1592,0.188400,Very Low,,,,,,,,,,,,,,,,912,35,0,0,3.837719,0.000000,0.000000,,,
2023/2024,>64 yrs,Bay Area,07/08/2023,27,2023,614,9581,6.4085168562780499,Low,15,485,3.092800,Low,2,481,0.415800,Very Low,,,,,,,,,,,,,,,,810,19,1,0,2.345679,0.123457,0.000000,,,
2023/2024,>64 yrs,Central California,07/08/2023,27,2023,180,2717,6.6249539933750459,Low,4,227,1.762100,Very Low,0,189,0.000000,Very Low,,,,,,,,,,,,,,,,419,5,0,0,1.193317,0.000000,0.000000,,,
2023/2024,18-64 yrs,Rural North,07/08/2023,27,2023,42,611,6.8739770867430439,Low,4,91,4.395600,Low,0,26,0.000000,Very Low,,,,,,,,,,,,,,,,35,0,0,0,0.000000,0.000000,0.000000,,,
2023/2024,0-17 yrs,Southern California,07/08/2023,27,2023,129,3350,3.8507462686567164,Low,25,609,4.105100,Low,6,484,1.239700,Low,,,,,,,,,,,,,,,,19,0,0,0,0.000000,0.000000,0.000000,,,
2023/2024,0-17 yrs,Central California,07/15/2023,28,2023,103,2440,4.221311475409836,Low,11,367,2.997300,Low,1,307,0.325700,Very Low,,,,,,,,,,,,,,,,13,0,0,0,0.000000,0.000000,0.000000,,,
2023/2024,>64 yrs,Central California,07/15/2023,28,2023,191,2465,7.7484787018255581,Low,5,429,1.165500,Very Low,0,342,0.000000,Very Low,,,,,,,,,,,,,,,,460,7,0,0,1.521739,0.000000,0.000000,,,
2023/2024,18-64 yrs,Los Angeles,07/15/2023,28,2023,1137,17775,6.3966244725738388,Low,69,1814,3.803700,Low,2,1375,0.145500,Very Low,,,,,,,,,,,,,,,,362,4,0,0,1.104972,0.000000,0.000000,,,
2023/2024,18-64 yrs,Southern California,07/15/2023,28,2023,930,13825,6.7269439421338157,Low,53,2339,2.265900,Low,1,1768,0.056600,Very Low,,,,,,,,,,,,,,,,436,6,0,0,1.376147,0.000000,0.000000,,,
2023/2024,18-64 yrs,Bay Area,07/22/2023,29,2023,1252,24867,5.0347850565005832,Low,32,796,4.020100,Low,1,699,0.143100,Very Low,,,,,,,,,,,,,,,,233,2,0,0,0.858369,0.000000,0.000000,,,
2023/2024,>64 yrs,Central California,07/22/2023,29,2023,209,2484,8.4138486312399348,Moderate,3,409,0.733500,Very Low,0,327,0.000000,Very Low,,,,,,,,,,,,,,,,455,3,0,0,0.659341,0.000000,0.000000,,,
2023/2024,>64 yrs,Central California,07/29/2023,30,2023,206,2628,7.8386605783866052,Low,3,464,0.646600,Very Low,1,388,0.257700,Very Low,,,,,,,,,,,,,,,,397,7,0,0,1.763224,0.000000,0.000000,,,
2023/2024,>64 yrs,Los Angeles,07/29/2023,30,2023,701,11424,6.136204481792717,Low,23,1507,1.526200,Very Low,1,680,0.147100,Very Low,,,,,,,,,,,,,,,,885,10,0,0,1.129944,0.000000,0.000000,,,
2023/2024,>64 yrs,Bay Area,08/12/2023,32,2023,1017,10104,10.065320665083135,Moderate,19,1121,1.694900,Very Low,3,587,0.511100,Very Low,,,,,,,,,,,,,,,,802,14,0,0,1.745636,0.000000,0.000000,,,
2023/2024,0-17 yrs,Southern California,08/12/2023,32,2023,598,4201,14.234706022375626,High,26,1736,1.497700,Very Low,11,1222,0.900200,Very Low,,,,,,,,,,,,,,,,14,0,0,0,0.000000,0.000000,0.000000,,,
2023/2024,0-17 yrs,Bay Area,08/26/2023,34,2023,703,8980,7.8285077951002231,Low,46,1488,3.091400,Low,42,1131,3.713500,Low,,,,,,,,,,,,,,,,13,0,0,0,0.000000,0.000000,0.000000,,,
2023/2024,18-64 yrs,Bay Area,08/26/2023,34,2023,2753,28292,9.7306659126254775,Moderate,46,3045,1.510700,Very Low,5,1251,0.399700,Very Low,,,,,,,,,,,,,,,,217,2,0,0,0.921659,0.000000,0.000000,,,
2023/2024,0-17 yrs,Bay Area,09/02/2023,35,2023,674,9424,7.1519524617996595,Low,37,1694,2.184200,Low,50,1231,4.061700,Moderate,,,,,,,,,,,,,,,,9,0,0,0,0.000000,0.000000,0.000000,,,
2023/2024,0-17 yrs,Greater Sierra-Sacramento,09/02/2023,35,2023,284,2098,13.536701620591037,High,15,521,2.879100,Low,4,262,1.526700,Low,,,,,,,,,,,,,,,,1,0,0,0,0.000000,0.000000,0.000000,,,
2023/2024,18-64 yrs,Greater Sierra-Sacramento,09/02/2023,35,2023,873,5136,16.997663551401871,High,20,706,2.832900,Low,1,320,0.312500,Very Low,,,,,,,,,,,,,,,,8,0,0,0,0.000000,0.000000,0.000000,,,
2023/2024,18-64 yrs,Rural North,09/02/2023,35,2023,161,809,19.901112484548825,Very High,1,194,0.515500,Very Low,0,89,0.000000,Very Low,,,,,,,,,,,,,,,,26,0,0,0,0.000000,0.000000,0.000000,,,
2023/2024,>64 yrs,Southern California,09/02/2023,35,2023,1539,8860,17.370203160270879,Very High,30,4013,0.747600,Very Low,7,1860,0.376300,Very Low,,,,,,,,,,,,,,,,1368,34,0,0,2.485380,0.000000,0.000000,,,
2023/2024,18-64 yrs,Greater Sierra-Sacramento,09/09/2023,36,2023,761,4677,16.271113961941417,High,21,698,3.008600,Low,0,312,0.000000,Very Low,,,,,,,,,,,,,,,,19,0,0,0,0.000000,0.000000,0.000000,,,
2023/2024,18-64 yrs,Greater Sierra-Sacramento,09/16/2023,37,2023,784,5033,15.577190542420027,High,15,766,1.958200,Very Low,0,368,0.000000,Very Low,,,,,,,,,,,,,,,,9,0,0,0,0.000000,0.000000,0.000000,,,
2023/2024,18-64 yrs,Rural North,09/16/2023,37,2023,139,927,14.994606256742179,High,5,292,1.712300,Very Low,0,167,0.000000,Very Low,,,,,,,,,,,,,,,,19,0,0,0,0.000000,0.000000,0.000000,,,
2023/2024,0-17 yrs,Southern California,09/16/2023,37,2023,612,6940,8.8184438040345832,Moderate,42,2685,1.564200,Very Low,47,1935,2.428900,Low,,,,,,,,,,,,,,,,24,0,0,0,0.000000,0.000000,0.000000,,,
2023/2024,0-17 yrs,Los Angeles,09/23/2023,38,2023,349,4920,7.0934959349593498,Low,32,2059,1.554200,Very Low,20,1153,1.734600,Low,,,,,,,,,,,,,,,,8,0,0,0,0.000000,0.000000,0.000000,,,
2023/2024,>64 yrs,Los Angeles,09/23/2023,38,2023,1200,17510,6.8532267275842367,Low,25,3468,0.720900,Very Low,3,1485,0.202000,Very Low,,,,,,,,,,,,,,,,852,26,0,0,3.051643,0.000000,0.000000,,,
2023/2024,18-64 yrs,Rural North,09/23/2023,38,2023,90,840,10.714285714285714,Moderate,3,276,1.087000,Very Low,1,163,0.613500,Very Low,,,,,,,,,,,,,,,,38,0,0,0,0.000000,0.000000,0.000000,,,
2023/2024,>64 yrs,Southern California,09/23/2023,38,2023,1409,9389,15.006922994994143,High,30,4169,0.719600,Very Low,10,1843,0.542600,Very Low,,,,,,,,,,,,,,,,1360,41,0,2,3.014706,0.000000,0.147059,,,
2023/2024,0-17 yrs,Rural North,09/30/2023,39,2023,14,269,5.2044609665427508,Low,0,144,0.000000,Very Low,0,83,0.000000,Very Low,,,,,,,,,,,,,,,,1,0,0,0,0.000000,0.000000,0.000000,,,
2023/2024,0-17 yrs,Southern California,09/30/2023,39,2023,374,6343,5.896263597666719,Low,45,2865,1.570700,Very Low,87,2096,4.150800,Moderate,,,,,,,,,,,,,,,,21,0,0,0,0.000000,0.000000,0.000000,,,
2023/2024,18-64 yrs,Bay Area,07/08/2023,27,2023,991,24616,4.0258368540786478,Low,30,906,3.311300,Low,0,777,0.000000,Very Low,,,,,,,,,,,,,,,,249,3,0,0,1.204819,0.000000,0.000000,,,
2023/2024,0-17 yrs,Greater Sierra-Sacramento,07/08/2023,27,2023,45,924,4.8701298701298708,Low,7,203,3.448300,Low,0,64,0.000000,Very Low,,,,,,,,,,,,,,,,1,0,0,0,0.000000,0.000000,0.000000,,,
2023/2024,>64 yrs,Los Angeles,07/08/2023,27,2023,462,12082,3.8238702201622248,Low,20,1163,1.719700,Very Low,2,855,0.233900,Very Low,,,,,,,,,,,,,,,,849,8,0,0,0.942285,0.000000,0.000000,,,
2023/2024,0-17 yrs,Bay Area,07/15/2023,28,2023,200,6758,2.9594554601953238,Very Low,32,325,9.846200,Moderate,10,386,2.590700,Low,,,,,,,,,,,,,,,,13,0,0,0,0.000000,0.000000,0.000000,,,
2023/2024,18-64 yrs,Bay Area,07/15/2023,28,2023,1217,25234,4.8228580486645001,Low,55,946,5.814000,Low,3,778,0.385600,Very Low,,,,,,,,,,,,,,,,249,3,0,0,1.204819,0.000000,0.000000,,,
2023/2024,0-17 yrs,Southern California,07/15/2023,28,2023,159,3265,4.8698315467075037,Low,26,604,4.304600,Low,12,517,2.321100,Low,,,,,,,,,,,,,,,,11,0,0,0,0.000000,0.000000,0.000000,,,
2023/2024,18-64 yrs,Los Angeles,07/22/2023,29,2023,1227,17667,6.9451519782645601,Low,48,1586,3.026500,Low,0,1185,0.000000,Very Low,,,,,,,,,,,,,,,,351,4,0,0,1.139601,0.000000,0.000000,,,
2023/2024,18-64 yrs,Greater Sierra-Sacramento,07/29/2023,30,2023,325,4152,7.8275529865125248,Low,7,303,2.310200,Low,0,122,0.000000,Very Low,,,,,,,,,,,,,,,,16,0,0,0,0.000000,0.000000,0.000000,,,
2023/2024,>64 yrs,Southern California,07/29/2023,30,2023,749,6568,11.403775883069429,Moderate,30,2399,1.250500,Very Low,2,1196,0.167200,Very Low,,,,,,,,,,,,,,,,1295,24,0,0,1.853282,0.000000,0.000000,,,
2023/2024,0-17 yrs,Bay Area,08/05/2023,31,2023,352,6848,5.1401869158878499,Low,34,538,6.319700,Low,25,541,4.621100,Moderate,,,,,,,,,,,,,,,,14,1,0,0,7.142857,0.000000,0.000000,,,
2023/2024,>64 yrs,Bay Area,08/19/2023,33,2023,1171,10276,11.395484624367459,Moderate,15,1261,1.189500,Very Low,9,653,1.378300,Low,,,,,,,,,,,,,,,,830,25,0,0,3.012048,0.000000,0.000000,,,
2023/2024,0-17 yrs,Southern California,08/19/2023,33,2023,804,5188,15.497301464919044,High,38,2041,1.861800,Very Low,14,1445,0.968900,Very Low,,,,,,,,,,,,,,,,21,0,0,0,0.000000,0.000000,0.000000,,,
2023/2024,>64 yrs,Bay Area,08/26/2023,34,2023,1236,10129,12.202586632441506,Moderate,11,1178,0.933800,Very Low,6,637,0.941900,Very Low,,,,,,,,,,,,,,,,820,26,1,0,3.170732,0.121951,0.000000,,,
2023/2024,0-17 yrs,Central California,08/26/2023,34,2023,524,3565,14.698457223001402,High,14,1035,1.352700,Very Low,4,879,0.455100,Very Low,,,,,,,,,,,,,,,,19,0,0,0,0.000000,0.000000,0.000000,,,
2023/2024,18-64 yrs,Bay Area,09/02/2023,35,2023,2595,28576,9.0810470324748032,Moderate,50,3466,1.442600,Very Low,10,1421,0.703700,Very Low,,,,,,,,,,,,,,,,224,1,0,0,0.446429,0.000000,0.000000,,,
2023/2024,0-17 yrs,Central California,09/02/2023,35,2023,543,3880,13.994845360824742,High,10,1155,0.865800,Very Low,2,1015,0.197000,Very Low,,,,,,,,,,,,,,,,12,0,0,0,0.000000,0.000000,0.000000,,,
2023/2024,0-17 yrs,Central California,09/16/2023,37,2023,251,3317,7.5670786855592409,Low,14,853,1.641300,Very Low,4,797,0.501900,Very Low,,,,,,,,,,,,,,,,6,0,0,0,0.000000,0.000000,0.000000,,,
2023/2024,18-64 yrs,Central California,09/16/2023,37,2023,1000,10130,9.8716683119447186,Moderate,22,1266,1.737800,Very Low,1,963,0.103800,Very Low,,,,,,,,,,,,,,,,169,3,0,0,1.775148,0.000000,0.000000,,,
2023/2024,18-64 yrs,Los Angeles,09/16/2023,37,2023,2882,24393,11.814864920264011,Moderate,38,4836,0.785800,Very Low,10,1760,0.568200,Very Low,,,,,,,,,,,,,,,,322,3,0,0,0.931677,0.000000,0.000000,,,
2023/2024,>64 yrs,Southern California,09/16/2023,37,2023,1580,9382,16.840758900021317,High,24,4177,0.574600,Very Low,10,1839,0.543800,Very Low,,,,,,,,,,,,,,,,1312,44,0,0,3.353659,0.000000,0.000000,,,
2023/2024,18-64 yrs,Greater Sierra-Sacramento,09/23/2023,38,2023,616,4628,13.31028522039758,High,17,825,2.060600,Low,2,315,0.634900,Very Low,,,,,,,,,,,,,,,,9,0,0,0,0.000000,0.000000,0.000000,,,
2023/2024,18-64 yrs,Los Angeles,09/23/2023,38,2023,2200,23162,9.4983162075813841,Moderate,41,5085,0.806300,Very Low,8,1976,0.404900,Very Low,,,,,,,,,,,,,,,,304,4,0,0,1.315789,0.000000,0.000000,,,
2023/2024,18-64 yrs,Bay Area,09/30/2023,39,2023,1462,28223,5.1801721999787409,Low,65,4704,1.381800,Very Low,28,1887,1.483800,Low,,,,,,,,,,,,,,,,214,7,0,0,3.271028,0.000000,0.000000,,,
2023/2024,18-64 yrs,Greater Sierra-Sacramento,09/30/2023,39,2023,521,4607,11.308877794660299,Moderate,26,887,2.931200,Low,2,381,0.524900,Very Low,,,,,,,,,,,,,,,,8,0,0,0,0.000000,0.000000,0.000000,,,
2023/2024,0-17 yrs,Los Angeles,09/30/2023,39,2023,264,4983,5.298013245033113,Low,35,2080,1.682700,Very Low,58,1209,4.797400,Moderate,,,,,,,,,,,,,,,,12,0,0,0,0.000000,0.000000,0.000000,,,
2023/2024,0-17 yrs,Rural North,07/08/2023,27,2023,8,139,5.755395683453238,Low,2,30,6.666700,Low,0,16,0.000000,Very Low,,,,,,,,,,,,,,,,1,0,0,0,0.000000,0.000000,0.000000,,,
2023/2024,>64 yrs,Bay Area,07/15/2023,28,2023,633,9351,6.7693294834777022,Low,22,494,4.453400,Low,2,546,0.366300,Very Low,,,,,,,,,,,,,,,,751,13,0,0,1.731025,0.000000,0.000000,,,
2023/2024,18-64 yrs,Rural North,07/15/2023,28,2023,46,637,7.2213500784929359,Low,0,89,0.000000,Very Low,0,28,0.000000,Very Low,,,,,,,,,,,,,,,,34,0,0,0,0.000000,0.000000,0.000000,,,
2023/2024,>64 yrs,Bay Area,07/22/2023,29,2023,744,9780,7.6073619631901845,Low,9,439,2.050100,Low,1,469,0.213200,Very Low,,,,,,,,,,,,,,,,795,15,0,1,1.886792,0.000000,0.125786,,,
2023/2024,18-64 yrs,Central California,07/22/2023,29,2023,484,11547,4.1915649086342777,Low,12,743,1.615100,Very Low,0,620,0.000000,Very Low,,,,,,,,,,,,,,,,182,1,0,0,0.549451,0.000000,0.000000,,,
2023/2024,18-64 yrs,Bay Area,07/29/2023,30,2023,1499,24453,6.1301271827587618,Low,46,1253,3.671200,Low,3,550,0.545500,Very Low,,,,,,,,,,,,,,,,230,4,0,0,1.739130,0.000000,0.000000,,,
2023/2024,>64 yrs,Greater Sierra-Sacramento,07/29/2023,30,2023,178,1820,9.780219780219781,Moderate,3,225,1.333300,Very Low,0,110,0.000000,Very Low,,,,,,,,,,,,,,,,51,0,0,0,0.000000,0.000000,0.000000,,,
2023/2024,>64 yrs,Bay Area,08/05/2023,31,2023,909,9869,9.2106596413010422,Moderate,18,731,2.462400,Low,1,469,0.213200,Very Low,,,,,,,,,,,,,,,,769,18,0,0,2.340702,0.000000,0.000000,,,
2023/2024,0-17 yrs,Southern California,08/05/2023,31,2023,394,3730,10.563002680965146,Moderate,38,1437,2.644400,Low,8,977,0.818800,Very Low,,,,,,,,,,,,,,,,17,0,0,0,0.000000,0.000000,0.000000,,,
2023/2024,18-64 yrs,Los Angeles,08/12/2023,32,2023,2561,19142,13.378957266743289,High,68,3045,2.233200,Low,5,734,0.681200,Very Low,,,,,,,,,,,,,,,,330,3,0,0,0.909091,0.000000,0.000000,,,
2023/2024,0-17 yrs,Bay Area,08/19/2023,33,2023,578,8011,7.2150792660092371,Low,71,1252,5.670900,Low,27,879,3.071700,Low,,,,,,,,,,,,,,,,9,0,0,0,0.000000,0.000000,0.000000,,,
2023/2024,0-17 yrs,Central California,08/19/2023,33,2023,444,2922,15.195071868583163,High,6,846,0.709200,Very Low,0,733,0.000000,Very Low,,,,,,,,,,,,,,,,8,0,0,0,0.000000,0.000000,0.000000,,,
2023/2024,18-64 yrs,Los Angeles,08/19/2023,33,2023,3108,21360,14.55056179775281,High,54,3469,1.556600,Very Low,1,866,0.115500,Very Low,,,,,,,,,,,,,,,,325,4,0,0,1.230769,0.000000,0.000000,,,
2023/2024,0-17 yrs,Rural North,08/19/2023,33,2023,36,160,22.5,Very High,2,65,3.076900,Low,0,31,0.000000,Very Low,,,,,,,,,,,,,,,,2,0,0,0,0.000000,0.000000,0.000000,,,
2023/2024,>64 yrs,Central California,08/26/2023,34,2023,450,3506,12.835139760410724,Moderate,2,585,0.341900,Very Low,0,449,0.000000,Very Low,,,,,,,,,,,,,,,,421,16,0,0,3.800475,0.000000,0.000000,,,
2023/2024,>64 yrs,Rural North,09/02/2023,35,2023,91,413,22.033898305084744,Very High,2,133,1.503800,Very Low,0,71,0.000000,Very Low,,,,,,,,,,,,,,,,112,4,0,0,3.571429,0.000000,0.000000,,,
2023/2024,18-64 yrs,Rural North,09/09/2023,36,2023,105,765,13.725490196078432,High,2,275,0.727300,Very Low,1,126,0.793700,Very Low,,,,,,,,,,,,,,,,36,0,0,0,0.000000,0.000000,0.000000,,,
2023/2024,0-17 yrs,Los Angeles,09/16/2023,37,2023,469,5097,9.2014910731803035,Moderate,34,1939,1.753500,Very Low,20,1040,1.923100,Low,,,,,,,,,,,,,,,,12,0,0,0,0.000000,0.000000,0.000000,,,
2023/2024,0-17 yrs,Central California,09/23/2023,38,2023,160,3430,4.6647230320699711,Low,21,983,2.136300,Low,4,886,0.451500,Very Low,,,,,,,,,,,,,,,,14,0,0,0,0.000000,0.000000,0.000000,,,
2023/2024,>64 yrs,Rural North,09/30/2023,39,2023,69,335,20.597014925373134,Very High,0,225,0.000000,Very Low,0,142,0.000000,Very Low,,,,,,,,,,,,,,,,104,8,0,0,7.692308,0.000000,0.000000,,,
2023/2024,>64 yrs,Southern California,09/30/2023,39,2023,1251,9009,13.886113886113884,High,28,4010,0.698300,Very Low,9,1721,0.523000,Very Low,,,,,,,,,,,,,,,,1279,38,2,0,2.971071,0.156372,0.000000,,,
2023/2024,18-64 yrs,Greater Sierra-Sacramento,07/08/2023,27,2023,238,4278,5.5633473585787758,Low,15,221,6.787300,Low,2,73,2.739700,Low,,,,,,,,,,,,,,,,20,0,0,0,0.000000,0.000000,0.000000,,,
2023/2024,0-17 yrs,Los Angeles,07/15/2023,28,2023,159,2861,5.5574973785389723,Low,25,341,7.331400,Low,1,210,0.476200,Very Low,,,,,,,,,,,,,,,,5,0,0,0,0.000000,0.000000,0.000000,,,
2023/2024,0-17 yrs,Los Angeles,07/22/2023,29,2023,189,2674,7.0680628272251314,Low,53,391,13.555000,Moderate,2,277,0.722000,Very Low,,,,,,,,,,,,,,,,15,0,0,0,0.000000,0.000000,0.000000,,,
2023/2024,>64 yrs,Los Angeles,07/22/2023,29,2023,587,12134,4.8376462831712539,Low,25,923,2.708600,Low,2,718,0.278600,Very Low,,,,,,,,,,,,,,,,900,6,0,0,0.666667,0.000000,0.000000,,,
2023/2024,18-64 yrs,Rural North,07/22/2023,29,2023,50,663,7.5414781297134237,Low,3,103,2.912600,Low,0,52,0.000000,Very Low,,,,,,,,,,,,,,,,43,0,0,0,0.000000,0.000000,0.000000,,,
2023/2024,0-17 yrs,Los Angeles,07/29/2023,30,2023,315,2828,11.138613861386139,Moderate,31,673,4.606200,Low,0,337,0.000000,Very Low,,,,,,,,,,,,,,,,16,0,0,0,0.000000,0.000000,0.000000,,,
2023/2024,18-64 yrs,Los Angeles,07/29/2023,30,2023,1605,17796,9.0188806473364806,Moderate,48,1963,2.445200,Low,2,791,0.252800,Very Low,,,,,,,,,,,,,,,,323,4,0,0,1.238390,0.000000,0.000000,,,
2023/2024,0-17 yrs,Rural North,07/29/2023,30,2023,10,128,7.8125,Low,2,62,3.225800,Low,1,24,4.166700,Moderate,,,,,,,,,,,,,,,,1,1,0,0,100.000000,0.000000,0.000000,,,
2023/2024,18-64 yrs,Rural North,07/29/2023,30,2023,66,664,9.9397590361445776,Moderate,3,124,2.419400,Low,0,52,0.000000,Very Low,,,,,,,,,,,,,,,,39,0,0,0,0.000000,0.000000,0.000000,,,
2023/2024,0-17 yrs,Central California,08/05/2023,31,2023,177,2541,6.9657615112160567,Low,6,411,1.459900,Very Low,2,379,0.527700,Very Low,,,,,,,,,,,,,,,,9,0,0,0,0.000000,0.000000,0.000000,,,
2023/2024,>64 yrs,Central California,08/05/2023,31,2023,296,2859,10.353270374256732,Moderate,1,468,0.213700,Very Low,0,376,0.000000,Very Low,,,,,,,,,,,,,,,,459,8,0,0,1.742919,0.000000,0.000000,,,
2023/2024,18-64 yrs,Greater Sierra-Sacramento,08/05/2023,31,2023,419,3960,10.580808080808081,Moderate,12,435,2.758600,Low,0,173,0.000000,Very Low,,,,,,,,,,,,,,,,7,0,0,0,0.000000,0.000000,0.000000,,,
2023/2024,>64 yrs,Los Angeles,08/05/2023,31,2023,836,11791,7.0901535069120518,Low,17,2122,0.801100,Very Low,0,659,0.000000,Very Low,,,,,,,,,,,,,,,,895,16,0,0,1.787709,0.000000,0.000000,,,
2023/2024,18-64 yrs,Central California,08/12/2023,32,2023,1013,9701,10.442222451293681,Moderate,11,977,1.125900,Very Low,1,753,0.132800,Very Low,,,,,,,,,,,,,,,,171,3,0,0,1.754386,0.000000,0.000000,,,
2023/2024,0-17 yrs,Los Angeles,08/19/2023,33,2023,576,3664,15.72052401746725,High,32,1237,2.586900,Low,7,623,1.123600,Low,,,,,,,,,,,,,,,,11,0,0,0,0.000000,0.000000,0.000000,,,
2023/2024,18-64 yrs,Southern California,08/19/2023,33,2023,2786,18851,14.779056813962125,High,57,4795,1.188700,Very Low,2,1927,0.103800,Very Low,,,,,,,,,,,,,,,,399,3,0,0,0.751880,0.000000,0.000000,,,
2023/2024,18-64 yrs,Central California,08/26/2023,34,2023,1398,10588,13.203626747261049,High,9,1184,0.760100,Very Low,0,915,0.000000,Very Low,,,,,,,,,,,,,,,,163,1,0,0,0.613497,0.000000,0.000000,,,
2023/2024,>64 yrs,Rural North,08/26/2023,34,2023,56,339,16.519174041297934,High,0,137,0.000000,Very Low,0,68,0.000000,Very Low,,,,,,,,,,,,,,,,99,1,0,0,1.010101,0.000000,0.000000,,,
2023/2024,0-17 yrs,Southern California,08/26/2023,34,2023,860,5881,14.623363373575923,High,42,2429,1.729100,Very Low,28,1674,1.672600,Low,,,,,,,,,,,,,,,,22,0,0,0,0.000000,0.000000,0.000000,,,
2023/2024,>64 yrs,Southern California,08/26/2023,34,2023,1348,8726,15.448086179234471,High,26,3748,0.693700,Very Low,4,1621,0.246800,Very Low,,,,,,,,,,,,,,,,1287,28,0,0,2.175602,0.000000,0.000000,,,
2023/2024,>64 yrs,Central California,09/02/2023,35,2023,440,3372,13.048635824436536,High,3,650,0.461500,Very Low,0,522,0.000000,Very Low,,,,,,,,,,,,,,,,426,11,0,0,2.582160,0.000000,0.000000,,,
2023/2024,>64 yrs,Bay Area,09/09/2023,36,2023,1145,10240,11.181640625,Moderate,20,1544,1.295300,Very Low,7,865,0.809200,Very Low,,,,,,,,,,,,,,,,796,16,0,0,2.010050,0.000000,0.000000,,,
2023/2024,18-64 yrs,Central California,09/09/2023,36,2023,1180,10746,10.980830076307463,Moderate,20,1412,1.416400,Very Low,0,1002,0.000000,Very Low,,,,,,,,,,,,,,,,153,1,0,1,0.653595,0.000000,0.653595,,,
2023/2024,>64 yrs,Central California,09/09/2023,36,2023,481,3745,12.843791722296396,Moderate,12,723,1.659800,Very Low,0,573,0.000000,Very Low,,,,,,,,,,,,,,,,464,10,1,0,2.155172,0.215517,0.000000,,,
2023/2024,>64 yrs,Los Angeles,09/09/2023,36,2023,1527,17417,8.7672963196876612,Moderate,22,3301,0.666500,Very Low,1,1252,0.079900,Very Low,,,,,,,,,,,,,,,,932,36,0,0,3.862661,0.000000,0.000000,,,
2023/2024,>64 yrs,Rural North,09/09/2023,36,2023,84,364,23.076923076923077,Very High,0,196,0.000000,Very Low,0,95,0.000000,Very Low,,,,,,,,,,,,,,,,121,5,1,0,4.132231,0.826446,0.000000,,,
2023/2024,>64 yrs,Bay Area,09/16/2023,37,2023,1191,10758,11.070831009481315,Moderate,54,1828,2.954000,Low,10,963,1.038400,Low,,,,,,,,,,,,,,,,789,19,1,0,2.408112,0.126743,0.000000,,,
2023/2024,>64 yrs,Los Angeles,09/16/2023,37,2023,1393,17337,8.0348387841033624,Moderate,32,3106,1.030300,Very Low,2,1217,0.164300,Very Low,,,,,,,,,,,,,,,,937,36,0,0,3.842049,0.000000,0.000000,,,
2023/2024,>64 yrs,Rural North,09/16/2023,37,2023,96,437,21.967963386727689,Very High,0,210,0.000000,Very Low,0,151,0.000000,Very Low,,,,,,,,,,,,,,,,95,5,0,0,5.263158,0.000000,0.000000,,,
2023/2024,18-64 yrs,Southern California,09/16/2023,37,2023,2741,19478,14.072286682410926,High,59,5792,1.018600,Very Low,10,2498,0.400300,Very Low,,,,,,,,,,,,,,,,426,3,0,0,0.704225,0.000000,0.000000,,,
2023/2024,>64 yrs,Central California,09/23/2023,38,2023,380,3278,11.592434411226357,Moderate,8,800,1.000000,Very Low,4,571,0.700500,Very Low,,,,,,,,,,,,,,,,449,11,0,0,2.449889,0.000000,0.000000,,,
2023/2024,0-17 yrs,Southern California,09/23/2023,38,2023,463,6478,7.1472676752083979,Low,38,2739,1.387400,Very Low,52,1965,2.646300,Low,,,,,,,,,,,,,,,,16,0,0,0,0.000000,0.000000,0.000000,,,
2023/2024,18-64 yrs,Rural North,09/30/2023,39,2023,84,774,10.852713178294573,Moderate,5,287,1.742200,Very Low,2,155,1.290300,Low,,,,,,,,,,,,,,,,42,1,0,0,2.380952,0.000000,0.000000,,,
2023/2024,18-64 yrs,Southern California,09/30/2023,39,2023,1835,16785,10.932380101280906,Moderate,72,5400,1.333300,Very Low,16,2274,0.703600,Very Low,,,,,,,,,,,,,,,,420,7,0,0,1.666667,0.000000,0.000000,,,
2023/2024,>64 yrs,Greater Sierra-Sacramento,07/08/2023,27,2023,124,1844,6.7245119305856829,Low,5,152,3.289500,Low,0,52,0.000000,Very Low,,,,,,,,,,,,,,,,34,0,0,0,0.000000,0.000000,0.000000,,,
2023/2024,0-17 yrs,Los Angeles,07/08/2023,27,2023,129,2664,4.8423423423423424,Low,40,415,9.638600,Moderate,3,251,1.195200,Low,,,,,,,,,,,,,,,,16,0,0,0,0.000000,0.000000,0.000000,,,
2023/2024,18-64 yrs,Los Angeles,07/08/2023,27,2023,901,17019,5.2940830836124331,Low,50,2038,2.453400,Low,0,1525,0.000000,Very Low,,,,,,,,,,,,,,,,292,0,0,0,0.000000,0.000000,0.000000,,,
2023/2024,>64 yrs,Greater Sierra-Sacramento,07/22/2023,29,2023,151,1993,7.5765178123432015,Low,1,240,0.416700,Very Low,0,121,0.000000,Very Low,,,,,,,,,,,,,,,,34,0,0,0,0.000000,0.000000,0.000000,,,
2023/2024,0-17 yrs,Southern California,07/22/2023,29,2023,217,3172,6.8411097099621694,Low,25,662,3.776400,Low,7,566,1.236700,Low,,,,,,,,,,,,,,,,15,0,0,0,0.000000,0.000000,0.000000,,,
2023/2024,18-64 yrs,Southern California,07/22/2023,29,2023,1131,13787,8.2033799956480742,Moderate,35,2726,1.283900,Very Low,6,2004,0.299400,Very Low,,,,,,,,,,,,,,,,417,2,0,0,0.479616,0.000000,0.000000,,,
2023/2024,>64 yrs,Southern California,07/22/2023,29,2023,637,6954,9.1601955708944498,Moderate,13,1850,0.702700,Very Low,0,1371,0.000000,Very Low,,,,,,,,,,,,,,,,1295,22,0,0,1.698842,0.000000,0.000000,,,
2023/2024,0-17 yrs,Greater Sierra-Sacramento,07/29/2023,30,2023,85,1000,8.5,Moderate,6,214,2.803700,Low,0,80,0.000000,Very Low,,,,,,,,,,,,,,,,1,0,0,0,0.000000,0.000000,0.000000,,,
2023/2024,0-17 yrs,Southern California,07/29/2023,30,2023,293,5030,5.8250497017892648,Low,30,1035,2.898600,Low,13,736,1.766300,Low,,,,,,,,,,,,,,,,14,0,0,0,0.000000,0.000000,0.000000,,,
2023/2024,>64 yrs,Southern California,08/05/2023,31,2023,893,6847,13.042208266394043,High,33,2915,1.132100,Very Low,3,1307,0.229500,Very Low,,,,,,,,,,,,,,,,1311,17,2,1,1.296720,0.152555,0.076278,,,
2023/2024,>64 yrs,Central California,08/12/2023,32,2023,355,3053,11.627906976744185,Moderate,6,580,1.034500,Very Low,1,432,0.231500,Very Low,,,,,,,,,,,,,,,,422,5,1,0,1.184834,0.236967,0.000000,,,
2023/2024,>64 yrs,Greater Sierra-Sacramento,08/12/2023,32,2023,219,1878,11.661341853035143,Moderate,1,331,0.302100,Very Low,1,166,0.602400,Very Low,,,,,,,,,,,,,,,,56,1,0,0,1.785714,0.000000,0.000000,,,
2023/2024,18-64 yrs,Southern California,08/12/2023,32,2023,2277,17585,12.948535683821438,Moderate,65,4290,1.515200,Very Low,5,1895,0.263900,Very Low,,,,,,,,,,,,,,,,433,1,0,0,0.230947,0.000000,0.000000,,,
2023/2024,18-64 yrs,Greater Sierra-Sacramento,08/19/2023,33,2023,656,4359,15.049323239275065,High,9,543,1.657500,Very Low,0,223,0.000000,Very Low,,,,,,,,,,,,,,,,14,0,0,0,0.000000,0.000000,0.000000,,,
2023/2024,>64 yrs,Los Angeles,08/19/2023,33,2023,1335,15166,8.8025847289990775,Moderate,19,2602,0.730200,Very Low,2,791,0.252800,Very Low,,,,,,,,,,,,,,,,963,24,1,0,2.492212,0.103842,0.000000,,,
2023/2024,>64 yrs,Rural North,08/19/2023,33,2023,51,291,17.525773195876287,Very High,0,102,0.000000,Very Low,0,68,0.000000,Very Low,,,,,,,,,,,,,,,,105,3,0,0,2.857143,0.000000,0.000000,,,
2023/2024,18-64 yrs,Greater Sierra-Sacramento,08/26/2023,34,2023,784,4632,16.925734024179619,High,12,618,1.941700,Very Low,0,281,0.000000,Very Low,,,,,,,,,,,,,,,,12,1,0,0,8.333333,0.000000,0.000000,,,
2023/2024,>64 yrs,Greater Sierra-Sacramento,08/26/2023,34,2023,330,1959,16.845329249617151,High,7,351,1.994300,Very Low,0,186,0.000000,Very Low,,,,,,,,,,,,,,,,40,2,0,0,5.000000,0.000000,0.000000,,,
2023/2024,0-17 yrs,Los Angeles,08/26/2023,34,2023,755,4353,17.344360211348494,Very High,33,1626,2.029500,Low,8,759,1.054000,Low,,,,,,,,,,,,,,,,10,0,0,0,0.000000,0.000000,0.000000,,,
2023/2024,18-64 yrs,Southern California,08/26/2023,34,2023,3039,19278,15.764083411142234,High,52,5252,0.990100,Very Low,5,2173,0.230100,Very Low,,,,,,,,,,,,,,,,404,6,0,0,1.485149,0.000000,0.000000,,,
2023/2024,>64 yrs,Bay Area,09/02/2023,35,2023,1145,10473,10.932875011935453,Moderate,17,1409,1.206500,Very Low,7,734,0.953700,Very Low,,,,,,,,,,,,,,,,769,25,0,1,3.250975,0.000000,0.130039,,,
2023/2024,>64 yrs,Los Angeles,09/02/2023,35,2023,1624,17351,9.3596910840873715,Moderate,25,3103,0.805700,Very Low,2,1081,0.185000,Very Low,,,,,,,,,,,,,,,,993,31,0,0,3.121853,0.000000,0.000000,,,
2023/2024,18-64 yrs,Southern California,09/02/2023,35,2023,3422,20617,16.597953145462483,High,57,5960,0.956400,Very Low,12,2688,0.446400,Very Low,,,,,,,,,,,,,,,,421,5,0,0,1.187648,0.000000,0.000000,,,
2023/2024,0-17 yrs,Los Angeles,09/09/2023,36,2023,714,5696,12.535112359550563,Moderate,30,1935,1.550400,Very Low,13,1055,1.232200,Low,,,,,,,,,,,,,,,,9,0,0,0,0.000000,0.000000,0.000000,,,
2023/2024,18-64 yrs,Southern California,09/09/2023,36,2023,3136,20185,15.536289323755264,High,65,6511,0.998300,Very Low,8,2760,0.289900,Very Low,,,,,,,,,,,,,,,,421,8,2,0,1.900238,0.475059,0.000000,,,
2023/2024,18-64 yrs,Bay Area,09/16/2023,37,2023,2120,28197,7.5185303401071035,Low,74,3917,1.889200,Very Low,16,1608,0.995000,Very Low,,,,,,,,,,,,,,,,238,2,0,0,0.840336,0.000000,0.000000,,,
2023/2024,0-17 yrs,Bay Area,09/30/2023,39,2023,283,9189,3.0797692893677224,Low,80,2339,3.420300,Low,208,1639,12.690700,Very High,,,,,,,,,,,,,,,,9,0,0,0,0.000000,0.000000,0.000000,,,
2023/2024,0-17 yrs,Central California,09/30/2023,39,2023,133,3455,3.8494934876989872,Low,25,1215,2.057600,Low,11,872,1.261500,Low,,,,,,,,,,,,,,,,13,0,0,0,0.000000,0.000000,0.000000,,,
2023/2024,18-64 yrs,Central California,09/30/2023,39,2023,598,10426,5.7356608478802995,Low,29,1705,1.700900,Very Low,5,1047,0.477600,Very Low,,,,,,,,,,,,,,,,188,1,0,0,0.531915,0.000000,0.000000,,,
2023/2024,>64 yrs,Rural North,07/08/2023,27,2023,38,325,11.692307692307692,Moderate,0,71,0.000000,Very Low,0,18,0.000000,Very Low,,,,,,,,,,,,,,,,102,2,0,0,1.960784,0.000000,0.000000,,,
2023/2024,>64 yrs,Southern California,07/15/2023,28,2023,548,6833,8.0199034099224349,Moderate,21,1633,1.286000,Very Low,1,1254,0.079700,Very Low,,,,,,,,,,,,,,,,1306,13,0,0,0.995406,0.000000,0.000000,,,
2023/2024,0-17 yrs,Bay Area,07/22/2023,29,2023,227,6722,3.3769711395418032,Low,28,349,8.022900,Low,14,407,3.439800,Low,,,,,,,,,,,,,,,,14,0,0,0,0.000000,0.000000,0.000000,,,
2023/2024,18-64 yrs,Greater Sierra-Sacramento,07/22/2023,29,2023,318,4487,7.087140628482282,Low,8,335,2.388100,Low,0,197,0.000000,Very Low,,,,,,,,,,,,,,,,9,0,0,0,0.000000,0.000000,0.000000,,,
2023/2024,0-17 yrs,Central California,07/29/2023,30,2023,153,2712,5.6415929203539816,Low,15,391,3.836300,Low,2,402,0.497500,Very Low,,,,,,,,,,,,,,,,11,0,0,0,0.000000,0.000000,0.000000,,,
2023/2024,18-64 yrs,Central California,07/29/2023,30,2023,556,10228,5.4360578803285096,Low,12,735,1.632700,Very Low,0,586,0.000000,Very Low,,,,,,,,,,,,,,,,155,0,0,0,0.000000,0.000000,0.000000,,,
2023/2024,>64 yrs,Rural North,07/29/2023,30,2023,41,319,12.852664576802509,Moderate,0,91,0.000000,Very Low,0,52,0.000000,Very Low,,,,,,,,,,,,,,,,83,1,0,0,1.204819,0.000000,0.000000,,,
2023/2024,18-64 yrs,Southern California,07/29/2023,30,2023,1446,14750,9.8033898305084737,Moderate,57,2939,1.939400,Very Low,1,1441,0.069400,Very Low,,,,,,,,,,,,,,,,411,3,0,0,0.729927,0.000000,0.000000,,,
2023/2024,18-64 yrs,Bay Area,08/05/2023,31,2023,1864,25410,7.3356946084218801,Low,52,1780,2.921300,Low,3,582,0.515500,Very Low,,,,,,,,,,,,,,,,223,2,0,0,0.896861,0.000000,0.000000,,,
2023/2024,>64 yrs,Rural North,08/05/2023,31,2023,40,283,14.134275618374559,High,1,106,0.943400,Very Low,0,58,0.000000,Very Low,,,,,,,,,,,,,,,,90,2,0,0,2.222222,0.000000,0.000000,,,
2023/2024,0-17 yrs,Bay Area,08/12/2023,32,2023,483,7327,6.5920567763068112,Low,57,967,5.894500,Low,32,689,4.644400,Moderate,,,,,,,,,,,,,,,,14,1,0,0,7.142857,0.000000,0.000000,,,
2023/2024,18-64 yrs,Bay Area,08/12/2023,32,2023,2116,26007,8.1362710039604735,Moderate,63,2426,2.596900,Low,6,838,0.716000,Very Low,,,,,,,,,,,,,,,,226,2,0,0,0.884956,0.000000,0.000000,,,
2023/2024,0-17 yrs,Central California,08/12/2023,32,2023,279,2268,12.301587301587301,Moderate,13,643,2.021800,Low,2,523,0.382400,Very Low,,,,,,,,,,,,,,,,12,0,0,0,0.000000,0.000000,0.000000,,,
2023/2024,0-17 yrs,Los Angeles,08/12/2023,32,2023,440,3128,14.066496163682865,High,39,995,3.919600,Low,5,443,1.128700,Low,,,,,,,,,,,,,,,,23,0,0,0,0.000000,0.000000,0.000000,,,
2023/2024,>64 yrs,Rural North,08/12/2023,32,2023,41,283,14.487632508833922,High,0,113,0.000000,Very Low,0,70,0.000000,Very Low,,,,,,,,,,,,,,,,109,3,0,0,2.752294,0.000000,0.000000,,,
2023/2024,18-64 yrs,Bay Area,08/19/2023,33,2023,2385,27706,8.6082437017252591,Moderate,58,2728,2.126100,Low,4,996,0.401600,Very Low,,,,,,,,,,,,,,,,245,5,0,0,2.040816,0.000000,0.000000,,,
2023/2024,>64 yrs,Central California,08/19/2023,33,2023,423,3259,12.979441546486653,Moderate,1,601,0.166400,Very Low,0,510,0.000000,Very Low,,,,,,,,,,,,,,,,438,13,0,0,2.968037,0.000000,0.000000,,,
2023/2024,>64 yrs,Greater Sierra-Sacramento,08/19/2023,33,2023,307,2136,14.372659176029961,High,8,345,2.318800,Low,0,199,0.000000,Very Low,,,,,,,,,,,,,,,,36,1,0,0,2.777778,0.000000,0.000000,,,
2023/2024,>64 yrs,Los Angeles,08/26/2023,34,2023,1527,16010,9.5377888819487815,Moderate,23,2720,0.845600,Very Low,0,816,0.000000,Very Low,,,,,,,,,,,,,,,,857,24,0,0,2.800467,0.000000,0.000000,,,
2023/2024,0-17 yrs,Los Angeles,09/02/2023,35,2023,946,6019,15.716896494434291,High,36,2030,1.773400,Very Low,11,999,1.101100,Low,,,,,,,,,,,,,,,,13,0,0,0,0.000000,0.000000,0.000000,,,
2023/2024,0-17 yrs,Bay Area,09/09/2023,36,2023,526,8517,6.1758835270635197,Low,65,1835,3.542200,Low,63,1309,4.812800,Moderate,,,,,,,,,,,,,,,,12,0,0,0,0.000000,0.000000,0.000000,,,
2023/2024,18-64 yrs,Bay Area,09/09/2023,36,2023,2264,25483,8.8843542753992857,Moderate,50,3551,1.408100,Very Low,14,1483,0.944000,Very Low,,,,,,,,,,,,,,,,236,2,0,0,0.847458,0.000000,0.000000,,,
2023/2024,0-17 yrs,Greater Sierra-Sacramento,09/09/2023,36,2023,226,1898,11.907270811380402,Moderate,11,497,2.213300,Low,5,265,1.886800,Low,,,,,,,,,,,,,,,,1,0,0,0,0.000000,0.000000,0.000000,,,
2023/2024,>64 yrs,Bay Area,09/23/2023,38,2023,1008,10675,9.442622950819672,Moderate,15,2028,0.739600,Very Low,17,1024,1.660200,Low,,,,,,,,,,,,,,,,787,23,0,0,2.922490,0.000000,0.000000,,,
2023/2024,>64 yrs,Greater Sierra-Sacramento,09/23/2023,38,2023,473,2388,19.807370184254605,Very High,3,513,0.584800,Very Low,0,259,0.000000,Very Low,,,,,,,,,,,,,,,,42,4,0,0,9.523810,0.000000,0.000000,,,
2023/2024,18-64 yrs,Southern California,09/23/2023,38,2023,2165,17718,12.219212100688566,Moderate,53,5525,0.959300,Very Low,8,2310,0.346300,Very Low,,,,,,,,,,,,,,,,434,7,0,0,1.612903,0.000000,0.000000,,,
2023/2024,>64 yrs,Central California,09/30/2023,39,2023,270,3322,8.1276339554485251,Moderate,13,959,1.355600,Very Low,2,600,0.333300,Very Low,,,,,,,,,,,,,,,,418,4,0,0,0.956938,0.000000,0.000000,,,
2023/2024,>64 yrs,Greater Sierra-Sacramento,09/30/2023,39,2023,322,2207,14.589941096511099,High,12,502,2.390400,Low,0,240,0.000000,Very Low,,,,,,,,,,,,,,,,40,2,0,0,5.000000,0.000000,0.000000,,,
2023/2024,0-17 yrs,Bay Area,07/08/2023,27,2023,194,6693,2.8985507246376812,Very Low,35,259,13.513500,Moderate,6,344,1.744200,Low,,,,,,,,,,,,,,,,9,0,0,0,0.000000,0.000000,0.000000,,,
2023/2024,18-64 yrs,Central California,07/08/2023,27,2023,362,11594,3.122304640331206,Low,8,378,2.116400,Low,0,324,0.000000,Very Low,,,,,,,,,,,,,,,,204,2,0,0,0.980392,0.000000,0.000000,,,
2023/2024,>64 yrs,Southern California,07/08/2023,27,2023,517,6880,7.5145348837209305,Low,27,1769,1.526300,Very Low,1,1354,0.073900,Very Low,,,,,,,,,,,,,,,,1184,10,0,0,0.844595,0.000000,0.000000,,,
2023/2024,>64 yrs,Greater Sierra-Sacramento,07/15/2023,28,2023,109,1664,6.5504807692307692,Low,0,185,0.000000,Very Low,0,54,0.000000,Very Low,,,,,,,,,,,,,,,,31,0,0,0,0.000000,0.000000,0.000000,,,
2023/2024,>64 yrs,Rural North,07/15/2023,28,2023,27,266,10.150375939849624,Moderate,0,70,0.000000,Very Low,0,27,0.000000,Very Low,,,,,,,,,,,,,,,,104,3,0,0,2.884615,0.000000,0.000000,,,
2023/2024,0-17 yrs,Central California,07/22/2023,29,2023,114,2884,3.9528432732316232,Low,5,340,1.470600,Very Low,1,302,0.331100,Very Low,,,,,,,,,,,,,,,,11,0,0,0,0.000000,0.000000,0.000000,,,
2023/2024,18-64 yrs,Central California,08/05/2023,31,2023,757,10018,7.5563984827310842,Low,11,901,1.220900,Very Low,0,684,0.000000,Very Low,,,,,,,,,,,,,,,,179,0,0,0,0.000000,0.000000,0.000000,,,
2023/2024,>64 yrs,Greater Sierra-Sacramento,08/05/2023,31,2023,216,1743,12.392426850258175,Moderate,2,295,0.678000,Very Low,0,127,0.000000,Very Low,,,,,,,,,,,,,,,,36,1,0,0,2.777778,0.000000,0.000000,,,
2023/2024,0-17 yrs,Los Angeles,08/05/2023,31,2023,339,2732,12.408491947291362,Moderate,29,808,3.589100,Low,3,374,0.802100,Very Low,,,,,,,,,,,,,,,,13,0,0,0,0.000000,0.000000,0.000000,,,
2023/2024,18-64 yrs,Southern California,08/05/2023,31,2023,1838,15032,12.22724853645556,Moderate,74,3915,1.890200,Very Low,1,1597,0.062600,Very Low,,,,,,,,,,,,,,,,371,1,1,0,0.269542,0.269542,0.000000,,,
2023/2024,18-64 yrs,Greater Sierra-Sacramento,08/12/2023,32,2023,511,4006,12.75586620069895,Moderate,14,478,2.928900,Low,0,205,0.000000,Very Low,,,,,,,,,,,,,,,,17,2,0,0,11.764706,0.000000,0.000000,,,
2023/2024,18-64 yrs,Central California,08/19/2023,33,2023,1309,10559,12.39700729235723,Moderate,14,1162,1.204800,Very Low,0,896,0.000000,Very Low,,,,,,,,,,,,,,,,197,3,1,0,1.522843,0.507614,0.000000,,,
2023/2024,>64 yrs,Southern California,08/19/2023,33,2023,1326,8471,15.653405737221107,High,27,3586,0.752900,Very Low,4,1652,0.242100,Very Low,,,,,,,,,,,,,,,,1235,24,0,0,1.943320,0.000000,0.000000,,,
2023/2024,18-64 yrs,Los Angeles,08/26/2023,34,2023,3351,23275,14.397422126745434,High,44,3970,1.108300,Very Low,4,999,0.400400,Very Low,,,,,,,,,,,,,,,,307,5,0,0,1.628664,0.000000,0.000000,,,
2023/2024,18-64 yrs,Los Angeles,09/02/2023,35,2023,3721,25228,14.749484699540194,High,56,4620,1.212100,Very Low,3,1257,0.238700,Very Low,,,,,,,,,,,,,,,,305,4,1,0,1.311475,0.327869,0.000000,,,
2023/2024,18-64 yrs,Bay Area,09/23/2023,38,2023,1691,28304,5.9744205765969474,Low,58,4001,1.449600,Very Low,12,1589,0.755200,Very Low,,,,,,,,,,,,,,,,220,7,0,0,3.181818,0.000000,0.000000,,,
2023/2024,>64 yrs,Bay Area,09/30/2023,39,2023,910,11139,8.1694945686327323,Moderate,20,2363,0.846400,Very Low,15,1092,1.373600,Low,,,,,,,,,,,,,,,,813,25,2,1,3.075031,0.246002,0.123001,,,
2023/2024,18-64 yrs,Los Angeles,09/30/2023,39,2023,1690,22976,7.3555013927576605,Low,53,4827,1.098000,Very Low,7,2086,0.335600,Very Low,,,,,,,,,,,,,,,,302,4,0,0,1.324503,0.000000,0.000000,,,
2023/2024,>64 yrs,Central California,10/07/2023,40,2023,266,3244,8.199753390875463,Moderate,19,1220,1.557400,Very Low,0,803,0.000000,Very Low,,,,,,,,,,,,,,,,447,10,1,0,2.237136,0.223714,0.000000,,,
2023/2024,0-17 yrs,Greater Sierra-Sacramento,10/07/2023,40,2023,71,1576,4.5050761421319798,Low,14,682,2.052800,Low,26,332,7.831300,High,,,,,,,,,,,,,,,,1,0,0,0,0.000000,0.000000,0.000000,,,
2023/2024,18-64 yrs,Rural North,10/07/2023,40,2023,69,747,9.236947791164658,Moderate,1,277,0.361000,Very Low,0,155,0.000000,Very Low,,,,,,,,,,,,,,,,32,0,0,0,0.000000,0.000000,0.000000,,,
2023/2024,>64 yrs,Los Angeles,10/14/2023,41,2023,742,14281,5.1957145858133185,Low,34,3542,0.959900,Very Low,10,1804,0.554300,Very Low,,,,,,,,,,,,,,,,951,16,0,0,1.682440,0.000000,0.000000,,,
2023/2024,>64 yrs,Bay Area,10/21/2023,42,2023,879,9939,8.8439480833081792,Moderate,182,2772,6.565700,Low,134,2415,5.548700,Moderate,,,,,,,,,,,,,,,,809,15,1,0,1.854141,0.123609,0.000000,,,
2023/2024,0-17 yrs,Southern California,10/21/2023,42,2023,293,7682,3.8141109086175478,Low,78,3062,2.547400,Low,192,2345,8.187600,High,,,,,,,,,,,,,,,,15,0,0,0,0.000000,0.000000,0.000000,,,
2023/2024,18-64 yrs,Southern California,10/21/2023,42,2023,1373,16674,8.2343768741753625,Moderate,127,6142,2.067700,Low,26,3059,0.850000,Very Low,,,,,,,,,,,,,,,,418,0,1,0,0.000000,0.239234,0.000000,,,
2023/2024,18-64 yrs,Central California,10/28/2023,43,2023,407,9547,4.263119304493558,Low,104,2210,4.705900,Low,10,1321,0.757000,Very Low,,,,,,,,,,,,,,,,165,0,0,0,0.000000,0.000000,0.000000,,,
2023/2024,18-64 yrs,Los Angeles,10/28/2023,43,2023,1138,18917,6.0157530263783894,Low,131,5566,2.353600,Low,27,2919,0.925000,Very Low,,,,,,,,,,,,,,,,311,4,0,0,1.286174,0.000000,0.000000,,,
2023/2024,18-64 yrs,Central California,11/04/2023,44,2023,411,9599,4.2816960100010419,Low,163,2753,5.920800,Low,19,1673,1.135700,Low,,,,,,,,,,,,,,,,201,1,0,0,0.497512,0.000000,0.000000,,,
2023/2024,>64 yrs,Southern California,11/11/2023,45,2023,759,8268,9.1799709724238028,Moderate,137,4805,2.851200,Low,59,2443,2.415100,Low,,,,,,,,,,,,,,,,1375,23,2,0,1.672727,0.145455,0.000000,,,
2023/2024,18-64 yrs,Bay Area,11/18/2023,46,2023,1344,25232,5.3265694356372855,Low,1471,9005,16.335400,High,639,7096,9.005100,High,,,,,,,,,,,,,,,,211,2,0,0,0.947867,0.000000,0.000000,,,
2023/2024,>64 yrs,Rural North,11/18/2023,46,2023,60,359,16.713091922005571,High,9,346,2.601200,Low,5,243,2.057600,Low,,,,,,,,,,,,,,,,116,5,0,0,4.310345,0.000000,0.000000,,,
2023/2024,0-17 yrs,Southern California,11/18/2023,46,2023,369,9180,4.0196078431372548,Low,457,4396,10.395800,Moderate,641,3400,18.852900,Very High,,,,,,,,,,,,,,,,13,0,0,0,0.000000,0.000000,0.000000,,,
2023/2024,0-17 yrs,Central California,12/02/2023,48,2023,186,5781,3.2174364296834455,Low,694,3265,21.255700,Very High,566,2601,21.760900,Very High,,,,,,,,,,,,,,,,6,0,0,0,0.000000,0.000000,0.000000,,,
2023/2024,>64 yrs,Southern California,12/02/2023,48,2023,1306,10238,12.75639773393241,Moderate,413,6674,6.188200,Low,162,3547,4.567200,Moderate,,,,,,,,,,,,,,,,1482,35,3,1,2.361673,0.202429,0.067476,,,
2023/2024,18-64 yrs,Bay Area,12/09/2023,49,2023,1972,28494,6.9207552467186071,Low,1544,11869,13.008700,Moderate,538,9569,5.622300,Moderate,,,,,,,,,,,,,,,,208,2,1,0,0.961538,0.480769,0.000000,,,
2023/2024,18-64 yrs,Greater Sierra-Sacramento,12/09/2023,49,2023,566,5636,10.042583392476933,Moderate,419,3306,12.673900,Moderate,122,2138,5.706300,Moderate,,,,,,,,,,,,,,,,16,0,0,0,0.000000,0.000000,0.000000,,,
2023/2024,>64 yrs,Greater Sierra-Sacramento,12/16/2023,50,2023,487,2821,17.263381779510812,Very High,203,2141,9.481600,Moderate,92,1621,5.675500,Moderate,,,,,,,,,,,,,,,,53,0,0,0,0.000000,0.000000,0.000000,,,
2023/2024,18-64 yrs,Rural North,12/16/2023,50,2023,76,847,8.9728453364816989,Moderate,49,576,8.506900,Low,23,380,6.052600,Moderate,,,,,,,,,,,,,,,,39,1,0,0,2.564103,0.000000,0.000000,,,
2023/2024,18-64 yrs,Central California,12/23/2023,51,2023,1006,13667,7.3607960781444355,Low,1615,6210,26.006400,Very High,164,4300,3.814000,Low,,,,,,,,,,,,,,,,210,3,3,0,1.428571,1.428571,0.000000,,,
2023/2024,>64 yrs,Central California,12/23/2023,51,2023,493,4393,11.222399271568404,Moderate,459,3219,14.259100,Moderate,129,2450,5.265300,Moderate,,,,,,,,,,,,,,,,531,12,8,4,2.259887,1.506591,0.753296,,,
2023/2024,18-64 yrs,Rural North,12/30/2023,52,2023,119,957,12.434691745036574,Moderate,119,680,17.500000,High,37,427,8.665100,High,,,,,,,,,,,,,,,,36,1,0,0,2.777778,0.000000,0.000000,,,
2023/2024,0-17 yrs,Central California,01/06/2024,1,2024,202,4382,4.6097672295755361,Low,535,2891,18.505700,High,897,2608,34.394200,Very High,,,,,,,,,,,,,,,,8,0,1,0,0.000000,12.500000,0.000000,,,
2023/2024,18-64 yrs,Greater Sierra-Sacramento,01/06/2024,1,2024,739,6778,10.902921215697846,Moderate,656,4206,15.596800,High,227,3007,7.549100,High,,,,,,,,,,,,,,,,22,0,0,0,0.000000,0.000000,0.000000,,,
2023/2024,0-17 yrs,Los Angeles,01/06/2024,1,2024,395,3823,10.332199843055193,Moderate,738,3119,23.661400,Very High,351,1809,19.403000,Very High,,,,,,,,,,,,,,,,12,0,0,0,0.000000,0.000000,0.000000,,,
2023/2024,>64 yrs,Southern California,01/06/2024,1,2024,1798,11578,15.529452409742614,High,796,8920,8.923800,Low,293,4648,6.303800,Moderate,,,,,,,,,,,,,,,,1557,71,20,7,4.560051,1.284522,0.449583,,,
2023/2024,18-64 yrs,Central California,01/13/2024,2,2024,805,11329,7.1056580457233647,Low,627,4817,13.016400,Moderate,251,3664,6.850400,Moderate,,,,,,2620187.000000,101,,,3.8546867074754601,,,Low,,,189,7,7,2,3.703704,3.703704,1.058201,,,
2023/2024,0-17 yrs,Greater Sierra-Sacramento,01/13/2024,2,2024,163,2514,6.4836913285600639,Low,367,1827,20.087600,High,267,1294,20.633700,Very High,,,,,,673877.000000,11,,,1.6323453686652001,,,Very Low,,,1,0,0,0,0.000000,0.000000,0.000000,,,
2023/2024,>64 yrs,Greater Sierra-Sacramento,01/13/2024,2,2024,534,3028,17.635402906208718,Very High,285,2517,11.323000,Moderate,155,1847,8.392000,High,,,,,,510647.000000,178,,,34.857739299359402,,,Very High,,,43,0,0,0,0.000000,0.000000,0.000000,,,
2023/2024,0-17 yrs,Los Angeles,01/13/2024,2,2024,418,4866,8.590217838060008,Moderate,702,3099,22.652500,Very High,252,1783,14.133500,Very High,,,,,,1975596.000000,21,,,1.06297036438624,,,Very Low,,,14,0,0,1,0.000000,0.000000,7.142857,,,
2023/2024,18-64 yrs,Rural North,01/13/2024,2,2024,95,907,10.474090407938258,Moderate,87,616,14.123400,Moderate,25,411,6.082700,Moderate,,,,,,386509.000000,18,,,4.6570713747933397,,,Low,,,39,1,2,0,2.564103,5.128205,0.000000,,,
2023/2024,>64 yrs,Greater Sierra-Sacramento,01/20/2024,3,2024,341,2652,12.858220211161386,Moderate,132,2097,6.294700,Low,107,1648,6.492700,Moderate,,,,,,510647.000000,181,,,35.445229287550902,,,Very High,,,40,0,1,1,0.000000,2.500000,2.500000,,,
2023/2024,>64 yrs,Los Angeles,01/20/2024,3,2024,1419,15938,8.9032500941146946,Moderate,472,6538,7.219300,Low,176,3470,5.072000,Moderate,,,,,,1558959.000000,598,,,38.3589305427532,,,Very High,,,1167,48,5,2,4.113111,0.428449,0.171380,,,
2023/2024,>64 yrs,Bay Area,01/27/2024,4,2024,965,12080,7.9884105960264904,Low,317,6982,4.540200,Low,199,6195,3.212300,Low,,,,,,1450195.000000,443,,,30.5476160102607,,,High,,,927,21,3,4,2.265372,0.323625,0.431499,,,
2023/2024,18-64 yrs,Central California,01/27/2024,4,2024,833,11237,7.4130105900151291,Low,419,4466,9.382000,Moderate,165,3381,4.880200,Moderate,,,,,,2620187.000000,96,,,3.6638606328479599,,,Low,,,155,1,1,0,0.645161,0.645161,0.000000,,,
2023/2024,>64 yrs,Rural North,01/27/2024,4,2024,58,388,14.948453608247423,High,23,408,5.637300,Low,13,278,4.676300,Moderate,,,,,,146162.000000,29,,,19.8409983443029,,,Moderate,,,120,4,1,0,3.333333,0.833333,0.000000,,,
2023/2024,0-17 yrs,Central California,02/03/2024,5,2024,287,4929,5.8226820856157433,Low,374,3251,11.504200,Moderate,477,2708,17.614500,Very High,,,,,,1246767.000000,3,,,0.24062234563474999,,,Very Low,,,9,0,0,0,0.000000,0.000000,0.000000,,,
2023/2024,18-64 yrs,Greater Sierra-Sacramento,02/03/2024,5,2024,454,5679,7.99436520514175,Low,256,3156,8.111500,Low,97,2205,4.399100,Moderate,,,,,,1788686.000000,60,,,3.3544177122200298,,,Low,,,15,0,0,0,0.000000,0.000000,0.000000,,,
2023/2024,18-64 yrs,Los Angeles,02/03/2024,5,2024,1391,19786,7.0302233902759523,Low,813,8482,9.585000,Moderate,139,4204,3.306400,Low,,,,,,6291153.000000,202,,,3.2108581686059798,,,Low,,,320,8,2,1,2.500000,0.625000,0.312500,,,
2023/2024,>64 yrs,Southern California,02/03/2024,5,2024,904,9151,9.8787017812260949,Moderate,270,6521,4.140500,Low,149,3525,4.227000,Moderate,,,,,,1990514.000000,412,,,20.698171427078599,,,Moderate,,,1477,43,12,6,2.911307,0.812458,0.406229,,,
2023/2024,0-17 yrs,Bay Area,02/10/2024,6,2024,319,12166,2.6220614828209765,Very Low,598,6263,9.548100,Moderate,307,5475,5.607300,Moderate,,,,,,1696702.000000,26,,,1.5323845908120599,,,Very Low,,,11,0,0,0,0.000000,0.000000,0.000000,,,
2023/2024,>64 yrs,Central California,02/10/2024,6,2024,297,3455,8.5962373371924752,Moderate,52,2254,2.307000,Low,82,1894,4.329500,Moderate,,,,,,565180.000000,125,,,22.1168477299268,,,Moderate,,,466,13,0,1,2.789700,0.000000,0.214592,,,
2023/2024,>64 yrs,Greater Sierra-Sacramento,02/10/2024,6,2024,204,2248,9.07473309608541,Moderate,51,1823,2.797600,Low,65,1314,4.946700,Moderate,,,,,,510647.000000,139,,,27.2203694528706,,,High,,,31,3,0,0,9.677419,0.000000,0.000000,,,
2023/2024,18-64 yrs,Southern California,02/10/2024,6,2024,1108,16536,6.7005321722302851,Low,733,8299,8.832400,Low,129,4029,3.201800,Low,,,,,,7861790.000000,173,,,2.20051667622768,,,Very Low,,,396,5,3,1,1.262626,0.757576,0.252525,,,
2023/2024,18-64 yrs,Central California,02/17/2024,7,2024,598,10571,5.656986094030839,Low,281,4184,6.716100,Low,76,3100,2.451600,Low,,,,,,2620187.000000,74,,,2.82422590448697,,,Very Low,,,163,1,1,0,0.613497,0.613497,0.000000,,,
2023/2024,0-17 yrs,Greater Sierra-Sacramento,02/17/2024,7,2024,123,2719,4.5237219566016913,Low,251,2067,12.143200,Moderate,156,1528,10.209400,Very High,,,,,,673877.000000,17,,,2.5227155697553099,,,Very Low,,,1,0,0,0,0.000000,0.000000,0.000000,,,
2023/2024,18-64 yrs,Bay Area,02/24/2024,8,2024,866,29035,2.9826071982090583,Very Low,689,12366,5.571700,Low,160,10310,1.551900,Low,,,,,,5244977.000000,155,,,2.9552083831826099,,,Very Low,,,230,1,1,0,0.434783,0.434783,0.000000,,,
2023/2024,0-17 yrs,Greater Sierra-Sacramento,02/24/2024,8,2024,79,2457,3.2153032153032153,Low,217,2022,10.731900,Moderate,93,1448,6.422700,Moderate,,,,,,673877.000000,13,,,1.9291354356952399,,,Very Low,,,1,0,0,0,0.000000,0.000000,0.000000,,,
2023/2024,0-17 yrs,Southern California,02/24/2024,8,2024,215,7352,2.9243743199129488,Very Low,433,4044,10.707200,Moderate,210,2994,7.014000,High,,,,,,2950125.000000,19,,,0.64404050675818802,,,Very Low,,,11,1,1,0,9.090909,9.090909,0.000000,,,
2023/2024,0-17 yrs,Bay Area,03/02/2024,9,2024,207,12266,1.6875917169411381,Very Low,473,6601,7.165600,Low,177,5673,3.120000,Low,,,,,,1696702.000000,10,,,0.58937868877386801,,,Very Low,,,5,0,0,0,0.000000,0.000000,0.000000,,,
2023/2024,18-64 yrs,Rural North,03/02/2024,9,2024,66,901,7.3251942286348504,Low,51,661,7.715600,Low,8,456,1.754400,Low,,,,,,386509.000000,4,,,1.03490474995408,,,Very Low,,,43,0,0,0,0.000000,0.000000,0.000000,,,
2023/2024,18-64 yrs,Bay Area,03/09/2024,10,2024,636,31673,2.0080194487418308,Very Low,649,13004,4.990800,Low,87,10927,0.796200,Very Low,,,,,,5244977.000000,105,,,2.0019153563495098,,,Very Low,,,234,1,0,0,0.427350,0.000000,0.000000,,,
2023/2024,>64 yrs,Rural North,03/09/2024,10,2024,47,393,11.959287531806616,Moderate,9,480,1.875000,Very Low,14,383,3.655400,Low,,,,,,146162.000000,23,,,15.7359642041023,,,Moderate,,,127,0,0,1,0.000000,0.000000,0.787402,,,
2023/2024,0-17 yrs,Southern California,03/09/2024,10,2024,158,7358,2.1473226420222886,Very Low,285,3946,7.222500,Low,127,2956,4.296300,Moderate,,,,,,2950125.000000,14,,,0.47455616287445401,,,Very Low,,,19,0,0,0,0.000000,0.000000,0.000000,,,
2023/2024,18-64 yrs,Central California,03/16/2024,11,2024,276,10791,2.5576869613566862,Very Low,245,4180,5.861200,Low,34,3281,1.036300,Low,,,,,,2620187.000000,54,,,2.0609216059769802,,,Very Low,,,157,0,1,0,0.000000,0.636943,0.000000,,,
2023/2024,18-64 yrs,Southern California,03/16/2024,11,2024,380,15805,2.4043024359379941,Very Low,349,7186,4.856700,Low,56,3414,1.640300,Low,,,,,,7861790.000000,52,,,0.66142697782566096,,,Very Low,,,385,4,0,0,1.038961,0.000000,0.000000,,,
2023/2024,0-17 yrs,Central California,03/30/2024,13,2024,47,3726,1.261406333870102,Very Low,225,2225,10.112400,Moderate,47,1974,2.381000,Low,,,,,,1246767.000000,0,,,0,,,Very Low,,,8,0,0,0,0.000000,0.000000,0.000000,,,
2023/2024,>64 yrs,Central California,03/30/2024,13,2024,120,2894,4.14651002073255,Low,29,2161,1.342000,Very Low,27,1933,1.396800,Low,,,,,,565180.000000,55,,,9.7314130011677697,,,Low,,,463,3,0,0,0.647948,0.000000,0.000000,,,
2023/2024,18-64 yrs,Bay Area,10/07/2023,40,2023,1193,26809,4.4499981349546793,Low,81,4537,1.785300,Very Low,29,1902,1.524700,Low,,,,,,,,,,,,,,,,233,2,0,0,0.858369,0.000000,0.000000,,,
2023/2024,>64 yrs,Bay Area,10/07/2023,40,2023,804,10217,7.8692375452676906,Low,30,2324,1.290900,Very Low,14,1182,1.184400,Low,,,,,,,,,,,,,,,,856,22,0,0,2.570093,0.000000,0.000000,,,
2023/2024,>64 yrs,Greater Sierra-Sacramento,10/07/2023,40,2023,289,1986,14.551863041289023,High,5,642,0.778800,Very Low,2,374,0.534800,Very Low,,,,,,,,,,,,,,,,44,2,0,0,4.545455,0.000000,0.000000,,,
2023/2024,>64 yrs,Rural North,10/07/2023,40,2023,58,345,16.811594202898551,High,0,239,0.000000,Very Low,0,174,0.000000,Very Low,,,,,,,,,,,,,,,,116,4,0,0,3.448276,0.000000,0.000000,,,
2023/2024,>64 yrs,Central California,10/21/2023,42,2023,268,3207,8.3567196757093853,Moderate,18,1269,1.418400,Very Low,7,936,0.747900,Very Low,,,,,,,,,,,,,,,,422,10,0,0,2.369668,0.000000,0.000000,,,
2023/2024,>64 yrs,Greater Sierra-Sacramento,10/28/2023,43,2023,354,2148,16.480446927374302,High,59,700,8.428600,Low,27,464,5.819000,Moderate,,,,,,,,,,,,,,,,37,0,0,0,0.000000,0.000000,0.000000,,,
2023/2024,>64 yrs,Los Angeles,10/28/2023,43,2023,665,12484,5.3268183274591481,Low,32,3593,0.890600,Very Low,24,1893,1.267800,Low,,,,,,,,,,,,,,,,886,15,1,0,1.693002,0.112867,0.000000,,,
2023/2024,>64 yrs,Southern California,11/04/2023,44,2023,646,7459,8.6606783751173069,Moderate,79,4099,1.927300,Very Low,30,1923,1.560100,Low,,,,,,,,,,,,,,,,1319,24,2,0,1.819560,0.151630,0.000000,,,
2023/2024,18-64 yrs,Greater Sierra-Sacramento,11/11/2023,45,2023,444,4800,9.25,Moderate,287,2244,12.789700,Moderate,102,1507,6.768400,Moderate,,,,,,,,,,,,,,,,12,1,0,0,8.333333,0.000000,0.000000,,,
2023/2024,0-17 yrs,Los Angeles,11/11/2023,45,2023,239,5707,4.1878394953565792,Low,319,3351,9.519500,Moderate,367,2051,17.893700,Very High,,,,,,,,,,,,,,,,18,0,0,0,0.000000,0.000000,0.000000,,,
2023/2024,>64 yrs,Los Angeles,11/11/2023,45,2023,925,12156,7.6094109904573868,Low,115,4150,2.771100,Low,39,2137,1.825000,Low,,,,,,,,,,,,,,,,987,9,2,0,0.911854,0.202634,0.000000,,,
2023/2024,18-64 yrs,Central California,11/18/2023,46,2023,716,11199,6.3934279846414865,Low,396,3856,10.269700,Moderate,32,2570,1.245100,Low,,,,,,,,,,,,,,,,186,1,0,0,0.537634,0.000000,0.000000,,,
2023/2024,>64 yrs,Greater Sierra-Sacramento,11/18/2023,46,2023,297,2242,13.247100802854595,High,133,1622,8.199800,Low,70,1185,5.907200,Moderate,,,,,,,,,,,,,,,,43,1,0,0,2.325581,0.000000,0.000000,,,
2023/2024,18-64 yrs,Rural North,11/18/2023,46,2023,68,739,9.2016238159675225,Moderate,16,444,3.603600,Low,2,287,0.696900,Very Low,,,,,,,,,,,,,,,,44,0,0,0,0.000000,0.000000,0.000000,,,
2023/2024,>64 yrs,Bay Area,11/25/2023,47,2023,952,8929,10.66188822936499,Moderate,440,4769,9.226300,Moderate,311,4157,7.481400,High,,,,,,,,,,,,,,,,871,20,1,2,2.296211,0.114811,0.229621,,,
2023/2024,>64 yrs,Greater Sierra-Sacramento,11/25/2023,47,2023,274,2084,13.147792706333975,High,136,1674,8.124300,Low,40,1275,3.137300,Low,,,,,,,,,,,,,,,,42,1,0,0,2.380952,0.000000,0.000000,,,
2023/2024,18-64 yrs,Los Angeles,12/02/2023,48,2023,1767,20498,8.6203532051907512,Moderate,1221,8376,14.577400,Moderate,167,3637,4.591700,Moderate,,,,,,,,,,,,,,,,354,7,0,0,1.977401,0.000000,0.000000,,,
2023/2024,18-64 yrs,Southern California,12/02/2023,48,2023,1935,19664,9.840317331163547,Moderate,1167,9103,12.819900,Moderate,207,4142,4.997600,Moderate,,,,,,,,,,,,,,,,407,7,3,0,1.719902,0.737101,0.000000,,,
2023/2024,>64 yrs,Bay Area,12/09/2023,49,2023,1405,11343,12.386493872873137,Moderate,383,6322,6.058200,Low,415,5557,7.468100,High,,,,,,,,,,,,,,,,876,28,1,6,3.196347,0.114155,0.684932,,,
2023/2024,0-17 yrs,Southern California,12/09/2023,49,2023,543,10255,5.2949780594831788,Low,1169,5463,21.398500,Very High,871,3893,22.373500,Very High,,,,,,,,,,,,,,,,31,0,1,1,0.000000,3.225806,3.225806,,,
2023/2024,18-64 yrs,Los Angeles,12/16/2023,50,2023,2409,22070,10.915269596737653,Moderate,2181,10032,21.740400,Very High,221,4259,5.189000,Moderate,,,,,,,,,,,,,,,,382,5,4,0,1.308901,1.047120,0.000000,,,
2023/2024,>64 yrs,Los Angeles,12/16/2023,50,2023,1937,16316,11.871782299583231,Moderate,648,6688,9.689000,Moderate,229,3544,6.461600,Moderate,,,,,,,,,,,,,,,,1081,31,6,4,2.867715,0.555042,0.370028,,,
2023/2024,18-64 yrs,Greater Sierra-Sacramento,12/23/2023,51,2023,841,7101,11.843402337698915,Moderate,901,4303,20.938900,High,186,2988,6.224900,Moderate,,,,,,,,,,,,,,,,8,0,0,0,0.000000,0.000000,0.000000,,,
2023/2024,0-17 yrs,Los Angeles,12/30/2023,52,2023,522,5676,9.1966173361522205,Moderate,1276,4199,30.388200,Very High,534,2482,21.514900,Very High,,,,,,,,,,,,,,,,11,0,1,1,0.000000,9.090909,9.090909,,,
2023/2024,18-64 yrs,Los Angeles,12/30/2023,52,2023,2855,22384,12.754646175839884,Moderate,2441,11330,21.544600,Very High,241,4767,5.055600,Moderate,,,,,,,,,,,,,,,,352,3,2,0,0.852273,0.568182,0.000000,,,
2023/2024,18-64 yrs,Bay Area,01/06/2024,1,2024,2695,28034,9.6133266747520878,Moderate,2079,13649,15.231900,High,537,11166,4.809200,Moderate,,,,,,,,,,,,,,,,256,5,4,0,1.953125,1.562500,0.000000,,,
2023/2024,0-17 yrs,Rural North,01/06/2024,1,2024,21,421,4.9881235154394297,Low,50,342,14.619900,Moderate,109,245,44.489800,Very High,,,,,,,,,,,,,,,,1,0,0,0,0.000000,0.000000,0.000000,,,
2023/2024,18-64 yrs,Rural North,01/06/2024,1,2024,106,951,11.146161934805468,Moderate,125,699,17.882700,High,33,405,8.148100,High,,,,,,,,,,,,,,,,31,1,1,0,3.225806,3.225806,0.000000,,,
2023/2024,0-17 yrs,Southern California,01/06/2024,1,2024,493,6402,7.7007185254607942,Low,939,4247,22.109700,Very High,733,3280,22.347600,Very High,,,,,,,,,,,,,,,,18,0,1,1,0.000000,5.555556,5.555556,,,
2023/2024,>64 yrs,Central California,01/13/2024,2,2024,455,4193,10.851419031719532,Moderate,195,2829,6.892900,Low,172,2299,7.481500,High,,,,,,565180.000000,196,,,34.679217240525098,,,Very High,,,525,19,11,3,3.619048,2.095238,0.571429,,,
2023/2024,18-64 yrs,Greater Sierra-Sacramento,01/13/2024,2,2024,708,6335,11.176006314127861,Moderate,542,3685,14.708300,Moderate,185,2680,6.903000,Moderate,,,,,,1788686.000000,90,,,5.0316265683300498,,,Low,,,12,0,0,0,0.000000,0.000000,0.000000,,,
2023/2024,18-64 yrs,Los Angeles,01/13/2024,2,2024,2331,23234,10.032710682620298,Moderate,1466,9849,14.884800,Moderate,225,4457,5.048200,Moderate,,,,,,6291153.000000,291,,,4.6255432032888102,,,Low,,,369,5,6,1,1.355014,1.626016,0.271003,,,
2023/2024,18-64 yrs,Southern California,01/20/2024,3,2024,2157,20013,10.777994303702593,Moderate,1543,10036,15.374700,High,184,4812,3.823800,Low,,,,,,7861790.000000,257,,,3.2689756404075898,,,Low,,,442,7,7,0,1.583710,1.583710,0.000000,,,
2023/2024,0-17 yrs,Bay Area,01/27/2024,4,2024,441,11545,3.8198354265915979,Low,979,6058,16.160400,High,409,5138,7.960300,High,,,,,,1696702.000000,17,,,1.0019437709155801,,,Very Low,,,8,0,0,0,0.000000,0.000000,0.000000,,,
2023/2024,18-64 yrs,Greater Sierra-Sacramento,01/27/2024,4,2024,471,5932,7.9399865138233316,Low,352,3265,10.781000,Moderate,134,2331,5.748600,Moderate,,,,,,1788686.000000,69,,,3.8575803690530401,,,Low,,,10,0,1,0,0.000000,10.000000,0.000000,,,
2023/2024,18-64 yrs,Los Angeles,01/27/2024,4,2024,1832,21631,8.4693264296611357,Moderate,921,8367,11.007500,Moderate,153,4101,3.730800,Low,,,,,,6291153.000000,214,,,3.4016022182261301,,,Low,,,321,1,6,0,0.311526,1.869159,0.000000,,,
2023/2024,>64 yrs,Central California,02/03/2024,5,2024,406,3796,10.695468914646996,Moderate,79,2386,3.311000,Low,88,1979,4.446700,Moderate,,,,,,565180.000000,162,,,28.6634346579851,,,High,,,483,16,1,1,3.312629,0.207039,0.207039,,,
2023/2024,18-64 yrs,Bay Area,02/10/2024,6,2024,1158,29712,3.897415185783522,Low,723,11726,6.165800,Low,194,9986,1.942700,Low,,,,,,5244977.000000,170,,,3.2411962912325398,,,Low,,,246,2,2,2,0.813008,0.813008,0.813008,,,
2023/2024,>64 yrs,Bay Area,02/10/2024,6,2024,705,10693,6.5930982886000189,Low,143,6610,2.163400,Low,136,5816,2.338400,Low,,,,,,1450195.000000,358,,,24.686335285944299,,,High,,,885,38,3,7,4.293785,0.338983,0.790960,,,
2023/2024,>64 yrs,Los Angeles,02/10/2024,6,2024,785,13794,5.6908800927939689,Low,171,5344,3.199900,Low,97,3075,3.154500,Low,,,,,,1558959.000000,353,,,22.643315186608501,,,Moderate,,,988,28,3,4,2.834008,0.303644,0.404858,,,
2023/2024,0-17 yrs,Bay Area,02/24/2024,8,2024,236,11560,2.0415224913494812,Very Low,500,5965,8.382200,Low,195,5156,3.782000,Low,,,,,,1696702.000000,19,,,1.11981950867035,,,Very Low,,,17,0,0,0,0.000000,0.000000,0.000000,,,
2023/2024,18-64 yrs,Central California,02/24/2024,8,2024,512,11147,4.5931640800215305,Low,279,4523,6.168500,Low,104,3434,3.028500,Low,,,,,,2620187.000000,92,,,3.5111997731459601,,,Low,,,187,1,0,0,0.534759,0.000000,0.000000,,,
2023/2024,>64 yrs,Greater Sierra-Sacramento,03/16/2024,11,2024,134,2150,6.2325581395348832,Low,39,1992,1.957800,Very Low,23,1642,1.400700,Low,,,,,,510647.000000,90,,,17.624699645743501,,,Moderate,,,43,0,0,1,0.000000,0.000000,2.325581,,,
2023/2024,18-64 yrs,Los Angeles,03/16/2024,11,2024,325,18129,1.7927078162060788,Very Low,378,7947,4.756500,Low,38,4483,0.847600,Very Low,,,,,,6291153.000000,79,,,1.25573165999937,,,Very Low,,,299,1,1,1,0.334448,0.334448,0.334448,,,
2023/2024,18-64 yrs,Bay Area,03/23/2024,12,2024,498,31528,1.5795483379852828,Very Low,611,13084,4.669800,Low,47,11083,0.424100,Very Low,,,,,,5244977.000000,105,,,2.0019153563495098,,,Very Low,,,233,1,1,0,0.429185,0.429185,0.000000,,,
2023/2024,0-17 yrs,Rural North,03/23/2024,12,2024,10,419,2.3866348448687349,Very Low,34,360,9.444400,Moderate,9,277,3.249100,Low,,,,,,151044.000000,3,,,1.98617621355367,,,Very Low,,,2,0,0,0,0.000000,0.000000,0.000000,,,
2023/2024,0-17 yrs,Central California,10/07/2023,40,2023,127,3333,3.8103810381038103,Low,70,1406,4.978700,Low,18,999,1.801800,Low,,,,,,,,,,,,,,,,12,0,0,0,0.000000,0.000000,0.000000,,,
2023/2024,18-64 yrs,Central California,10/07/2023,40,2023,535,9502,5.6303936013470848,Low,42,2033,2.065900,Low,3,1239,0.242100,Very Low,,,,,,,,,,,,,,,,175,1,0,0,0.571429,0.000000,0.000000,,,
2023/2024,18-64 yrs,Greater Sierra-Sacramento,10/07/2023,40,2023,392,4057,9.66231205324131,Moderate,10,1043,0.958800,Very Low,6,493,1.217000,Low,,,,,,,,,,,,,,,,13,0,0,0,0.000000,0.000000,0.000000,,,
2023/2024,0-17 yrs,Southern California,10/07/2023,40,2023,270,6086,4.4364114360828131,Low,57,2810,2.028500,Low,121,2128,5.686100,Moderate,,,,,,,,,,,,,,,,16,0,0,0,0.000000,0.000000,0.000000,,,
2023/2024,18-64 yrs,Bay Area,10/14/2023,41,2023,1273,26207,4.8574808257335826,Low,69,5146,1.340800,Very Low,37,2778,1.331900,Low,,,,,,,,,,,,,,,,235,2,0,0,0.851064,0.000000,0.000000,,,
2023/2024,>64 yrs,Rural North,10/14/2023,41,2023,40,296,13.513513513513514,High,0,229,0.000000,Very Low,0,174,0.000000,Very Low,,,,,,,,,,,,,,,,109,7,0,0,6.422018,0.000000,0.000000,,,
2023/2024,18-64 yrs,Southern California,10/14/2023,41,2023,1428,16486,8.661894941162199,Moderate,101,5707,1.769800,Very Low,20,2788,0.717400,Very Low,,,,,,,,,,,,,,,,406,1,0,0,0.246305,0.000000,0.000000,,,
2023/2024,0-17 yrs,Bay Area,10/21/2023,42,2023,368,8722,4.2192157761981193,Low,617,3064,20.137100,High,660,2576,25.621100,Very High,,,,,,,,,,,,,,,,8,0,0,0,0.000000,0.000000,0.000000,,,
2023/2024,18-64 yrs,Greater Sierra-Sacramento,10/21/2023,42,2023,504,4453,11.318212441050978,Moderate,223,1248,17.868600,High,67,623,10.754400,Very High,,,,,,,,,,,,,,,,8,0,0,0,0.000000,0.000000,0.000000,,,
2023/2024,>64 yrs,Los Angeles,10/21/2023,42,2023,756,14060,5.3769559032716927,Low,30,3747,0.800600,Very Low,10,1884,0.530800,Very Low,,,,,,,,,,,,,,,,844,26,1,0,3.080569,0.118483,0.000000,,,
2023/2024,18-64 yrs,Rural North,10/21/2023,42,2023,53,679,7.8055964653902796,Low,7,298,2.349000,Low,0,182,0.000000,Very Low,,,,,,,,,,,,,,,,38,1,0,0,2.631579,0.000000,0.000000,,,
2023/2024,0-17 yrs,Los Angeles,10/28/2023,43,2023,168,4543,3.6979969183359018,Low,91,2369,3.841300,Low,189,1479,12.778900,Very High,,,,,,,,,,,,,,,,14,1,0,0,7.142857,0.000000,0.000000,,,
2023/2024,0-17 yrs,Rural North,10/28/2023,43,2023,12,240,5,Low,4,182,2.197800,Low,3,93,3.225800,Low,,,,,,,,,,,,,,,,1,0,0,0,0.000000,0.000000,0.000000,,,
2023/2024,18-64 yrs,Southern California,10/28/2023,43,2023,1170,16643,7.0299825752568639,Low,182,5933,3.067600,Low,34,3044,1.117000,Low,,,,,,,,,,,,,,,,362,4,0,0,1.104972,0.000000,0.000000,,,
2023/2024,0-17 yrs,Central California,11/04/2023,44,2023,116,4085,2.8396572827417379,Very Low,209,1939,10.778800,Moderate,107,1372,7.798800,High,,,,,,,,,,,,,,,,8,0,0,0,0.000000,0.000000,0.000000,,,
2023/2024,0-17 yrs,Los Angeles,11/04/2023,44,2023,192,4970,3.8631790744466801,Low,170,2857,5.950300,Low,273,1686,16.192200,Very High,,,,,,,,,,,,,,,,19,1,0,0,5.263158,0.000000,0.000000,,,
2023/2024,0-17 yrs,Southern California,11/04/2023,44,2023,265,8009,3.3087776251716821,Low,163,3466,4.702800,Low,333,2556,13.028200,Very High,,,,,,,,,,,,,,,,14,0,0,0,0.000000,0.000000,0.000000,,,
2023/2024,>64 yrs,Bay Area,11/18/2023,46,2023,957,9655,9.9119627136198858,Moderate,356,4629,7.690600,Low,322,3957,8.137500,High,,,,,,,,,,,,,,,,840,19,0,3,2.261905,0.000000,0.357143,,,
2023/2024,>64 yrs,Central California,11/18/2023,46,2023,367,3855,9.5201037613488975,Moderate,136,2175,6.252900,Low,30,1704,1.760600,Low,,,,,,,,,,,,,,,,521,9,2,0,1.727447,0.383877,0.000000,,,
2023/2024,>64 yrs,Southern California,11/18/2023,46,2023,971,8631,11.250144826787164,Moderate,242,5474,4.420900,Low,75,2695,2.782900,Low,,,,,,,,,,,,,,,,1460,33,2,1,2.260274,0.136986,0.068493,,,
2023/2024,0-17 yrs,Central California,11/25/2023,47,2023,165,4334,3.8071065989847721,Low,514,2659,19.330600,High,429,2091,20.516500,Very High,,,,,,,,,,,,,,,,10,0,0,0,0.000000,0.000000,0.000000,,,
2023/2024,18-64 yrs,Central California,11/25/2023,47,2023,637,10149,6.2764804414228008,Low,513,3857,13.300500,Moderate,59,2711,2.176300,Low,,,,,,,,,,,,,,,,186,5,0,0,2.688172,0.000000,0.000000,,,
2023/2024,>64 yrs,Central California,11/25/2023,47,2023,344,3707,9.2797410304828709,Moderate,170,2171,7.830500,Low,45,1666,2.701100,Low,,,,,,,,,,,,,,,,479,15,3,0,3.131524,0.626305,0.000000,,,
2023/2024,>64 yrs,Los Angeles,11/25/2023,47,2023,952,12021,7.9194742533899003,Low,250,4719,5.297700,Low,75,2348,3.194200,Low,,,,,,,,,,,,,,,,1004,26,3,2,2.589641,0.298805,0.199203,,,
2023/2024,18-64 yrs,Southern California,11/25/2023,47,2023,1354,15661,8.6456803524679149,Moderate,756,7599,9.948700,Moderate,124,3540,3.502800,Low,,,,,,,,,,,,,,,,441,6,2,0,1.360544,0.453515,0.000000,,,
2023/2024,>64 yrs,Southern California,11/25/2023,47,2023,1022,8410,12.152199762187871,Moderate,262,5763,4.546200,Low,118,2999,3.934600,Low,,,,,,,,,,,,,,,,1415,33,1,1,2.332155,0.070671,0.070671,,,
2023/2024,0-17 yrs,Bay Area,12/02/2023,48,2023,452,10525,4.2945368171021379,Low,1573,6742,23.331400,Very High,1462,5902,24.771300,Very High,,,,,,,,,,,,,,,,6,0,0,1,0.000000,0.000000,16.666667,,,
2023/2024,18-64 yrs,Bay Area,12/02/2023,48,2023,2045,26340,7.763857251328778,Low,2180,11932,18.270200,High,547,9832,5.563500,Moderate,,,,,,,,,,,,,,,,228,7,0,0,3.070175,0.000000,0.000000,,,
2023/2024,18-64 yrs,Greater Sierra-Sacramento,12/02/2023,48,2023,532,5388,9.8737936154417234,Moderate,533,3317,16.068700,High,104,2077,5.007200,Moderate,,,,,,,,,,,,,,,,12,0,0,0,0.000000,0.000000,0.000000,,,
2023/2024,18-64 yrs,Los Angeles,12/09/2023,49,2023,2056,21451,9.5846347489627526,Moderate,1523,8856,17.197400,High,169,3809,4.436900,Moderate,,,,,,,,,,,,,,,,349,3,2,1,0.859599,0.573066,0.286533,,,
2023/2024,>64 yrs,Central California,12/16/2023,50,2023,408,4395,9.2832764505119449,Moderate,342,2819,12.132000,Moderate,120,2217,5.412700,Moderate,,,,,,,,,,,,,,,,565,16,8,2,2.831858,1.415929,0.353982,,,
2023/2024,18-64 yrs,Greater Sierra-Sacramento,12/16/2023,50,2023,597,6280,9.5063694267515935,Moderate,537,3644,14.736600,Moderate,140,2375,5.894700,Moderate,,,,,,,,,,,,,,,,12,0,0,0,0.000000,0.000000,0.000000,,,
2023/2024,0-17 yrs,Southern California,12/16/2023,50,2023,664,11427,5.8107989848604182,Low,1692,6511,25.986800,Very High,1010,4568,22.110300,Very High,,,,,,,,,,,,,,,,24,0,0,1,0.000000,0.000000,4.166667,,,
2023/2024,18-64 yrs,Southern California,12/16/2023,50,2023,2400,19796,12.12366134572641,Moderate,2075,10505,19.752500,High,212,4536,4.673700,Moderate,,,,,,,,,,,,,,,,449,6,1,1,1.336303,0.222717,0.222717,,,
2023/2024,>64 yrs,Southern California,12/16/2023,50,2023,1561,10115,15.432525951557095,High,695,7391,9.403300,Moderate,202,3751,5.385200,Moderate,,,,,,,,,,,,,,,,1504,58,7,2,3.856383,0.465426,0.132979,,,
2023/2024,0-17 yrs,Central California,12/23/2023,51,2023,280,6948,4.0299366724237187,Low,1751,4950,35.373700,Very High,972,3936,24.695100,Very High,,,,,,,,,,,,,,,,12,0,1,1,0.000000,8.333333,8.333333,,,
2023/2024,>64 yrs,Greater Sierra-Sacramento,12/23/2023,51,2023,578,3243,17.823003391921059,Very High,308,2489,12.374400,Moderate,142,1925,7.376600,High,,,,,,,,,,,,,,,,38,3,1,0,7.894737,2.631579,0.000000,,,
2023/2024,18-64 yrs,Southern California,12/23/2023,51,2023,2919,22351,13.059818352646413,High,3054,12567,24.301700,Very High,267,5558,4.803900,Moderate,,,,,,,,,,,,,,,,434,9,8,2,2.073733,1.843318,0.460829,,,
2023/2024,0-17 yrs,Bay Area,12/30/2023,52,2023,571,11254,5.0737515550026657,Low,1608,6445,24.949600,Very High,898,5743,15.636400,Very High,,,,,,,,,,,,,,,,6,0,0,1,0.000000,0.000000,16.666667,,,
2023/2024,>64 yrs,Rural North,12/30/2023,52,2023,94,500,18.800000000000001,Very High,63,540,11.666700,Moderate,26,397,6.549100,Moderate,,,,,,,,,,,,,,,,125,5,0,1,4.000000,0.000000,0.800000,,,
2023/2024,0-17 yrs,Bay Area,01/06/2024,1,2024,514,9413,5.4605333050037181,Low,1041,5194,20.042400,High,755,4801,15.725900,Very High,,,,,,,,,,,,,,,,8,0,0,0,0.000000,0.000000,0.000000,,,
2023/2024,>64 yrs,Greater Sierra-Sacramento,01/06/2024,1,2024,679,3472,19.556451612903224,Very High,338,2773,12.189000,Moderate,203,2129,9.535000,High,,,,,,,,,,,,,,,,53,3,1,1,5.660377,1.886792,1.886792,,,
2023/2024,18-64 yrs,Bay Area,01/13/2024,2,2024,2496,30230,8.2566986437313936,Moderate,1591,12767,12.461800,Moderate,469,10589,4.429100,Moderate,,,,,,5244977.000000,281,,,5.3575068108020298,,,Low,,,226,3,1,1,1.327434,0.442478,0.442478,,,
2023/2024,0-17 yrs,Rural North,01/13/2024,2,2024,24,325,7.384615384615385,Low,50,275,18.181800,High,47,159,29.559700,Very High,,,,,,151044.000000,0,,,0,,,Very Low,,,1,0,0,0,0.000000,0.000000,0.000000,,,
2023/2024,18-64 yrs,Southern California,01/13/2024,2,2024,2330,21504,10.835193452380953,Moderate,1707,11003,15.514000,High,278,5214,5.331800,Moderate,,,,,,7861790.000000,291,,,3.7014471259089898,,,Low,,,440,16,5,1,3.636364,1.136364,0.227273,,,
2023/2024,0-17 yrs,Bay Area,01/20/2024,3,2024,544,9681,5.6192542092759012,Low,1082,5446,19.867800,High,407,4631,8.788600,High,,,,,,1696702.000000,13,,,0.76619229540602896,,,Very Low,,,4,0,0,0,0.000000,0.000000,0.000000,,,
2023/2024,0-17 yrs,Central California,01/27/2024,4,2024,235,4515,5.2048726467331123,Low,404,2861,14.120900,Moderate,444,2321,19.129700,Very High,,,,,,1246767.000000,5,,,0.40103724272458302,,,Very Low,,,17,0,0,0,0.000000,0.000000,0.000000,,,
2023/2024,18-64 yrs,Bay Area,02/03/2024,5,2024,1346,28794,4.6745849829825659,Low,878,11858,7.404300,Low,207,10192,2.031000,Low,,,,,,5244977.000000,187,,,3.5653159203558,,,Low,,,249,6,2,0,2.409639,0.803213,0.000000,,,
2023/2024,0-17 yrs,Greater Sierra-Sacramento,02/03/2024,5,2024,172,2731,6.298059318930795,Low,279,2115,13.191500,Moderate,230,1516,15.171500,Very High,,,,,,673877.000000,12,,,1.78074040218022,,,Very Low,,,1,0,0,0,0.000000,0.000000,0.000000,,,
2023/2024,>64 yrs,Los Angeles,02/03/2024,5,2024,830,14239,5.8290610295666827,Low,203,5420,3.745400,Low,125,3205,3.900200,Low,,,,,,1558959.000000,429,,,27.518363215453402,,,High,,,1014,25,3,4,2.465483,0.295858,0.394477,,,
2023/2024,0-17 yrs,Los Angeles,02/10/2024,6,2024,246,4987,4.9328253458993379,Low,400,3284,12.180300,Moderate,164,1921,8.537200,High,,,,,,1975596.000000,19,,,0.96173509158755099,,,Very Low,,,13,0,0,0,0.000000,0.000000,0.000000,,,
2023/2024,>64 yrs,Rural North,02/10/2024,6,2024,50,394,12.690355329949238,Moderate,14,393,3.562300,Low,21,289,7.266400,High,,,,,,146162.000000,26,,,17.788481274202599,,,Moderate,,,110,2,0,2,1.818182,0.000000,1.818182,,,
2023/2024,>64 yrs,Bay Area,02/17/2024,7,2024,737,10457,7.0479104905804721,Low,150,6667,2.249900,Low,122,5838,2.089800,Low,,,,,,1450195.000000,361,,,24.893204017390801,,,High,,,864,17,3,3,1.967593,0.347222,0.347222,,,
2023/2024,>64 yrs,Central California,02/17/2024,7,2024,283,3375,8.3851851851851862,Moderate,43,2337,1.840000,Very Low,77,1904,4.044100,Moderate,,,,,,565180.000000,133,,,23.5323259846421,,,High,,,500,12,3,4,2.400000,0.600000,0.800000,,,
2023/2024,>64 yrs,Greater Sierra-Sacramento,02/17/2024,7,2024,233,2325,10.021505376344086,Moderate,53,1900,2.789500,Low,60,1443,4.158000,Moderate,,,,,,510647.000000,125,,,24.478749507977099,,,High,,,44,2,0,0,4.545455,0.000000,0.000000,,,
2023/2024,0-17 yrs,Central California,02/24/2024,8,2024,147,4425,3.3220338983050843,Low,291,3024,9.623000,Moderate,244,2559,9.535000,High,,,,,,1246767.000000,0,,,0,,,Very Low,,,16,0,0,0,0.000000,0.000000,0.000000,,,
2023/2024,>64 yrs,Central California,02/24/2024,8,2024,288,3454,8.3381586566299948,Moderate,56,2474,2.263500,Low,58,2087,2.779100,Low,,,,,,565180.000000,94,,,16.631869492904901,,,Moderate,,,471,7,1,2,1.486200,0.212314,0.424628,,,
2023/2024,>64 yrs,Greater Sierra-Sacramento,02/24/2024,8,2024,243,2391,10.163111668757843,Moderate,51,2096,2.433200,Low,46,1599,2.876800,Low,,,,,,510647.000000,145,,,28.3953494292535,,,High,,,40,0,0,0,0.000000,0.000000,0.000000,,,
2023/2024,>64 yrs,Rural North,02/24/2024,8,2024,65,429,15.151515151515152,High,22,525,4.190500,Low,13,378,3.439200,Low,,,,,,146162.000000,23,,,15.7359642041023,,,Moderate,,,107,7,0,0,6.542056,0.000000,0.000000,,,
2023/2024,>64 yrs,Rural North,03/02/2024,9,2024,50,433,11.547344110854503,Moderate,13,472,2.754200,Low,13,415,3.132500,Low,,,,,,146162.000000,26,,,17.788481274202599,,,Moderate,,,123,7,1,1,5.691057,0.813008,0.813008,,,
2023/2024,>64 yrs,Southern California,03/02/2024,9,2024,508,7750,6.5548387096774201,Low,130,5770,2.253000,Low,86,3253,2.643700,Low,,,,,,1990514.000000,262,,,13.1624294026568,,,Moderate,,,1355,28,2,3,2.066421,0.147601,0.221402,,,
2023/2024,>64 yrs,Los Angeles,03/09/2024,10,2024,358,11889,3.0111868113382121,Low,108,5201,2.076500,Low,65,3295,1.972700,Low,,,,,,1558959.000000,174,,,11.161294171302799,,,Low,,,867,13,0,2,1.499423,0.000000,0.230681,,,
2023/2024,0-17 yrs,Central California,03/23/2024,12,2024,97,4457,2.176351806147633,Very Low,296,2984,9.919600,Moderate,62,2618,2.368200,Low,,,,,,1246767.000000,1,,,0.080207448544917001,,,Very Low,,,16,0,0,0,0.000000,0.000000,0.000000,,,
2023/2024,0-17 yrs,Los Angeles,03/23/2024,12,2024,66,5321,1.2403683518135689,Very Low,268,3673,7.296500,Low,62,2305,2.689800,Low,,,,,,1975596.000000,11,,,0.55679400039279303,,,Very Low,,,15,0,1,0,0.000000,6.666667,0.000000,,,
2023/2024,0-17 yrs,Southern California,03/23/2024,12,2024,111,5924,1.87373396353815,Very Low,319,4083,7.812900,Low,92,3114,2.954400,Low,,,,,,2950125.000000,17,,,0.57624676920469498,,,Very Low,,,28,0,1,0,0.000000,3.571429,0.000000,,,
2023/2024,18-64 yrs,Southern California,10/07/2023,40,2023,1480,15999,9.2505781611350724,Moderate,112,5592,2.002900,Low,9,2523,0.356700,Very Low,,,,,,,,,,,,,,,,426,6,0,0,1.408451,0.000000,0.000000,,,
2023/2024,>64 yrs,Southern California,10/07/2023,40,2023,1036,8528,12.148217636022514,Moderate,40,4193,0.954000,Very Low,15,2018,0.743300,Very Low,,,,,,,,,,,,,,,,1332,28,0,0,2.102102,0.000000,0.000000,,,
2023/2024,>64 yrs,Central California,10/14/2023,41,2023,227,3340,6.7964071856287429,Low,21,1309,1.604300,Very Low,3,908,0.330400,Very Low,,,,,,,,,,,,,,,,402,7,0,0,1.741294,0.000000,0.000000,,,
2023/2024,18-64 yrs,Los Angeles,10/21/2023,42,2023,1147,18739,6.1209242755750042,Low,104,5346,1.945400,Very Low,25,2602,0.960800,Very Low,,,,,,,,,,,,,,,,323,5,0,0,1.547988,0.000000,0.000000,,,
2023/2024,0-17 yrs,Bay Area,10/28/2023,43,2023,436,8294,5.2568121533638772,Low,723,3299,21.915700,Very High,743,2914,25.497600,Very High,,,,,,,,,,,,,,,,12,0,0,1,0.000000,0.000000,8.333333,,,
2023/2024,18-64 yrs,Rural North,10/28/2023,43,2023,56,648,8.6419753086419746,Moderate,3,327,0.917400,Very Low,1,168,0.595200,Very Low,,,,,,,,,,,,,,,,32,0,0,0,0.000000,0.000000,0.000000,,,
2023/2024,>64 yrs,Bay Area,11/04/2023,44,2023,880,9913,8.877231917683849,Moderate,291,4284,6.792700,Low,207,3706,5.585500,Moderate,,,,,,,,,,,,,,,,894,13,0,0,1.454139,0.000000,0.000000,,,
2023/2024,0-17 yrs,Rural North,11/04/2023,44,2023,16,284,5.6338028169014089,Low,7,209,3.349300,Low,1,106,0.943400,Very Low,,,,,,,,,,,,,,,,2,0,0,0,0.000000,0.000000,0.000000,,,
2023/2024,>64 yrs,Rural North,11/04/2023,44,2023,52,358,14.52513966480447,High,2,292,0.684900,Very Low,0,198,0.000000,Very Low,,,,,,,,,,,,,,,,112,1,0,0,0.892857,0.000000,0.000000,,,
2023/2024,>64 yrs,Greater Sierra-Sacramento,11/11/2023,45,2023,253,2093,12.087912087912088,Moderate,74,1341,5.518300,Low,50,1025,4.878000,Moderate,,,,,,,,,,,,,,,,38,0,0,0,0.000000,0.000000,0.000000,,,
2023/2024,18-64 yrs,Los Angeles,11/11/2023,45,2023,1266,18424,6.8714719930525403,Low,399,6504,6.134700,Low,49,3191,1.535600,Low,,,,,,,,,,,,,,,,306,3,1,0,0.980392,0.326797,0.000000,,,
2023/2024,0-17 yrs,Bay Area,11/18/2023,46,2023,415,11928,3.4792085848423873,Low,1506,7208,20.893500,High,2006,6207,32.318400,Very High,,,,,,,,,,,,,,,,16,1,0,0,6.250000,0.000000,0.000000,,,
2023/2024,0-17 yrs,Central California,11/18/2023,46,2023,216,5191,4.1610479676362937,Low,443,2758,16.062400,High,335,2137,15.676200,Very High,,,,,,,,,,,,,,,,8,0,0,0,0.000000,0.000000,0.000000,,,
2023/2024,0-17 yrs,Rural North,11/25/2023,47,2023,10,266,3.7593984962406015,Low,11,206,5.339800,Low,21,137,15.328500,Very High,,,,,,,,,,,,,,,,1,0,0,0,0.000000,0.000000,0.000000,,,
2023/2024,>64 yrs,Rural North,11/25/2023,47,2023,42,301,13.953488372093023,High,6,318,1.886800,Very Low,3,231,1.298700,Low,,,,,,,,,,,,,,,,120,4,0,0,3.333333,0.000000,0.000000,,,
2023/2024,>64 yrs,Los Angeles,12/02/2023,48,2023,1211,14845,8.1576288312563161,Moderate,391,5607,6.973400,Low,106,2619,4.047300,Moderate,,,,,,,,,,,,,,,,1045,34,2,1,3.253589,0.191388,0.095694,,,
2023/2024,>64 yrs,Rural North,12/09/2023,49,2023,64,443,14.446952595936793,High,2,437,0.457700,Very Low,14,353,3.966000,Low,,,,,,,,,,,,,,,,117,5,0,0,4.273504,0.000000,0.000000,,,
2023/2024,18-64 yrs,Southern California,12/09/2023,49,2023,2128,19311,11.019626119828077,Moderate,1322,9335,14.161800,Moderate,218,4245,5.135500,Moderate,,,,,,,,,,,,,,,,411,6,3,1,1.459854,0.729927,0.243309,,,
2023/2024,18-64 yrs,Bay Area,12/16/2023,50,2023,2077,29903,6.9457913921680099,Low,1932,12361,15.629800,High,477,9849,4.843100,Moderate,,,,,,,,,,,,,,,,207,1,2,0,0.483092,0.966184,0.000000,,,
2023/2024,0-17 yrs,Greater Sierra-Sacramento,12/16/2023,50,2023,169,3466,4.8759376803231387,Low,610,2817,21.654200,Very High,495,1897,26.093800,Very High,,,,,,,,,,,,,,,,1,0,0,0,0.000000,0.000000,0.000000,,,
2023/2024,>64 yrs,Bay Area,12/23/2023,51,2023,1882,12342,15.248744125749472,High,638,7170,8.898200,Low,351,6410,5.475800,Moderate,,,,,,,,,,,,,,,,999,28,7,6,2.802803,0.700701,0.600601,,,
2023/2024,0-17 yrs,Los Angeles,12/23/2023,51,2023,629,8135,7.7320221266133986,Low,2155,5855,36.806100,Very High,644,3270,19.694200,Very High,,,,,,,,,,,,,,,,8,0,0,0,0.000000,0.000000,0.000000,,,
2023/2024,18-64 yrs,Bay Area,12/30/2023,52,2023,2496,27779,8.9852046509953549,Moderate,2477,13382,18.509900,High,483,10828,4.460700,Moderate,,,,,,,,,,,,,,,,243,6,6,0,2.469136,2.469136,0.000000,,,
2023/2024,18-64 yrs,Central California,12/30/2023,52,2023,924,13050,7.0804597701149428,Low,1386,6132,22.602700,Very High,243,4419,5.499000,Moderate,,,,,,,,,,,,,,,,205,4,1,0,1.951220,0.487805,0.000000,,,
2023/2024,18-64 yrs,Central California,01/20/2024,3,2024,870,10425,8.3453237410071957,Moderate,552,4617,11.955800,Moderate,204,3454,5.906200,Moderate,,,,,,2620187.000000,82,,,3.1295476238909701,,,Low,,,203,2,3,2,0.985222,1.477833,0.985222,,,
2023/2024,>64 yrs,Central California,01/20/2024,3,2024,465,3703,12.557385903321631,Moderate,146,2600,5.615400,Low,142,2205,6.439900,Moderate,,,,,,565180.000000,211,,,37.333238968116397,,,Very High,,,517,18,2,4,3.481625,0.386847,0.773694,,,
2023/2024,18-64 yrs,Greater Sierra-Sacramento,01/20/2024,3,2024,543,5800,9.3620689655172402,Moderate,489,3442,14.206900,Moderate,134,2503,5.353600,Moderate,,,,,,1788686.000000,89,,,4.9757196064597098,,,Low,,,15,0,0,0,0.000000,0.000000,0.000000,,,
2023/2024,>64 yrs,Central California,01/27/2024,4,2024,388,3835,10.117340286831812,Moderate,102,2425,4.206200,Low,119,2028,5.867900,Moderate,,,,,,565180.000000,169,,,29.901978130861,,,High,,,536,13,6,6,2.425373,1.119403,1.119403,,,
2023/2024,>64 yrs,Bay Area,02/03/2024,5,2024,840,11078,7.58259613648673,Low,186,6623,2.808400,Low,138,5798,2.380100,Low,,,,,,1450195.000000,418,,,28.823709914873501,,,High,,,875,25,5,4,2.857143,0.571429,0.457143,,,
2023/2024,18-64 yrs,Central California,02/03/2024,5,2024,837,11302,7.4057688904618653,Low,328,4172,7.861900,Low,118,3219,3.665700,Low,,,,,,2620187.000000,81,,,3.0913824089654698,,,Low,,,185,3,0,0,1.621622,0.000000,0.000000,,,
2023/2024,18-64 yrs,Rural North,02/03/2024,5,2024,71,865,8.2080924855491322,Moderate,81,564,14.361700,Moderate,20,352,5.681800,Moderate,,,,,,386509.000000,21,,,5.4332499372588998,,,Low,,,28,0,0,0,0.000000,0.000000,0.000000,,,
2023/2024,18-64 yrs,Central California,02/10/2024,6,2024,734,10710,6.8534080298786186,Low,279,4241,6.578600,Low,120,3276,3.663000,Low,,,,,,2620187.000000,108,,,4.1218432119539603,,,Low,,,184,1,1,0,0.543478,0.543478,0.000000,,,
2023/2024,18-64 yrs,Greater Sierra-Sacramento,02/10/2024,6,2024,416,5293,7.8594369922539205,Low,206,2851,7.225500,Low,77,2070,3.719800,Low,,,,,,1788686.000000,82,,,4.58437087336738,,,Low,,,15,0,0,0,0.000000,0.000000,0.000000,,,
2023/2024,0-17 yrs,Bay Area,02/17/2024,7,2024,293,11796,2.4838928450322144,Very Low,534,6458,8.268800,Low,220,5572,3.948300,Low,,,,,,1696702.000000,10,,,0.58937868877386801,,,Very Low,,,10,0,0,0,0.000000,0.000000,0.000000,,,
2023/2024,18-64 yrs,Bay Area,02/17/2024,7,2024,1085,29021,3.738671996140726,Low,854,12747,6.699600,Low,161,10774,1.494300,Low,,,,,,5244977.000000,149,,,2.8408132199626399,,,Very Low,,,230,3,4,0,1.304348,1.739130,0.000000,,,
2023/2024,0-17 yrs,Central California,02/17/2024,7,2024,192,4710,4.0764331210191083,Low,324,3086,10.499000,Moderate,301,2584,11.648600,Very High,,,,,,1246767.000000,2,,,0.160414897089833,,,Very Low,,,9,0,0,0,0.000000,0.000000,0.000000,,,
2023/2024,18-64 yrs,Los Angeles,02/17/2024,7,2024,893,18070,4.941892639734367,Low,696,8555,8.135600,Low,94,4189,2.244000,Low,,,,,,6291153.000000,143,,,2.2730332579735402,,,Very Low,,,340,4,0,0,1.176471,0.000000,0.000000,,,
2023/2024,18-64 yrs,Southern California,02/24/2024,8,2024,760,17274,4.3996758133611209,Low,633,8455,7.486700,Low,105,3850,2.727300,Low,,,,,,7861790.000000,117,,,1.48821070010774,,,Very Low,,,369,3,0,1,0.813008,0.000000,0.271003,,,
2023/2024,>64 yrs,Bay Area,03/02/2024,9,2024,494,10445,4.729535662996649,Low,127,7002,1.813800,Very Low,94,6405,1.467600,Low,,,,,,1450195.000000,283,,,19.514616999782799,,,Moderate,,,861,15,2,1,1.742160,0.232288,0.116144,,,
2023/2024,18-64 yrs,Los Angeles,03/02/2024,9,2024,542,17380,3.1185270425776754,Low,462,7831,5.899600,Low,70,4330,1.616600,Low,,,,,,6291153.000000,91,,,1.44647570961952,,,Very Low,,,316,5,0,0,1.582278,0.000000,0.000000,,,
2023/2024,>64 yrs,Central California,03/09/2024,10,2024,191,3268,5.844553243574051,Low,29,2291,1.265800,Very Low,40,2025,1.975300,Low,,,,,,565180.000000,101,,,17.870412965780801,,,Moderate,,,451,8,1,3,1.773836,0.221729,0.665188,,,
2023/2024,18-64 yrs,Los Angeles,03/09/2024,10,2024,431,18077,2.384245173424794,Very Low,400,8483,4.715300,Low,63,4708,1.338100,Low,,,,,,6291153.000000,100,,,1.58953374683464,,,Very Low,,,345,4,1,0,1.159420,0.289855,0.000000,,,
2023/2024,0-17 yrs,Central California,03/16/2024,11,2024,90,4546,1.9797624285085789,Very Low,293,3242,9.037600,Moderate,118,2813,4.194800,Moderate,,,,,,1246767.000000,3,,,0.24062234563474999,,,Very Low,,,16,0,0,0,0.000000,0.000000,0.000000,,,
2023/2024,0-17 yrs,Rural North,03/16/2024,11,2024,9,499,1.8036072144288577,Very Low,67,438,15.296800,High,14,293,4.778200,Moderate,,,,,,151044.000000,0,,,0,,,Very Low,,,1,0,0,0,0.000000,0.000000,0.000000,,,
2023/2024,18-64 yrs,Greater Sierra-Sacramento,03/23/2024,12,2024,157,4643,3.3814344174025415,Low,164,2981,5.501500,Low,20,2151,0.929800,Very Low,,,,,,1788686.000000,42,,,2.3480923985540199,,,Very Low,,,11,0,0,0,0.000000,0.000000,0.000000,,,
2023/2024,18-64 yrs,Rural North,03/23/2024,12,2024,24,784,3.0612244897959182,Low,41,511,8.023500,Low,5,358,1.396600,Low,,,,,,386509.000000,15,,,3.8808928123277902,,,Low,,,39,0,0,0,0.000000,0.000000,0.000000,,,
2023/2024,18-64 yrs,Central California,03/30/2024,13,2024,218,10031,2.1732628850563254,Very Low,256,3782,6.768900,Low,20,2989,0.669100,Very Low,,,,,,2620187.000000,39,,,1.48844338209448,,,Very Low,,,164,1,0,0,0.609756,0.000000,0.000000,,,
2023/2024,18-64 yrs,Greater Sierra-Sacramento,03/30/2024,13,2024,136,4453,3.0541208174264542,Low,165,2767,5.963100,Low,9,1972,0.456400,Very Low,,,,,,1788686.000000,43,,,2.4039993604243599,,,Very Low,,,16,0,0,0,0.000000,0.000000,0.000000,,,
2023/2024,0-17 yrs,Bay Area,10/14/2023,41,2023,196,8516,2.3015500234852042,Very Low,62,2394,2.589800,Low,295,1821,16.199900,Very High,,,,,,,,,,,,,,,,13,0,0,0,0.000000,0.000000,0.000000,,,
2023/2024,0-17 yrs,Central California,10/14/2023,41,2023,88,3574,2.4622271964185787,Very Low,79,1531,5.160000,Low,33,1099,3.002700,Low,,,,,,,,,,,,,,,,7,0,0,0,0.000000,0.000000,0.000000,,,
2023/2024,18-64 yrs,Bay Area,10/21/2023,42,2023,1242,24849,4.9981890619340819,Low,518,5732,9.037000,Moderate,310,5032,6.160600,Moderate,,,,,,,,,,,,,,,,205,6,0,0,2.926829,0.000000,0.000000,,,
2023/2024,0-17 yrs,Greater Sierra-Sacramento,10/21/2023,42,2023,120,1925,6.2337662337662341,Low,175,872,20.068800,High,111,494,22.469600,Very High,,,,,,,,,,,,,,,,1,0,0,0,0.000000,0.000000,0.000000,,,
2023/2024,0-17 yrs,Los Angeles,10/21/2023,42,2023,199,4926,4.0397888753552582,Low,81,2434,3.327900,Low,154,1464,10.519100,Very High,,,,,,,,,,,,,,,,15,0,0,0,0.000000,0.000000,0.000000,,,
2023/2024,>64 yrs,Bay Area,10/28/2023,43,2023,759,9124,8.3187198597106526,Moderate,204,3000,6.800000,Low,109,2575,4.233000,Moderate,,,,,,,,,,,,,,,,809,16,1,0,1.977750,0.123609,0.000000,,,
2023/2024,>64 yrs,Central California,10/28/2023,43,2023,231,2971,7.7751598788286778,Low,20,1241,1.611600,Very Low,2,860,0.232600,Very Low,,,,,,,,,,,,,,,,425,11,0,0,2.588235,0.000000,0.000000,,,
2023/2024,>64 yrs,Southern California,10/28/2023,43,2023,757,8327,9.0909090909090917,Moderate,63,4179,1.507500,Very Low,29,2181,1.329700,Low,,,,,,,,,,,,,,,,1324,25,1,1,1.888218,0.075529,0.075529,,,
2023/2024,>64 yrs,Greater Sierra-Sacramento,11/04/2023,44,2023,294,2095,14.033412887828161,High,75,1187,6.318400,Low,30,774,3.876000,Low,,,,,,,,,,,,,,,,48,0,0,0,0.000000,0.000000,0.000000,,,
2023/2024,>64 yrs,Los Angeles,11/04/2023,44,2023,702,12894,5.4443927408096791,Low,73,3940,1.852800,Very Low,35,2117,1.653300,Low,,,,,,,,,,,,,,,,898,17,0,0,1.893096,0.000000,0.000000,,,
2023/2024,18-64 yrs,Bay Area,11/11/2023,45,2023,1381,26050,5.3013435700575817,Low,986,8725,11.300900,Moderate,567,7423,7.638400,High,,,,,,,,,,,,,,,,212,6,1,0,2.830189,0.471698,0.000000,,,
2023/2024,18-64 yrs,Central California,11/11/2023,45,2023,580,10768,5.3863298662704313,Low,323,3283,9.838600,Moderate,31,2204,1.406500,Low,,,,,,,,,,,,,,,,185,2,1,0,1.081081,0.540541,0.000000,,,
2023/2024,18-64 yrs,Rural North,11/11/2023,45,2023,82,782,10.485933503836318,Moderate,14,433,3.233300,Low,0,265,0.000000,Very Low,,,,,,,,,,,,,,,,36,1,0,0,2.777778,0.000000,0.000000,,,
2023/2024,0-17 yrs,Los Angeles,11/18/2023,46,2023,290,6057,4.7878487700181616,Low,590,3853,15.312700,High,476,2277,20.904700,Very High,,,,,,,,,,,,,,,,14,0,0,0,0.000000,0.000000,0.000000,,,
2023/2024,18-64 yrs,Los Angeles,11/18/2023,46,2023,1536,19404,7.9158936301793448,Low,686,6961,9.854900,Moderate,95,3223,2.947600,Low,,,,,,,,,,,,,,,,329,3,0,1,0.911854,0.000000,0.303951,,,
2023/2024,0-17 yrs,Rural North,11/18/2023,46,2023,17,374,4.5454545454545459,Low,16,242,6.611600,Low,12,163,7.362000,High,,,,,,,,,,,,,,,,2,0,0,0,0.000000,0.000000,0.000000,,,
2023/2024,18-64 yrs,Bay Area,11/25/2023,47,2023,1305,21349,6.1126984870485739,Low,1458,8500,17.152900,High,455,6820,6.671600,Moderate,,,,,,,,,,,,,,,,221,4,0,0,1.809955,0.000000,0.000000,,,
2023/2024,>64 yrs,Bay Area,12/02/2023,48,2023,1307,10723,12.188753147440082,Moderate,656,6347,10.335600,Moderate,359,5624,6.383400,Moderate,,,,,,,,,,,,,,,,948,21,5,1,2.215190,0.527426,0.105485,,,
2023/2024,18-64 yrs,Central California,12/02/2023,48,2023,844,13265,6.3626083678854126,Low,774,4899,15.799100,High,107,3436,3.114100,Low,,,,,,,,,,,,,,,,204,3,1,0,1.470588,0.490196,0.000000,,,
2023/2024,>64 yrs,Greater Sierra-Sacramento,12/02/2023,48,2023,303,2586,11.716937354988399,Moderate,222,2054,10.808200,Moderate,70,1530,4.575200,Moderate,,,,,,,,,,,,,,,,36,3,0,0,8.333333,0.000000,0.000000,,,
2023/2024,0-17 yrs,Los Angeles,12/02/2023,48,2023,334,6092,5.4826001313197636,Low,919,4083,22.508000,Very High,533,2284,23.336300,Very High,,,,,,,,,,,,,,,,14,0,0,0,0.000000,0.000000,0.000000,,,
2023/2024,0-17 yrs,Rural North,12/02/2023,48,2023,21,388,5.4123711340206189,Low,27,256,10.546900,Moderate,24,161,14.906800,Very High,,,,,,,,,,,,,,,,1,0,0,0,0.000000,0.000000,0.000000,,,
2023/2024,18-64 yrs,Central California,12/16/2023,50,2023,842,14144,5.9530542986425337,Low,1302,5778,22.533700,Very High,181,4097,4.417900,Moderate,,,,,,,,,,,,,,,,191,0,2,0,0.000000,1.047120,0.000000,,,
2023/2024,0-17 yrs,Los Angeles,12/16/2023,50,2023,543,7932,6.8456883509833588,Low,1942,5805,33.453900,Very High,633,3048,20.767700,Very High,,,,,,,,,,,,,,,,12,0,1,0,0.000000,8.333333,0.000000,,,
2023/2024,>64 yrs,Los Angeles,12/23/2023,51,2023,2282,18108,12.602164789043515,Moderate,1110,7775,14.276500,Moderate,231,3885,5.945900,Moderate,,,,,,,,,,,,,,,,1138,50,6,7,4.393673,0.527241,0.615114,,,
2023/2024,18-64 yrs,Rural North,12/23/2023,51,2023,99,927,10.679611650485436,Moderate,107,690,15.507200,High,18,423,4.255300,Moderate,,,,,,,,,,,,,,,,37,0,0,0,0.000000,0.000000,0.000000,,,
2023/2024,>64 yrs,Rural North,12/23/2023,51,2023,98,478,20.502092050209207,Very High,48,530,9.056600,Moderate,21,370,5.675700,Moderate,,,,,,,,,,,,,,,,119,5,0,1,4.201681,0.000000,0.840336,,,
2023/2024,0-17 yrs,Southern California,12/23/2023,51,2023,759,10813,7.0193285859613432,Low,2235,7226,30.930000,Very High,1119,5335,20.974700,Very High,,,,,,,,,,,,,,,,17,1,0,0,5.882353,0.000000,0.000000,,,
2023/2024,>64 yrs,Southern California,12/23/2023,51,2023,1879,11555,16.261358719169191,High,1165,8523,13.668900,Moderate,267,4286,6.229600,Moderate,,,,,,,,,,,,,,,,1629,58,8,8,3.560467,0.491099,0.491099,,,
2023/2024,0-17 yrs,Southern California,12/30/2023,52,2023,642,8028,7.9970104633781762,Low,1558,5718,27.247300,Very High,976,4404,22.161700,Very High,,,,,,,,,,,,,,,,14,0,0,0,0.000000,0.000000,0.000000,,,
2023/2024,>64 yrs,Southern California,12/30/2023,52,2023,2022,11544,17.515592515592516,Very High,1063,8909,11.931800,Moderate,311,4488,6.929600,Moderate,,,,,,,,,,,,,,,,1559,42,18,5,2.694035,1.154586,0.320718,,,
2023/2024,>64 yrs,Central California,01/06/2024,1,2024,462,4404,10.490463215258854,Moderate,321,3222,9.962800,Moderate,204,2641,7.724300,High,,,,,,,,,,,,,,,,541,12,15,6,2.218115,2.772643,1.109057,,,
2023/2024,>64 yrs,Rural North,01/06/2024,1,2024,59,442,13.348416289592761,High,39,491,7.943000,Low,40,352,11.363600,Very High,,,,,,,,,,,,,,,,119,4,2,0,3.361345,1.680672,0.000000,,,
2023/2024,0-17 yrs,Bay Area,01/13/2024,2,2024,502,9733,5.1577108805096064,Low,995,5111,19.467800,High,520,4401,11.815500,Very High,,,,,,1696702.000000,14,,,0.82513016428341601,,,Very Low,,,12,0,0,0,0.000000,0.000000,0.000000,,,
2023/2024,>64 yrs,Rural North,01/13/2024,2,2024,64,434,14.746543778801843,High,35,457,7.658600,Low,21,293,7.167200,High,,,,,,146162.000000,23,,,15.7359642041023,,,Moderate,,,121,2,1,1,1.652893,0.826446,0.826446,,,
2023/2024,0-17 yrs,Central California,01/20/2024,3,2024,246,4012,6.1316051844466601,Low,446,2605,17.120900,High,405,2139,18.934100,Very High,,,,,,1246767.000000,4,,,0.32082979417966601,,,Very Low,,,8,0,0,0,0.000000,0.000000,0.000000,,,
2023/2024,0-17 yrs,Rural North,01/20/2024,3,2024,24,382,6.2827225130890048,Low,92,334,27.544900,Very High,35,212,16.509400,Very High,,,,,,151044.000000,0,,,0,,,Very Low,,,2,0,0,0,0.000000,0.000000,0.000000,,,
2023/2024,18-64 yrs,Rural North,01/20/2024,3,2024,80,832,9.6153846153846168,Moderate,80,586,13.651900,Moderate,23,366,6.284200,Moderate,,,,,,386509.000000,19,,,4.9157975622818597,,,Low,,,32,1,1,0,3.125000,3.125000,0.000000,,,
2023/2024,>64 yrs,Greater Sierra-Sacramento,01/27/2024,4,2024,292,2563,11.392898946547016,Moderate,94,1983,4.740300,Low,120,1518,7.905100,High,,,,,,510647.000000,162,,,31.724459362338401,,,High,,,30,0,0,0,0.000000,0.000000,0.000000,,,
2023/2024,0-17 yrs,Los Angeles,01/27/2024,4,2024,438,5320,8.2330827067669166,Moderate,583,3434,16.977300,High,229,2062,11.105700,Very High,,,,,,1975596.000000,27,,,1.36667618278231,,,Very Low,,,9,0,0,0,0.000000,0.000000,0.000000,,,
2023/2024,0-17 yrs,Southern California,01/27/2024,4,2024,565,8745,6.4608347627215554,Low,927,4754,19.499400,High,433,3576,12.108500,Very High,,,,,,2950125.000000,65,,,2.20329647048854,,,Very Low,,,21,0,1,0,0.000000,4.761905,0.000000,,,
2023/2024,0-17 yrs,Los Angeles,02/03/2024,5,2024,359,5571,6.4440854424699339,Low,536,3669,14.608900,Moderate,204,2235,9.127500,High,,,,,,1975596.000000,24,,,1.2148232735842801,,,Very Low,,,10,0,0,0,0.000000,0.000000,0.000000,,,
2023/2024,0-17 yrs,Southern California,02/03/2024,5,2024,502,9014,5.5691147104504104,Low,698,4760,14.663900,Moderate,410,3563,11.507200,Very High,,,,,,2950125.000000,40,,,1.3558747510698701,,,Very Low,,,10,0,0,1,0.000000,0.000000,10.000000,,,
2023/2024,0-17 yrs,Rural North,02/10/2024,6,2024,25,487,5.1334702258726894,Low,86,393,21.883000,Very High,40,263,15.209100,Very High,,,,,,151044.000000,0,,,0,,,Very Low,,,3,0,0,0,0.000000,0.000000,0.000000,,,
2023/2024,0-17 yrs,Southern California,02/17/2024,7,2024,332,8082,4.1078940856223705,Low,527,4550,11.582400,Moderate,245,3319,7.381700,High,,,,,,2950125.000000,28,,,0.94911232574890902,,,Very Low,,,20,0,1,0,0.000000,5.000000,0.000000,,,
2023/2024,18-64 yrs,Southern California,02/17/2024,7,2024,1008,17387,5.7974348651291194,Low,691,8642,7.995800,Low,103,3983,2.586000,Low,,,,,,7861790.000000,164,,,2.08603893006554,,,Very Low,,,399,6,3,0,1.503759,0.751880,0.000000,,,
2023/2024,>64 yrs,Los Angeles,02/24/2024,8,2024,534,12186,4.3820777941900539,Low,135,5537,2.438100,Low,88,3299,2.667500,Low,,,,,,1558959.000000,274,,,17.575831051361799,,,Moderate,,,1041,20,1,1,1.921230,0.096061,0.096061,,,
2023/2024,0-17 yrs,Rural North,02/24/2024,8,2024,17,432,3.9351851851851851,Low,69,343,20.116600,High,17,228,7.456100,High,,,,,,151044.000000,3,,,1.98617621355367,,,Very Low,,,4,0,0,0,0.000000,0.000000,0.000000,,,
2023/2024,18-64 yrs,Rural North,02/24/2024,8,2024,92,950,9.6842105263157894,Moderate,83,690,12.029000,Moderate,20,434,4.608300,Moderate,,,,,,386509.000000,12,,,3.10471424986223,,,Low,,,36,1,0,0,2.777778,0.000000,0.000000,,,
2023/2024,>64 yrs,Southern California,02/24/2024,8,2024,599,7994,7.4931198398799097,Low,165,6243,2.643000,Low,114,3425,3.328500,Low,,,,,,1990514.000000,293,,,14.719816087704,,,Moderate,,,1439,27,1,5,1.876303,0.069493,0.347464,,,
2023/2024,>64 yrs,Greater Sierra-Sacramento,03/02/2024,9,2024,190,2154,8.8207985143918304,Moderate,54,2047,2.638000,Low,46,1670,2.754500,Low,,,,,,510647.000000,113,,,22.128789555211299,,,Moderate,,,51,0,0,0,0.000000,0.000000,0.000000,,,
2023/2024,0-17 yrs,Los Angeles,03/02/2024,9,2024,111,4924,2.2542648253452477,Very Low,303,3403,8.903900,Low,116,2145,5.407900,Moderate,,,,,,1975596.000000,3,,,0.15185290919803399,,,Very Low,,,12,0,0,0,0.000000,0.000000,0.000000,,,
2023/2024,>64 yrs,Bay Area,03/09/2024,10,2024,475,10407,4.5642356106466799,Low,128,6960,1.839100,Very Low,61,6397,0.953600,Very Low,,,,,,1450195.000000,241,,,16.618454759532298,,,Moderate,,,873,13,2,2,1.489118,0.229095,0.229095,,,
2023/2024,>64 yrs,Greater Sierra-Sacramento,03/09/2024,10,2024,143,2083,6.8650984157465196,Low,60,2033,2.951300,Low,46,1651,2.786200,Low,,,,,,510647.000000,95,,,18.603849626062601,,,Moderate,,,43,1,0,0,2.325581,0.000000,0.000000,,,
2023/2024,>64 yrs,Bay Area,03/16/2024,11,2024,412,10714,3.8454358782900879,Low,113,7302,1.547500,Very Low,54,6640,0.813300,Very Low,,,,,,1450195.000000,248,,,17.101148466240701,,,Moderate,,,938,15,1,2,1.599147,0.106610,0.213220,,,
2023/2024,18-64 yrs,Greater Sierra-Sacramento,03/16/2024,11,2024,179,5000,3.5800000000000001,Low,218,3224,6.761800,Low,22,2277,0.966200,Very Low,,,,,,1788686.000000,69,,,3.8575803690530401,,,Low,,,8,0,0,0,0.000000,0.000000,0.000000,,,
2023/2024,0-17 yrs,Los Angeles,03/16/2024,11,2024,64,5279,1.2123508240197007,Very Low,257,3642,7.056600,Low,61,2290,2.663800,Low,,,,,,1975596.000000,5,,,0.253088181996724,,,Very Low,,,8,0,0,0,0.000000,0.000000,0.000000,,,
2023/2024,18-64 yrs,Rural North,03/16/2024,11,2024,33,788,4.187817258883249,Low,45,573,7.853400,Low,6,390,1.538500,Low,,,,,,386509.000000,10,,,2.5872618748851899,,,Very Low,,,38,1,0,0,2.631579,0.000000,0.000000,,,
2023/2024,>64 yrs,Rural North,03/16/2024,11,2024,31,398,7.7889447236180906,Low,10,519,1.926800,Very Low,10,411,2.433100,Low,,,,,,146162.000000,17,,,11.630930063901699,,,Low,,,131,7,0,0,5.343511,0.000000,0.000000,,,
2023/2024,0-17 yrs,Southern California,03/16/2024,11,2024,111,7729,1.4361495665674731,Very Low,308,4230,7.281300,Low,140,3201,4.373600,Moderate,,,,,,2950125.000000,21,,,0.71183424431168196,,,Very Low,,,21,0,0,0,0.000000,0.000000,0.000000,,,
2023/2024,0-17 yrs,Bay Area,03/23/2024,12,2024,124,12444,0.99646415943426547,Very Low,501,6594,7.597800,Low,72,5670,1.269800,Low,,,,,,1696702.000000,6,,,0.35362721326432101,,,Very Low,,,7,0,0,0,0.000000,0.000000,0.000000,,,
2023/2024,>64 yrs,Bay Area,03/23/2024,12,2024,407,10581,3.8465173424061998,Low,153,7319,2.090400,Low,42,6529,0.643300,Very Low,,,,,,1450195.000000,213,,,14.6876799326987,,,Moderate,,,883,11,3,1,1.245753,0.339751,0.113250,,,
2023/2024,18-64 yrs,Central California,03/23/2024,12,2024,231,10141,2.2778818656937183,Very Low,280,3907,7.166600,Low,40,3042,1.314900,Low,,,,,,2620187.000000,48,,,1.83193031642398,,,Very Low,,,176,1,0,0,0.568182,0.000000,0.000000,,,
2023/2024,>64 yrs,Central California,03/23/2024,12,2024,134,3081,4.3492372606296659,Low,33,2191,1.506200,Very Low,34,1984,1.713700,Low,,,,,,565180.000000,68,,,12.031565165080201,,,Low,,,497,7,0,1,1.408451,0.000000,0.201207,,,
2023/2024,>64 yrs,Los Angeles,03/23/2024,12,2024,256,12056,2.1234240212342401,Very Low,88,4853,1.813300,Very Low,43,3084,1.394300,Low,,,,,,1558959.000000,112,,,7.1842813056661496,,,Low,,,987,14,1,0,1.418440,0.101317,0.000000,,,
2023/2024,18-64 yrs,Greater Sierra-Sacramento,10/14/2023,41,2023,448,4214,10.631229235880399,Moderate,22,976,2.254100,Low,5,476,1.050400,Low,,,,,,,,,,,,,,,,15,0,1,0,0.000000,6.666667,0.000000,,,
2023/2024,>64 yrs,Greater Sierra-Sacramento,10/14/2023,41,2023,224,1927,11.624286455630514,Moderate,7,633,1.105800,Very Low,1,379,0.263900,Very Low,,,,,,,,,,,,,,,,52,2,0,0,3.846154,0.000000,0.000000,,,
2023/2024,18-64 yrs,Los Angeles,10/14/2023,41,2023,1155,19829,5.8248020575924153,Low,76,5238,1.450900,Very Low,18,2419,0.744100,Very Low,,,,,,,,,,,,,,,,329,6,0,0,1.823708,0.000000,0.000000,,,
2023/2024,0-17 yrs,Southern California,10/14/2023,41,2023,299,7438,4.0198978219951602,Low,63,2808,2.243600,Low,120,2234,5.371500,Moderate,,,,,,,,,,,,,,,,12,0,0,0,0.000000,0.000000,0.000000,,,
2023/2024,0-17 yrs,Central California,10/21/2023,42,2023,131,3741,3.5017375033413525,Low,103,1479,6.964200,Low,41,1130,3.628300,Low,,,,,,,,,,,,,,,,15,0,0,0,0.000000,0.000000,0.000000,,,
2023/2024,18-64 yrs,Bay Area,10/28/2023,43,2023,1144,21852,5.2352187442796998,Low,547,5945,9.201000,Moderate,239,5264,4.540300,Moderate,,,,,,,,,,,,,,,,226,4,0,0,1.769912,0.000000,0.000000,,,
2023/2024,18-64 yrs,Greater Sierra-Sacramento,10/28/2023,43,2023,423,4549,9.298746977357661,Moderate,193,1181,16.342100,High,47,688,6.831400,Moderate,,,,,,,,,,,,,,,,13,0,0,0,0.000000,0.000000,0.000000,,,
2023/2024,>64 yrs,Rural North,10/28/2023,43,2023,45,299,15.050167224080269,High,2,235,0.851100,Very Low,1,164,0.609800,Very Low,,,,,,,,,,,,,,,,109,3,1,0,2.752294,0.917431,0.000000,,,
2023/2024,0-17 yrs,Southern California,10/28/2023,43,2023,270,7520,3.5904255319148941,Low,126,2985,4.221100,Low,264,2288,11.538500,Very High,,,,,,,,,,,,,,,,19,0,0,0,0.000000,0.000000,0.000000,,,
2023/2024,0-17 yrs,Bay Area,11/04/2023,44,2023,513,9698,5.2897504640131991,Low,1040,5224,19.908100,High,1241,4426,28.038900,Very High,,,,,,,,,,,,,,,,14,0,0,0,0.000000,0.000000,0.000000,,,
2023/2024,>64 yrs,Central California,11/04/2023,44,2023,244,2973,8.207198116380761,Moderate,45,1517,2.966400,Low,8,1080,0.740700,Very Low,,,,,,,,,,,,,,,,472,6,0,1,1.271186,0.000000,0.211864,,,
2023/2024,18-64 yrs,Rural North,11/04/2023,44,2023,53,721,7.3509015256588066,Low,4,371,1.078200,Very Low,1,234,0.427400,Very Low,,,,,,,,,,,,,,,,43,0,0,0,0.000000,0.000000,0.000000,,,
2023/2024,0-17 yrs,Bay Area,11/11/2023,45,2023,647,12342,5.2422621941338514,Low,1347,6479,20.790200,High,1948,5844,33.333300,Very High,,,,,,,,,,,,,,,,9,1,0,0,11.111111,0.000000,0.000000,,,
2023/2024,>64 yrs,Rural North,11/11/2023,45,2023,58,301,19.269102990033225,Very High,5,283,1.766800,Very Low,3,203,1.477800,Low,,,,,,,,,,,,,,,,102,2,0,1,1.960784,0.000000,0.980392,,,
2023/2024,>64 yrs,Los Angeles,11/18/2023,46,2023,1005,13541,7.4219038475740353,Low,210,4663,4.503500,Low,64,2190,2.922400,Low,,,,,,,,,,,,,,,,1001,16,0,0,1.598402,0.000000,0.000000,,,
2023/2024,0-17 yrs,Southern California,11/25/2023,47,2023,353,6408,5.5087390761548072,Low,477,4292,11.113700,Moderate,852,3260,26.135000,Very High,,,,,,,,,,,,,,,,18,0,0,0,0.000000,0.000000,0.000000,,,
2023/2024,0-17 yrs,Southern California,12/02/2023,48,2023,475,9532,4.9832144355853965,Low,717,4882,14.686600,Moderate,894,3777,23.669600,Very High,,,,,,,,,,,,,,,,16,0,0,0,0.000000,0.000000,0.000000,,,
2023/2024,>64 yrs,Greater Sierra-Sacramento,12/09/2023,49,2023,453,2722,16.642174871418074,High,152,2133,7.126100,Low,101,1599,6.316400,Moderate,,,,,,,,,,,,,,,,45,1,1,0,2.222222,2.222222,0.000000,,,
2023/2024,>64 yrs,Bay Area,12/16/2023,50,2023,1494,11773,12.690053512273847,Moderate,427,6412,6.659400,Low,358,5605,6.387200,Moderate,,,,,,,,,,,,,,,,946,28,2,4,2.959831,0.211416,0.422833,,,
2023/2024,0-17 yrs,Central California,12/16/2023,50,2023,240,7340,3.2697547683923704,Low,1734,5007,34.631500,Very High,887,3753,23.634400,Very High,,,,,,,,,,,,,,,,13,0,1,0,0.000000,7.692308,0.000000,,,
2023/2024,18-64 yrs,Bay Area,12/23/2023,51,2023,2585,29305,8.8210203037024399,Moderate,2516,13550,18.568300,High,519,11254,4.611700,Moderate,,,,,,,,,,,,,,,,242,3,4,0,1.239669,1.652893,0.000000,,,
2023/2024,>64 yrs,Bay Area,12/30/2023,52,2023,1707,12205,13.986071282261367,High,841,7757,10.841800,Moderate,347,6743,5.146100,Moderate,,,,,,,,,,,,,,,,957,28,4,6,2.925810,0.417973,0.626959,,,
2023/2024,>64 yrs,Central California,12/30/2023,52,2023,502,4513,11.123421227564814,Moderate,457,3392,13.472900,Moderate,152,2637,5.764100,Moderate,,,,,,,,,,,,,,,,545,23,6,1,4.220183,1.100917,0.183486,,,
2023/2024,18-64 yrs,Greater Sierra-Sacramento,12/30/2023,52,2023,746,6943,10.744634884055884,Moderate,881,4259,20.685600,High,197,2910,6.769800,Moderate,,,,,,,,,,,,,,,,9,0,0,0,0.000000,0.000000,0.000000,,,
2023/2024,>64 yrs,Greater Sierra-Sacramento,12/30/2023,52,2023,497,3233,15.372718836993505,High,399,2799,14.255100,Moderate,154,2065,7.457600,High,,,,,,,,,,,,,,,,54,3,0,0,5.555556,0.000000,0.000000,,,
2023/2024,>64 yrs,Bay Area,01/06/2024,1,2024,2042,13277,15.379980417262937,High,946,8238,11.483400,Moderate,431,7128,6.046600,Moderate,,,,,,,,,,,,,,,,916,35,7,4,3.820961,0.764192,0.436681,,,
2023/2024,18-64 yrs,Los Angeles,01/06/2024,1,2024,2567,21080,12.17741935483871,Moderate,1775,10639,16.683900,High,257,4691,5.478600,Moderate,,,,,,,,,,,,,,,,368,9,5,1,2.445652,1.358696,0.271739,,,
2023/2024,18-64 yrs,Southern California,01/06/2024,1,2024,2518,21052,11.960858825764772,Moderate,2109,11838,17.815500,High,309,5221,5.918400,Moderate,,,,,,,,,,,,,,,,484,10,13,2,2.066116,2.685950,0.413223,,,
2023/2024,>64 yrs,Los Angeles,01/13/2024,2,2024,1504,17438,8.6248422984287192,Moderate,466,7422,6.278600,Low,195,3761,5.184800,Moderate,,,,,,1558959.000000,651,,,41.758635089184502,,,Very High,,,1174,40,3,2,3.407155,0.255537,0.170358,,,
2023/2024,0-17 yrs,Southern California,01/13/2024,2,2024,501,7712,6.4963692946058096,Low,868,4202,20.656800,High,554,3237,17.114600,Very High,,,,,,2950125.000000,40,,,1.3558747510698701,,,Very Low,,,22,0,1,0,0.000000,4.545455,0.000000,,,
2023/2024,>64 yrs,Southern California,01/13/2024,2,2024,1575,11131,14.149672086964335,High,686,8573,8.001900,Low,277,4729,5.857500,Moderate,,,,,,1990514.000000,751,,,37.728948402272003,,,Very High,,,1594,46,13,4,2.885822,0.815558,0.250941,,,
2023/2024,>64 yrs,Bay Area,01/20/2024,3,2024,1444,12035,11.998338180307437,Moderate,569,7288,7.807400,Low,240,6386,3.758200,Low,,,,,,1450195.000000,515,,,35.512465564975699,,,Very High,,,978,40,5,6,4.089980,0.511247,0.613497,,,
2023/2024,18-64 yrs,Los Angeles,01/20/2024,3,2024,2196,21837,10.056326418464074,Moderate,1282,9334,13.734700,Moderate,173,4425,3.909600,Low,,,,,,6291153.000000,292,,,4.6414385407571599,,,Low,,,363,5,4,1,1.377410,1.101928,0.275482,,,
2023/2024,18-64 yrs,Rural North,01/27/2024,4,2024,106,920,11.521739130434783,Moderate,82,561,14.616800,Moderate,18,354,5.084700,Moderate,,,,,,386509.000000,14,,,3.6221666248392701,,,Low,,,32,0,1,0,0.000000,3.125000,0.000000,,,
2023/2024,0-17 yrs,Bay Area,02/03/2024,5,2024,436,11615,3.7537666810159278,Low,788,6310,12.488100,Moderate,387,5523,7.007100,High,,,,,,1696702.000000,19,,,1.11981950867035,,,Very Low,,,7,0,0,0,0.000000,0.000000,0.000000,,,
2023/2024,18-64 yrs,Southern California,02/03/2024,5,2024,1382,18288,7.5568678915135603,Low,897,9026,9.938000,Moderate,152,4278,3.553100,Low,,,,,,7861790.000000,211,,,2.6838671600233499,,,Very Low,,,401,4,3,2,0.997506,0.748130,0.498753,,,
2023/2024,0-17 yrs,Southern California,02/10/2024,6,2024,379,8193,4.625900158672037,Low,551,4285,12.858800,Moderate,329,3303,9.960600,High,,,,,,2950125.000000,25,,,0.84742171941866895,,,Very Low,,,24,0,1,0,0.000000,4.166667,0.000000,,,
2023/2024,18-64 yrs,Greater Sierra-Sacramento,02/24/2024,8,2024,343,5467,6.2740076824583868,Low,235,3176,7.399200,Low,59,2315,2.548600,Low,,,,,,1788686.000000,64,,,3.5780455597013701,,,Low,,,15,1,0,0,6.666667,0.000000,0.000000,,,
2023/2024,0-17 yrs,Los Angeles,02/24/2024,8,2024,143,4988,2.8668805132317563,Very Low,339,3244,10.450100,Moderate,113,1937,5.833800,Moderate,,,,,,1975596.000000,12,,,0.60741163679213805,,,Very Low,,,12,1,0,0,8.333333,0.000000,0.000000,,,
2023/2024,18-64 yrs,Central California,03/02/2024,9,2024,397,10698,3.7109740138343614,Low,274,4415,6.206100,Low,71,3431,2.069400,Low,,,,,,2620187.000000,67,,,2.5570694000084702,,,Very Low,,,148,0,0,0,0.000000,0.000000,0.000000,,,
2023/2024,>64 yrs,Los Angeles,03/02/2024,9,2024,411,11309,3.6342735874082592,Low,112,5104,2.194400,Low,71,3369,2.107500,Low,,,,,,1558959.000000,223,,,14.3044172425317,,,Moderate,,,958,21,0,2,2.192067,0.000000,0.208768,,,
2023/2024,0-17 yrs,Bay Area,03/09/2024,10,2024,189,12270,1.5403422982885087,Very Low,563,6553,8.591500,Low,103,5565,1.850900,Low,,,,,,1696702.000000,11,,,0.64831655765125495,,,Very Low,,,8,0,0,0,0.000000,0.000000,0.000000,,,
2023/2024,0-17 yrs,Central California,03/09/2024,10,2024,114,4752,2.3989898989898988,Very Low,283,3311,8.547300,Low,145,2879,5.036500,Moderate,,,,,,1246767.000000,0,,,0,,,Very Low,,,6,0,0,0,0.000000,0.000000,0.000000,,,
2023/2024,0-17 yrs,Los Angeles,03/09/2024,10,2024,81,5065,1.5992102665350443,Very Low,250,3700,6.756800,Low,84,2241,3.748300,Low,,,,,,1975596.000000,7,,,0.35432345479541399,,,Very Low,,,13,0,0,0,0.000000,0.000000,0.000000,,,
2023/2024,18-64 yrs,Rural North,03/09/2024,10,2024,44,856,5.1401869158878499,Low,53,666,7.958000,Low,8,436,1.834900,Low,,,,,,386509.000000,3,,,0.77617856246555705,,,Very Low,,,29,0,0,0,0.000000,0.000000,0.000000,,,
2023/2024,0-17 yrs,Bay Area,03/16/2024,11,2024,119,12748,0.93347976153122059,Very Low,558,6938,8.042700,Low,111,5816,1.908500,Low,,,,,,1696702.000000,9,,,0.53044081989648195,,,Very Low,,,9,0,0,0,0.000000,0.000000,0.000000,,,
2023/2024,0-17 yrs,Bay Area,03/30/2024,13,2024,120,11902,1.008233910267182,Very Low,404,6036,6.693200,Low,67,5197,1.289200,Low,,,,,,1696702.000000,9,,,0.53044081989648195,,,Very Low,,,9,0,0,0,0.000000,0.000000,0.000000,,,
2023/2024,18-64 yrs,Bay Area,03/30/2024,13,2024,456,31565,1.4446380484714081,Very Low,544,12720,4.276700,Low,44,10866,0.404900,Very Low,,,,,,5244977.000000,100,,,1.9065860536662,,,Very Low,,,194,3,1,0,1.546392,0.515464,0.000000,,,
2023/2024,0-17 yrs,Bay Area,10/07/2023,40,2023,217,8810,2.4631101021566399,Very Low,93,2438,3.814600,Low,247,1678,14.719900,Very High,,,,,,,,,,,,,,,,7,0,0,0,0.000000,0.000000,0.000000,,,
2023/2024,18-64 yrs,Los Angeles,10/07/2023,40,2023,1304,20601,6.3297898160283488,Low,82,5169,1.586400,Very Low,6,2370,0.253200,Very Low,,,,,,,,,,,,,,,,346,6,0,0,1.734104,0.000000,0.000000,,,
2023/2024,>64 yrs,Bay Area,10/14/2023,41,2023,884,10283,8.596713021491782,Moderate,23,2549,0.902300,Very Low,32,1452,2.203900,Low,,,,,,,,,,,,,,,,825,19,0,1,2.303030,0.000000,0.121212,,,
2023/2024,18-64 yrs,Central California,10/14/2023,41,2023,509,9989,5.0956051656822501,Low,70,2129,3.287900,Low,6,1343,0.446800,Very Low,,,,,,,,,,,,,,,,188,4,0,0,2.127660,0.000000,0.000000,,,
2023/2024,0-17 yrs,Los Angeles,10/14/2023,41,2023,182,4803,3.7892983551946702,Low,45,2233,2.015200,Low,93,1293,7.192600,High,,,,,,,,,,,,,,,,10,1,0,0,10.000000,0.000000,0.000000,,,
2023/2024,18-64 yrs,Central California,10/21/2023,42,2023,520,9897,5.2541174093159544,Low,74,2237,3.308000,Low,6,1443,0.415800,Very Low,,,,,,,,,,,,,,,,196,3,0,0,1.530612,0.000000,0.000000,,,
2023/2024,>64 yrs,Greater Sierra-Sacramento,10/21/2023,42,2023,425,2248,18.905693950177934,Very High,73,741,9.851600,Moderate,46,482,9.543600,High,,,,,,,,,,,,,,,,43,5,0,0,11.627907,0.000000,0.000000,,,
2023/2024,>64 yrs,Southern California,10/21/2023,42,2023,873,8428,10.358329378262933,Moderate,49,4414,1.110100,Very Low,29,2195,1.321200,Low,,,,,,,,,,,,,,,,1418,30,1,0,2.115656,0.070522,0.000000,,,
2023/2024,18-64 yrs,Bay Area,11/04/2023,44,2023,1217,23702,5.1345877984980168,Low,867,8157,10.628900,Moderate,364,6883,5.288400,Moderate,,,,,,,,,,,,,,,,230,4,0,0,1.739130,0.000000,0.000000,,,
2023/2024,18-64 yrs,Southern California,11/04/2023,44,2023,1096,15825,6.925750394944707,Low,236,6217,3.796000,Low,47,2898,1.621800,Low,,,,,,,,,,,,,,,,401,1,1,0,0.249377,0.249377,0.000000,,,
2023/2024,>64 yrs,Bay Area,11/11/2023,45,2023,986,10173,9.6923228152953893,Moderate,284,4565,6.221200,Low,242,4174,5.797800,Moderate,,,,,,,,,,,,,,,,852,18,0,1,2.112676,0.000000,0.117371,,,
2023/2024,0-17 yrs,Central California,11/11/2023,45,2023,144,4677,3.078896728672226,Low,336,2473,13.586700,Moderate,219,1908,11.478000,Very High,,,,,,,,,,,,,,,,8,0,0,0,0.000000,0.000000,0.000000,,,
2023/2024,0-17 yrs,Southern California,11/11/2023,45,2023,331,8126,4.0733448190991881,Low,259,3930,6.590300,Low,567,2994,18.937900,Very High,,,,,,,,,,,,,,,,19,0,0,0,0.000000,0.000000,0.000000,,,
2023/2024,18-64 yrs,Southern California,11/11/2023,45,2023,1325,17660,7.5028312570781424,Low,370,7061,5.240100,Low,55,3552,1.548400,Low,,,,,,,,,,,,,,,,426,3,0,0,0.704225,0.000000,0.000000,,,
2023/2024,18-64 yrs,Greater Sierra-Sacramento,11/25/2023,47,2023,351,4248,8.2627118644067803,Moderate,354,2552,13.871500,Moderate,71,1658,4.282300,Moderate,,,,,,,,,,,,,,,,11,0,0,0,0.000000,0.000000,0.000000,,,
2023/2024,0-17 yrs,Los Angeles,11/25/2023,47,2023,241,4930,4.8884381338742395,Low,631,3444,18.321700,High,542,2065,26.247000,Very High,,,,,,,,,,,,,,,,8,0,0,0,0.000000,0.000000,0.000000,,,
2023/2024,18-64 yrs,Los Angeles,11/25/2023,47,2023,1211,16523,7.3291775101373844,Low,832,6869,12.112400,Moderate,101,3080,3.279200,Low,,,,,,,,,,,,,,,,328,5,2,0,1.524390,0.609756,0.000000,,,
2023/2024,18-64 yrs,Rural North,11/25/2023,47,2023,57,660,8.6363636363636367,Moderate,20,403,4.962800,Low,6,260,2.307700,Low,,,,,,,,,,,,,,,,31,0,0,1,0.000000,0.000000,3.225806,,,
2023/2024,>64 yrs,Central California,12/02/2023,48,2023,469,4372,10.727355901189387,Moderate,248,2667,9.298800,Moderate,58,2122,2.733300,Low,,,,,,,,,,,,,,,,500,15,3,1,3.000000,0.600000,0.200000,,,
2023/2024,18-64 yrs,Central California,12/09/2023,49,2023,766,13226,5.7916225616210495,Low,1023,5045,20.277500,High,133,3520,3.778400,Low,,,,,,,,,,,,,,,,214,2,0,1,0.934579,0.000000,0.467290,,,
2023/2024,>64 yrs,Los Angeles,12/09/2023,49,2023,1585,14908,10.631875503085592,Moderate,475,5982,7.940500,Low,164,3011,5.446700,Moderate,,,,,,,,,,,,,,,,1070,27,6,1,2.523364,0.560748,0.093458,,,
2023/2024,0-17 yrs,Rural North,12/09/2023,49,2023,29,419,6.9212410501193311,Low,39,308,12.662300,Moderate,38,188,20.212800,Very High,,,,,,,,,,,,,,,,2,0,0,0,0.000000,0.000000,0.000000,,,
2023/2024,0-17 yrs,Bay Area,12/23/2023,51,2023,535,13416,3.9877757901013715,Low,2614,8199,31.881900,Very High,1067,7140,14.944000,Very High,,,,,,,,,,,,,,,,12,0,0,0,0.000000,0.000000,0.000000,,,
2023/2024,0-17 yrs,Rural North,12/30/2023,52,2023,33,461,7.1583514099783088,Low,109,476,22.899200,Very High,125,323,38.699700,Very High,,,,,,,,,,,,,,,,4,0,0,0,0.000000,0.000000,0.000000,,,
2023/2024,18-64 yrs,Southern California,12/30/2023,52,2023,2786,20668,13.479775498354945,High,2708,12111,22.359800,Very High,265,5480,4.835800,Moderate,,,,,,,,,,,,,,,,431,8,9,1,1.856148,2.088167,0.232019,,,
2023/2024,18-64 yrs,Central California,01/06/2024,1,2024,827,11654,7.0962759567530469,Low,887,5578,15.901800,High,258,4084,6.317300,Moderate,,,,,,,,,,,,,,,,198,4,4,0,2.020202,2.020202,0.000000,,,
2023/2024,0-17 yrs,Los Angeles,01/20/2024,3,2024,489,5320,9.1917293233082695,Moderate,826,3507,23.552900,Very High,228,1902,11.987400,Very High,,,,,,1975596.000000,20,,,1.0123527279869,,,Very Low,,,4,0,0,0,0.000000,0.000000,0.000000,,,
2023/2024,>64 yrs,Southern California,01/20/2024,3,2024,1541,10607,14.528141793155463,High,557,7835,7.109100,Low,226,4278,5.282800,Moderate,,,,,,1990514.000000,685,,,34.413221911526399,,,Very High,,,1622,53,18,9,3.267571,1.109741,0.554871,,,
2023/2024,0-17 yrs,Rural North,01/27/2024,4,2024,29,451,6.4301552106430151,Low,69,350,19.714300,High,49,236,20.762700,Very High,,,,,,151044.000000,1,,,0.66205873785122205,,,Very Low,,,6,0,0,0,0.000000,0.000000,0.000000,,,
2023/2024,18-64 yrs,Southern California,01/27/2024,4,2024,1710,18695,9.1468307033966294,Moderate,1061,9240,11.482700,Moderate,198,4314,4.589700,Moderate,,,,,,7861790.000000,256,,,3.2562558908340198,,,Low,,,419,7,3,2,1.670644,0.715990,0.477327,,,
2023/2024,>64 yrs,Southern California,01/27/2024,4,2024,1173,9713,12.076598373314114,Moderate,334,6908,4.835000,Low,171,3809,4.489400,Moderate,,,,,,1990514.000000,620,,,31.147733700943601,,,High,,,1543,61,7,6,3.953338,0.453662,0.388853,,,
2023/2024,>64 yrs,Greater Sierra-Sacramento,02/03/2024,5,2024,229,2342,9.7779675491033302,Moderate,57,1859,3.066200,Low,88,1350,6.518500,Moderate,,,,,,510647.000000,159,,,31.136969374146901,,,High,,,34,1,0,0,2.941176,0.000000,0.000000,,,
2023/2024,0-17 yrs,Rural North,02/03/2024,5,2024,30,496,6.0483870967741939,Low,100,427,23.419200,Very High,31,280,11.071400,Very High,,,,,,151044.000000,0,,,0,,,Very Low,,,1,0,0,0,0.000000,0.000000,0.000000,,,
2023/2024,0-17 yrs,Central California,02/10/2024,6,2024,202,4799,4.2092102521358612,Low,328,3120,10.512800,Moderate,389,2641,14.729300,Very High,,,,,,1246767.000000,2,,,0.160414897089833,,,Very Low,,,11,0,0,0,0.000000,0.000000,0.000000,,,
2023/2024,>64 yrs,Los Angeles,02/17/2024,7,2024,644,13222,4.8706700952957194,Low,146,5645,2.586400,Low,85,3408,2.494100,Low,,,,,,1558959.000000,292,,,18.7304476897725,,,Moderate,,,1044,19,3,1,1.819923,0.287356,0.095785,,,
2023/2024,18-64 yrs,Rural North,02/17/2024,7,2024,98,903,10.852713178294573,Moderate,80,651,12.288800,Moderate,14,444,3.153200,Low,,,,,,386509.000000,15,,,3.8808928123277902,,,Low,,,38,0,0,0,0.000000,0.000000,0.000000,,,
2023/2024,>64 yrs,Southern California,02/17/2024,7,2024,690,8315,8.2982561635598326,Moderate,185,6474,2.857600,Low,126,3449,3.653200,Low,,,,,,1990514.000000,357,,,17.935066018124001,,,Moderate,,,1448,29,4,4,2.002762,0.276243,0.276243,,,
2023/2024,>64 yrs,Bay Area,02/24/2024,8,2024,625,10652,5.867442733758919,Low,152,7195,2.112600,Low,118,6305,1.871500,Low,,,,,,1450195.000000,343,,,23.651991628712,,,High,,,904,21,0,1,2.323009,0.000000,0.110619,,,
2023/2024,0-17 yrs,Central California,03/02/2024,9,2024,118,4843,2.4365062977493293,Very Low,321,3398,9.446700,Moderate,235,2914,8.064500,High,,,,,,1246767.000000,5,,,0.40103724272458302,,,Very Low,,,7,0,0,0,0.000000,0.000000,0.000000,,,
2023/2024,0-17 yrs,Southern California,03/02/2024,9,2024,176,7693,2.287794098531132,Very Low,362,4118,8.790700,Low,184,3112,5.912600,Moderate,,,,,,2950125.000000,18,,,0.610143637981442,,,Very Low,,,20,0,1,1,0.000000,5.000000,5.000000,,,
2023/2024,18-64 yrs,Southern California,03/02/2024,9,2024,670,16464,4.0694849368318753,Low,513,7829,6.552600,Low,64,3717,1.721800,Low,,,,,,7861790.000000,115,,,1.4627712009606,,,Very Low,,,375,4,1,0,1.066667,0.266667,0.000000,,,
2023/2024,>64 yrs,Southern California,03/09/2024,10,2024,360,7588,4.7443331576172909,Low,95,5175,1.835700,Very Low,74,2782,2.660000,Low,,,,,,1990514.000000,211,,,10.6002771143534,,,Low,,,1350,20,1,1,1.481481,0.074074,0.074074,,,
2023/2024,18-64 yrs,Bay Area,03/16/2024,11,2024,529,32152,1.6453097785518784,Very Low,595,13157,4.522300,Low,75,11213,0.668900,Very Low,,,,,,5244977.000000,105,,,2.0019153563495098,,,Very Low,,,228,1,0,0,0.438596,0.000000,0.000000,,,
2023/2024,>64 yrs,Central California,03/16/2024,11,2024,179,3118,5.740859525336754,Low,25,2307,1.083700,Very Low,39,2019,1.931600,Low,,,,,,565180.000000,83,,,14.685586892671401,,,Moderate,,,465,3,0,2,0.645161,0.000000,0.430108,,,
2023/2024,>64 yrs,Los Angeles,03/16/2024,11,2024,263,11281,2.3313536034039535,Very Low,77,4973,1.548400,Very Low,50,3160,1.582300,Low,,,,,,1558959.000000,141,,,9.0444970008832808,,,Low,,,949,15,0,0,1.580611,0.000000,0.000000,,,
2023/2024,>64 yrs,Greater Sierra-Sacramento,03/23/2024,12,2024,115,1985,5.7934508816120909,Low,45,1939,2.320800,Low,20,1560,1.282100,Low,,,,,,510647.000000,84,,,16.449719669360601,,,Moderate,,,55,1,0,0,1.818182,0.000000,0.000000,,,
2023/2024,>64 yrs,Bay Area,03/30/2024,13,2024,365,10107,3.6113584644305927,Low,115,7154,1.607500,Very Low,45,6475,0.695000,Very Low,,,,,,1450195.000000,200,,,13.7912487630974,,,Moderate,,,869,7,2,1,0.805524,0.230150,0.115075,,,
2023/2024,>64 yrs,Greater Sierra-Sacramento,03/30/2024,13,2024,89,1927,4.6185781006746236,Low,28,1845,1.517600,Very Low,18,1483,1.213800,Low,,,,,,510647.000000,68,,,13.3164397323396,,,Moderate,,,45,0,0,0,0.000000,0.000000,0.000000,,,
2023/2024,0-17 yrs,Los Angeles,10/07/2023,40,2023,227,4790,4.7390396659707728,Low,52,2292,2.268800,Low,68,1322,5.143700,Moderate,,,,,,,,,,,,,,,,7,0,0,0,0.000000,0.000000,0.000000,,,
2023/2024,>64 yrs,Los Angeles,10/07/2023,40,2023,769,14969,5.1372837196873533,Low,30,3582,0.837500,Very Low,5,1798,0.278100,Very Low,,,,,,,,,,,,,,,,908,22,0,0,2.422907,0.000000,0.000000,,,
2023/2024,0-17 yrs,Rural North,10/07/2023,40,2023,15,240,6.25,Low,1,152,0.657900,Very Low,0,75,0.000000,Very Low,,,,,,,,,,,,,,,,1,0,0,0,0.000000,0.000000,0.000000,,,
2023/2024,18-64 yrs,Rural North,10/14/2023,41,2023,70,710,9.8591549295774641,Moderate,1,293,0.341300,Very Low,2,155,1.290300,Low,,,,,,,,,,,,,,,,44,1,0,0,2.272727,0.000000,0.000000,,,
2023/2024,>64 yrs,Southern California,10/14/2023,41,2023,875,8501,10.292906716856841,Moderate,44,4095,1.074500,Very Low,12,2024,0.592900,Very Low,,,,,,,,,,,,,,,,1356,23,1,0,1.696165,0.073746,0.000000,,,
2023/2024,>64 yrs,Rural North,10/21/2023,42,2023,53,322,16.459627329192546,High,1,238,0.420200,Very Low,0,156,0.000000,Very Low,,,,,,,,,,,,,,,,100,1,0,0,1.000000,0.000000,0.000000,,,
2023/2024,0-17 yrs,Central California,10/28/2023,43,2023,103,3555,2.89732770745429,Very Low,100,1419,7.047200,Low,46,1047,4.393500,Moderate,,,,,,,,,,,,,,,,11,0,0,0,0.000000,0.000000,0.000000,,,
2023/2024,18-64 yrs,Greater Sierra-Sacramento,11/04/2023,44,2023,406,4464,9.0949820788530467,Moderate,278,1914,14.524600,Moderate,61,1062,5.743900,Moderate,,,,,,,,,,,,,,,,19,0,0,0,0.000000,0.000000,0.000000,,,
2023/2024,18-64 yrs,Los Angeles,11/04/2023,44,2023,1103,18141,6.0801499366076843,Low,256,6035,4.241900,Low,42,2893,1.451800,Low,,,,,,,,,,,,,,,,372,0,1,0,0.000000,0.268817,0.000000,,,
2023/2024,>64 yrs,Central California,11/11/2023,45,2023,310,3629,8.5422981537613669,Moderate,85,1801,4.719600,Low,29,1380,2.101400,Low,,,,,,,,,,,,,,,,489,11,2,0,2.249489,0.408998,0.000000,,,
2023/2024,0-17 yrs,Rural North,11/11/2023,45,2023,13,318,4.0880503144654083,Low,10,226,4.424800,Low,5,116,4.310300,Moderate,,,,,,,,,,,,,,,,2,0,0,0,0.000000,0.000000,0.000000,,,
2023/2024,18-64 yrs,Greater Sierra-Sacramento,11/18/2023,46,2023,482,5139,9.3792566647207636,Moderate,390,2782,14.018700,Moderate,99,1770,5.593200,Moderate,,,,,,,,,,,,,,,,12,0,0,0,0.000000,0.000000,0.000000,,,
2023/2024,18-64 yrs,Southern California,11/18/2023,46,2023,1549,17745,8.7292194984502682,Moderate,646,7607,8.492200,Low,109,3591,3.035400,Low,,,,,,,,,,,,,,,,411,3,1,0,0.729927,0.243309,0.000000,,,
2023/2024,0-17 yrs,Bay Area,11/25/2023,47,2023,242,9768,2.4774774774774775,Very Low,1437,6187,23.226100,Very High,1809,5697,31.753600,Very High,,,,,,,,,,,,,,,,6,0,0,0,0.000000,0.000000,0.000000,,,
2023/2024,18-64 yrs,Rural North,12/02/2023,48,2023,71,732,9.6994535519125673,Moderate,26,432,6.018500,Low,5,284,1.760600,Low,,,,,,,,,,,,,,,,35,0,0,0,0.000000,0.000000,0.000000,,,
2023/2024,>64 yrs,Rural North,12/02/2023,48,2023,54,363,14.87603305785124,High,3,365,0.821900,Very Low,7,265,2.641500,Low,,,,,,,,,,,,,,,,124,5,0,0,4.032258,0.000000,0.000000,,,
2023/2024,0-17 yrs,Bay Area,12/09/2023,49,2023,521,12758,4.0837121805925687,Low,1810,7793,23.226000,Very High,1285,6192,20.752600,Very High,,,,,,,,,,,,,,,,5,0,0,0,0.000000,0.000000,0.000000,,,
2023/2024,0-17 yrs,Central California,12/09/2023,49,2023,248,6622,3.7450921171851408,Low,1361,4235,32.137000,Very High,664,3150,21.079400,Very High,,,,,,,,,,,,,,,,10,0,0,0,0.000000,0.000000,0.000000,,,
2023/2024,>64 yrs,Central California,12/09/2023,49,2023,395,4092,9.652981427174975,Moderate,257,2586,9.938100,Moderate,84,2076,4.046200,Moderate,,,,,,,,,,,,,,,,496,13,4,0,2.620968,0.806452,0.000000,,,
2023/2024,0-17 yrs,Los Angeles,12/09/2023,49,2023,496,7131,6.9555462067031266,Low,1420,4773,29.750700,Very High,552,2562,21.545700,Very High,,,,,,,,,,,,,,,,11,0,1,0,0.000000,9.090909,0.000000,,,
2023/2024,18-64 yrs,Rural North,12/09/2023,49,2023,79,837,9.438470728793309,Moderate,26,444,5.855900,Low,11,297,3.703700,Low,,,,,,,,,,,,,,,,35,0,1,0,0.000000,2.857143,0.000000,,,
2023/2024,>64 yrs,Southern California,12/09/2023,49,2023,1537,10209,15.055343324517583,High,461,6735,6.844800,Low,205,3505,5.848800,Moderate,,,,,,,,,,,,,,,,1463,51,7,3,3.485988,0.478469,0.205058,,,
2023/2024,0-17 yrs,Bay Area,12/16/2023,50,2023,501,13657,3.6684484147323717,Low,2317,8233,28.142800,Very High,1229,6666,18.436800,Very High,,,,,,,,,,,,,,,,7,0,0,0,0.000000,0.000000,0.000000,,,
2023/2024,>64 yrs,Rural North,12/16/2023,50,2023,52,401,12.967581047381547,Moderate,18,421,4.275500,Low,24,290,8.275900,High,,,,,,,,,,,,,,,,123,4,0,0,3.252033,0.000000,0.000000,,,
2023/2024,18-64 yrs,Los Angeles,12/23/2023,51,2023,3105,24560,12.642508143322475,Moderate,3038,11580,26.234900,Very High,250,4756,5.256500,Moderate,,,,,,,,,,,,,,,,370,6,2,0,1.621622,0.540541,0.000000,,,
2023/2024,0-17 yrs,Central California,12/30/2023,52,2023,262,6090,4.3021346469622328,Low,1184,4135,28.633600,Very High,1148,3632,31.607900,Very High,,,,,,,,,,,,,,,,12,0,0,0,0.000000,0.000000,0.000000,,,
2023/2024,>64 yrs,Los Angeles,12/30/2023,52,2023,2189,18550,11.80053908355795,Moderate,924,7792,11.858300,Moderate,259,4022,6.439600,Moderate,,,,,,,,,,,,,,,,1092,46,13,6,4.212454,1.190476,0.549451,,,
2023/2024,>64 yrs,Los Angeles,01/06/2024,1,2024,1963,17024,11.53078007518797,Moderate,627,7605,8.244600,Low,273,4148,6.581500,Moderate,,,,,,,,,,,,,,,,1120,50,7,3,4.464286,0.625000,0.267857,,,
2023/2024,>64 yrs,Bay Area,01/13/2024,2,2024,1746,12963,13.469104373987504,High,696,7583,9.178400,Moderate,368,6507,5.655400,Moderate,,,,,,1450195.000000,524,,,36.133071759315101,,,Very High,,,1046,38,11,9,3.632887,1.051625,0.860421,,,
2023/2024,0-17 yrs,Central California,01/13/2024,2,2024,225,4076,5.5201177625122666,Low,438,2618,16.730300,High,626,2279,27.468200,Very High,,,,,,1246767.000000,5,,,0.40103724272458302,,,Very Low,,,10,0,0,0,0.000000,0.000000,0.000000,,,
2023/2024,18-64 yrs,Bay Area,01/20/2024,3,2024,2047,26861,7.6207140463869543,Low,1555,12446,12.494000,Moderate,344,10263,3.351800,Low,,,,,,5244977.000000,258,,,4.9189920184588001,,,Low,,,210,6,3,4,2.857143,1.428571,1.904762,,,
2023/2024,>64 yrs,Rural North,01/20/2024,3,2024,69,482,14.315352697095435,High,22,481,4.573800,Low,19,384,4.947900,Moderate,,,,,,146162.000000,19,,,12.999274777301901,,,Low,,,115,3,1,0,2.608696,0.869565,0.000000,,,
2023/2024,0-17 yrs,Southern California,01/20/2024,3,2024,612,8639,7.0841532584789908,Low,1032,4708,21.920100,Very High,448,3528,12.698400,Very High,,,,,,2950125.000000,49,,,1.6609465700605901,,,Very Low,,,21,0,1,1,0.000000,4.761905,4.761905,,,
2023/2024,18-64 yrs,Bay Area,01/27/2024,4,2024,1627,28813,5.6467566723354041,Low,1098,12111,9.066100,Moderate,292,10281,2.840200,Low,,,,,,5244977.000000,224,,,4.2707527602122903,,,Low,,,257,4,1,2,1.556420,0.389105,0.778210,,,
2023/2024,>64 yrs,Los Angeles,01/27/2024,4,2024,1215,16458,7.3824279985417425,Low,289,5880,4.915000,Low,165,3536,4.666300,Moderate,,,,,,1558959.000000,540,,,34.6384991523189,,,Very High,,,1026,33,5,2,3.216374,0.487329,0.194932,,,
2023/2024,>64 yrs,Rural North,02/03/2024,5,2024,56,412,13.592233009708737,High,33,411,8.029200,Low,14,302,4.635800,Moderate,,,,,,146162.000000,27,,,18.472653630902698,,,Moderate,,,110,6,1,0,5.454545,0.909091,0.000000,,,
2023/2024,18-64 yrs,Los Angeles,02/10/2024,6,2024,1071,17637,6.0724613029426768,Low,605,7597,7.963700,Low,104,3787,2.746200,Low,,,,,,6291153.000000,173,,,2.74989338202393,,,Very Low,,,353,3,0,0,0.849858,0.000000,0.000000,,,
2023/2024,18-64 yrs,Rural North,02/10/2024,6,2024,79,817,9.6695226438188495,Moderate,74,577,12.825000,Moderate,21,387,5.426400,Moderate,,,,,,386509.000000,9,,,2.3285356873966698,,,Very Low,,,35,1,0,1,2.857143,0.000000,2.857143,,,
2023/2024,>64 yrs,Southern California,02/10/2024,6,2024,726,8245,8.8053365676167381,Moderate,258,6159,4.189000,Low,166,3452,4.808800,Moderate,,,,,,1990514.000000,343,,,17.2317300958446,,,Moderate,,,1449,47,6,6,3.243616,0.414079,0.414079,,,
2023/2024,18-64 yrs,Greater Sierra-Sacramento,02/17/2024,7,2024,400,5533,7.2293511657328748,Low,240,3100,7.741900,Low,78,2200,3.545500,Low,,,,,,1788686.000000,83,,,4.6402778352377103,,,Low,,,8,1,0,0,12.500000,0.000000,0.000000,,,
2023/2024,0-17 yrs,Los Angeles,02/17/2024,7,2024,208,5298,3.9260098150245377,Low,426,3452,12.340700,Moderate,168,2040,8.235300,High,,,,,,1975596.000000,12,,,0.60741163679213805,,,Very Low,,,12,0,1,0,0.000000,8.333333,0.000000,,,
2023/2024,>64 yrs,Rural North,02/17/2024,7,2024,42,333,12.612612612612612,Moderate,16,387,4.134400,Low,9,265,3.396200,Low,,,,,,146162.000000,19,,,12.999274777301901,,,Low,,,123,2,0,0,1.626016,0.000000,0.000000,,,
2023/2024,18-64 yrs,Los Angeles,02/24/2024,8,2024,675,17961,3.7581426423918494,Low,557,8423,6.612800,Low,87,4045,2.150800,Low,,,,,,6291153.000000,114,,,1.8120684713914901,,,Very Low,,,319,4,3,0,1.253918,0.940439,0.000000,,,
2023/2024,18-64 yrs,Bay Area,03/02/2024,9,2024,735,30451,2.4137138353420249,Very Low,695,13377,5.195500,Low,133,11429,1.163700,Low,,,,,,5244977.000000,136,,,2.5929570329860399,,,Very Low,,,223,2,0,2,0.896861,0.000000,0.896861,,,
2023/2024,>64 yrs,Central California,03/02/2024,9,2024,224,3371,6.6449124888757041,Low,29,2333,1.243000,Very Low,54,2078,2.598700,Low,,,,,,565180.000000,104,,,18.401217311299099,,,Moderate,,,469,14,2,0,2.985075,0.426439,0.000000,,,
2023/2024,18-64 yrs,Greater Sierra-Sacramento,03/02/2024,9,2024,261,4929,5.2951917224589167,Low,221,3336,6.624700,Low,57,2459,2.318000,Low,,,,,,1788686.000000,77,,,4.30483606401571,,,Low,,,9,0,0,0,0.000000,0.000000,0.000000,,,
2023/2024,0-17 yrs,Rural North,03/02/2024,9,2024,21,440,4.7727272727272734,Low,50,341,14.662800,Moderate,19,240,7.916700,High,,,,,,151044.000000,0,,,0,,,Very Low,,,1,0,0,0,0.000000,0.000000,0.000000,,,
2023/2024,18-64 yrs,Central California,03/09/2024,10,2024,330,11217,2.941963091735758,Very Low,243,4340,5.599100,Low,64,3453,1.853500,Low,,,,,,2620187.000000,58,,,2.21358246567898,,,Very Low,,,173,4,0,0,2.312139,0.000000,0.000000,,,
2023/2024,0-17 yrs,Greater Sierra-Sacramento,03/09/2024,10,2024,68,2424,2.8052805280528053,Very Low,208,2297,9.055300,Moderate,60,1634,3.672000,Low,,,,,,673877.000000,1,,,0.14839503351501801,,,Very Low,,,2,0,0,0,0.000000,0.000000,0.000000,,,
2023/2024,18-64 yrs,Greater Sierra-Sacramento,03/09/2024,10,2024,192,4970,3.8631790744466801,Low,225,3329,6.758800,Low,49,2323,2.109300,Low,,,,,,1788686.000000,58,,,3.2426037884793599,,,Low,,,18,0,0,0,0.000000,0.000000,0.000000,,,
2023/2024,0-17 yrs,Rural North,03/09/2024,10,2024,16,451,3.5476718403547673,Low,51,381,13.385800,Moderate,22,262,8.396900,High,,,,,,151044.000000,0,,,0,,,Very Low,,,2,0,0,0,0.000000,0.000000,0.000000,,,
2023/2024,18-64 yrs,Southern California,03/09/2024,10,2024,473,15857,2.982909755943747,Very Low,378,7165,5.275600,Low,56,3367,1.663200,Low,,,,,,7861790.000000,108,,,1.3737329539456,,,Very Low,,,411,2,2,0,0.486618,0.486618,0.000000,,,
2023/2024,>64 yrs,Southern California,03/16/2024,11,2024,340,7469,4.5521488820457892,Low,108,5556,1.943800,Very Low,49,3064,1.599200,Low,,,,,,1990514.000000,158,,,7.9376482657243299,,,Low,,,1357,19,0,1,1.400147,0.000000,0.073692,,,
2023/2024,18-64 yrs,Los Angeles,03/23/2024,12,2024,310,19143,1.6193909000679099,Very Low,367,7561,4.853900,Low,43,4192,1.025800,Low,,,,,,6291153.000000,65,,,1.0331969354425199,,,Very Low,,,308,3,0,0,0.974026,0.000000,0.000000,,,
2023/2024,>64 yrs,Rural North,03/23/2024,12,2024,20,351,5.6980056980056979,Low,6,439,1.366700,Very Low,4,342,1.169600,Low,,,,,,146162.000000,6,,,4.1050341402006003,,,Low,,,108,4,1,0,3.703704,0.925926,0.000000,,,
2023/2024,18-64 yrs,Southern California,03/23/2024,12,2024,400,15123,2.6449778483105204,Very Low,428,7095,6.032400,Low,41,3423,1.197800,Low,,,,,,7861790.000000,61,,,0.77590472398779398,,,Very Low,,,423,2,1,0,0.472813,0.236407,0.000000,,,
2023/2024,>64 yrs,Southern California,03/23/2024,12,2024,317,7265,4.3633860977288368,Low,102,5426,1.879800,Very Low,53,3203,1.654700,Low,,,,,,1990514.000000,143,,,7.18407406328215,,,Low,,,1353,19,2,1,1.404287,0.147820,0.073910,,,
2023/2024,18-64 yrs,Los Angeles,03/30/2024,13,2024,236,17107,1.3795522300812533,Very Low,288,6866,4.194600,Low,25,3852,0.649000,Very Low,,,,,,6291153.000000,48,,,0.76297619848062803,,,Very Low,,,276,1,0,0,0.362319,0.000000,0.000000,,,
2023/2024,18-64 yrs,Rural North,03/30/2024,13,2024,22,725,3.0344827586206895,Low,34,512,6.640600,Low,3,312,0.961500,Very Low,,,,,,386509.000000,4,,,1.03490474995408,,,Very Low,,,31,0,0,0,0.000000,0.000000,0.000000,,,
2023/2024,18-64 yrs,Greater Sierra-Sacramento,04/06/2024,14,2024,129,4409,2.9258335223406666,Very Low,155,2673,5.798700,Low,12,1900,0.631600,Very Low,,,,,,1788686.000000,37,,,2.0685575892023502,,,Very Low,,,13,0,0,0,0.000000,0.000000,0.000000,,,
2023/2024,0-17 yrs,Los Angeles,04/06/2024,14,2024,59,4114,1.4341273699562471,Very Low,148,2698,5.485500,Low,35,1811,1.932600,Low,,,,,,1975596.000000,6,,,0.30370581839606903,,,Very Low,,,13,0,0,1,0.000000,0.000000,7.692308,,,
2023/2024,18-64 yrs,Los Angeles,04/13/2024,15,2024,249,15681,1.5879089343791852,Very Low,274,6368,4.302800,Low,19,3369,0.564000,Very Low,,,,,,6291153.000000,43,,,0.68349951113889595,,,Very Low,,,317,0,0,0,0.000000,0.000000,0.000000,,,
2023/2024,>64 yrs,Los Angeles,04/13/2024,15,2024,207,10013,2.0673124937581147,Very Low,83,4280,1.939300,Very Low,40,2785,1.436300,Low,,,,,,1558959.000000,115,,,7.3767174120679204,,,Low,,,974,7,2,0,0.718686,0.205339,0.000000,,,
2023/2024,0-17 yrs,Rural North,04/20/2024,16,2024,4,328,1.2195121951219512,Very Low,21,330,6.363600,Low,6,222,2.702700,Low,,,,,,151044.000000,2,,,1.3241174757024401,,,Very Low,,,2,0,0,0,0.000000,0.000000,0.000000,,,
2023/2024,18-64 yrs,Southern California,04/20/2024,16,2024,261,13756,1.8973538819424252,Very Low,285,6110,4.664500,Low,13,2940,0.442200,Very Low,,,,,,7861790.000000,48,,,0.61054797953137896,,,Very Low,,,386,0,1,0,0.000000,0.259067,0.000000,,,
2023/2024,18-64 yrs,Central California,05/04/2024,18,2024,176,8581,2.051043001981121,Very Low,105,2640,3.977300,Low,4,1756,0.227800,Very Low,,,,,,2620187.000000,27,,,1.0304608029884901,,,Very Low,,,173,0,0,0,0.000000,0.000000,0.000000,,,
2023/2024,18-64 yrs,Rural North,05/11/2024,19,2024,10,581,1.7211703958691909,Very Low,17,346,4.913300,Low,0,230,0.000000,Very Low,,,,,,386509.000000,0,,,0,,,Very Low,,,33,0,0,0,0.000000,0.000000,0.000000,,,
2023/2024,18-64 yrs,Bay Area,05/18/2024,20,2024,672,22824,2.9442691903259726,Very Low,217,8333,2.604100,Low,6,7138,0.084100,Very Low,,,,,,5244977.000000,58,,,1.1058199111264,,,Very Low,,,214,2,1,0,0.934579,0.467290,0.000000,,,
2023/2024,>64 yrs,Central California,05/18/2024,20,2024,130,2168,5.9963099630996313,Low,17,1295,1.312700,Very Low,1,858,0.116600,Very Low,,,,,,565180.000000,88,,,15.5702608018684,,,Moderate,,,456,5,0,0,1.096491,0.000000,0.000000,,,
2023/2024,18-64 yrs,Rural North,05/18/2024,20,2024,32,521,6.1420345489443378,Low,19,342,5.555600,Low,0,200,0.000000,Very Low,,,,,,386509.000000,0,,,0,,,Very Low,,,32,0,0,0,0.000000,0.000000,0.000000,,,
2023/2024,18-64 yrs,Bay Area,05/25/2024,21,2024,762,22656,3.3633474576271185,Low,206,8406,2.450600,Low,10,7065,0.141500,Very Low,,,,,,5244977.000000,76,,,1.44900540078631,,,Very Low,,,223,0,0,0,0.000000,0.000000,0.000000,,,
2023/2024,0-17 yrs,Central California,05/25/2024,21,2024,61,3216,1.8967661691542288,Very Low,133,1758,7.565400,Low,2,1263,0.158400,Very Low,,,,,,1246767.000000,11,,,0.88228193399408195,,,Very Low,,,14,0,0,0,0.000000,0.000000,0.000000,,,
2023/2024,18-64 yrs,Greater Sierra-Sacramento,05/25/2024,21,2024,186,3507,5.3036783575705728,Low,78,1482,5.263200,Low,2,856,0.233600,Very Low,,,,,,1788686.000000,22,,,1.22995316114735,,,Very Low,,,10,0,0,0,0.000000,0.000000,0.000000,,,
2023/2024,18-64 yrs,Los Angeles,05/25/2024,21,2024,416,16289,2.5538707102952913,Very Low,176,5504,3.197700,Low,3,3019,0.099400,Very Low,,,,,,6291153.000000,45,,,0.71529018607558903,,,Very Low,,,283,0,0,0,0.000000,0.000000,0.000000,,,
2023/2024,>64 yrs,Southern California,05/25/2024,21,2024,316,5884,5.3704962610469069,Low,80,4336,1.845000,Very Low,4,2442,0.163800,Very Low,,,,,,1990514.000000,76,,,3.8181092923737299,,,Low,,,1309,7,2,0,0.534759,0.152788,0.000000,,,
2023/2024,18-64 yrs,Greater Sierra-Sacramento,06/01/2024,22,2024,256,3444,7.4332171893147505,Low,77,1511,5.096000,Low,0,878,0.000000,Very Low,,,,,,1788686.000000,37,,,2.0685575892023502,,,Very Low,,,9,0,0,0,0.000000,0.000000,0.000000,,,
2023/2024,>64 yrs,Los Angeles,06/01/2024,22,2024,321,9850,3.2588832487309642,Low,56,3641,1.538000,Very Low,3,2360,0.127100,Very Low,,,,,,1558959.000000,94,,,6.0296646672555196,,,Low,,,903,5,0,1,0.553710,0.000000,0.110742,,,
2023/2024,0-17 yrs,Rural North,06/01/2024,22,2024,8,229,3.4934497816593884,Low,11,222,4.955000,Low,1,142,0.704200,Very Low,,,,,,151044.000000,0,,,0,,,Very Low,,,1,0,0,0,0.000000,0.000000,0.000000,,,
2023/2024,>64 yrs,Southern California,06/01/2024,22,2024,370,5545,6.6726780883678991,Low,73,4207,1.735200,Very Low,5,2278,0.219500,Very Low,,,,,,1990514.000000,90,,,4.5214452146530997,,,Low,,,1374,12,1,1,0.873362,0.072780,0.072780,,,
2023/2024,0-17 yrs,Los Angeles,06/15/2024,24,2024,121,3329,3.634725142685491,Low,85,1959,4.338900,Low,11,1261,0.872300,Very Low,,,,,,1975596.000000,1,,,0.050617636399345002,,,Very Low,,,12,0,0,0,0.000000,0.000000,0.000000,,,
2023/2024,>64 yrs,Los Angeles,06/15/2024,24,2024,482,10974,4.3921997448514674,Low,63,3637,1.732200,Very Low,1,2319,0.043100,Very Low,,,,,,1558959.000000,136,,,8.7237701568803292,,,Low,,,899,8,1,1,0.889878,0.111235,0.111235,,,
2023/2024,0-17 yrs,Rural North,06/15/2024,24,2024,8,209,3.8277511961722488,Low,4,181,2.209900,Low,0,121,0.000000,Very Low,,,,,,151044.000000,0,,,0,,,Very Low,,,2,0,0,0,0.000000,0.000000,0.000000,,,
2023/2024,0-17 yrs,Bay Area,06/22/2024,25,2024,465,9181,5.0648077551464983,Low,115,2749,4.183300,Low,7,2161,0.323900,Very Low,,,,,,1696702.000000,5,,,0.294689344386934,,,Very Low,,,10,0,0,0,0.000000,0.000000,0.000000,,,
2023/2024,18-64 yrs,Central California,06/22/2024,25,2024,527,7382,7.1389867244649148,Low,96,2377,4.038700,Low,0,1562,0.000000,Very Low,,,,,,2620187.000000,38,,,1.4502781671689799,,,Very Low,,,189,3,0,0,1.587302,0.000000,0.000000,,,
2023/2024,>64 yrs,Greater Sierra-Sacramento,06/22/2024,25,2024,290,1715,16.909620991253643,High,20,1088,1.838200,Very Low,0,704,0.000000,Very Low,,,,,,510647.000000,134,,,26.241219472551499,,,High,,,39,0,0,0,0.000000,0.000000,0.000000,,,
2023/2024,>64 yrs,Los Angeles,06/22/2024,25,2024,566,11099,5.0995585187854759,Low,59,3883,1.519400,Very Low,4,2609,0.153300,Very Low,,,,,,1558959.000000,170,,,10.9047126961004,,,Low,,,919,10,0,0,1.088139,0.000000,0.000000,,,
2023/2024,0-17 yrs,Rural North,06/22/2024,25,2024,11,152,7.2368421052631584,Low,1,140,0.714300,Very Low,0,89,0.000000,Very Low,,,,,,151044.000000,1,,,0.66205873785122205,,,Very Low,,,1,0,0,0,0.000000,0.000000,0.000000,,,
2023/2024,0-17 yrs,Los Angeles,06/29/2024,26,2024,190,3155,6.0221870047543584,Low,65,1794,3.623200,Low,12,1137,1.055400,Low,,,,,,1975596.000000,2,,,0.10123527279869,,,Very Low,,,15,0,0,0,0.000000,0.000000,0.000000,,,
2024/2025,>64 yrs,Bay Area,07/06/2024,27,2024,1360,8893,15.29292702125267,High,97,4721,2.054600,Low,16,3924,0.407700,Very Low,,,,,,1498910.000000,460,,,30.688967316249801,,,High,,,847,18,1,0,2.125148,0.118064,0.000000,,,
2024/2025,18-64 yrs,Los Angeles,07/06/2024,27,2024,1233,16754,7.3594365524650831,Low,154,5156,2.986800,Low,5,3022,0.165500,Very Low,,,,,,6240953.000000,86,,,1.37799467485174,,,Very Low,,,297,1,0,0,0.336700,0.000000,0.000000,,,
2024/2025,0-17 yrs,Southern California,07/06/2024,27,2024,302,3325,9.0827067669172941,Moderate,68,2121,3.206000,Low,5,1564,0.319700,Very Low,,,,,,2904951.000000,12,,,0.41308786275568798,,,Very Low,,,9,0,0,0,0.000000,0.000000,0.000000,,,
2024/2025,18-64 yrs,Los Angeles,07/13/2024,28,2024,1835,21932,8.366770016414371,Moderate,120,5802,2.068300,Low,1,3398,0.029400,Very Low,,,,,,6240953.000000,110,,,1.7625513282987399,,,Very Low,,,334,3,1,0,0.898204,0.299401,0.000000,,,
2024/2025,0-17 yrs,Bay Area,07/20/2024,29,2024,531,9026,5.8830046532240194,Low,84,2307,3.641100,Low,9,1813,0.496400,Very Low,,,,,,1670512.000000,16,,,0.95779018648174896,,,Very Low,,,8,0,0,0,0.000000,0.000000,0.000000,,,
2024/2025,0-17 yrs,Los Angeles,07/20/2024,29,2024,382,2953,12.935997290890619,Moderate,54,1828,2.954000,Low,8,1233,0.648800,Very Low,,,,,,1934637.000000,10,,,0.51689283312580103,,,Very Low,,,13,0,0,1,0.000000,0.000000,7.692308,,,
2024/2025,18-64 yrs,Bay Area,07/27/2024,30,2024,2061,28993,7.1086124236884762,Low,112,8159,1.372700,Very Low,5,6990,0.071500,Very Low,,,,,,5222531.000000,164,,,3.1402398568816499,,,Low,,,184,1,0,0,0.543478,0.000000,0.000000,,,
2024/2025,0-17 yrs,Los Angeles,07/27/2024,30,2024,444,3014,14.731254147312542,High,36,1774,2.029300,Low,1,1177,0.085000,Very Low,,,,,,1934637.000000,22,,,1.1371642328767599,,,Very Low,,,12,0,0,0,0.000000,0.000000,0.000000,,,
2024/2025,>64 yrs,Los Angeles,07/27/2024,30,2024,1400,11853,11.811355774909305,Moderate,30,4252,0.705600,Very Low,0,2589,0.000000,Very Low,,,,,,1608433.000000,418,,,25.988026855952299,,,High,,,943,12,0,0,1.272534,0.000000,0.000000,,,
2024/2025,0-17 yrs,Bay Area,08/03/2024,31,2024,599,9427,6.3540893179166229,Low,64,2306,2.775400,Low,11,1802,0.610400,Very Low,,,,,,1670512.000000,23,,,1.37682339306751,,,Very Low,,,10,0,0,0,0.000000,0.000000,0.000000,,,
2024/2025,18-64 yrs,Central California,08/03/2024,31,2024,1160,8642,13.422818791946309,High,22,2572,0.855400,Very Low,1,1636,0.061100,Very Low,,,,,,2636654.000000,57,,,2.1618308659384202,,,Very Low,,,195,1,0,0,0.512821,0.000000,0.000000,,,
2024/2025,0-17 yrs,Central California,08/10/2024,32,2024,449,2865,15.671902268760906,High,8,1092,0.732600,Very Low,0,836,0.000000,Very Low,,,,,,1224522.000000,0,,,0,,,Very Low,,,9,0,0,0,0.000000,0.000000,0.000000,,,
2024/2025,>64 yrs,Los Angeles,08/10/2024,32,2024,1318,13709,9.6141221095630609,Moderate,38,4202,0.904300,Very Low,3,2523,0.118900,Very Low,,,,,,1608433.000000,431,,,26.796266925635098,,,High,,,891,22,0,0,2.469136,0.000000,0.000000,,,
2024/2025,0-17 yrs,Central California,08/17/2024,33,2024,551,3055,18.036006546644845,Very High,7,1346,0.520100,Very Low,5,983,0.508600,Very Low,,,,,,1224522.000000,0,,,0,,,Very Low,,,6,0,0,0,0.000000,0.000000,0.000000,,,
2024/2025,>64 yrs,Central California,08/24/2024,34,2024,520,2782,18.691588785046729,Very High,6,1363,0.440200,Very Low,1,983,0.101700,Very Low,,,,,,580446.000000,141,,,24.2916653745568,,,High,,,440,6,0,0,1.363636,0.000000,0.000000,,,
2024/2025,>64 yrs,Los Angeles,08/24/2024,34,2024,1075,12503,8.5979364952411412,Moderate,32,4124,0.775900,Very Low,2,2507,0.079800,Very Low,,,,,,1608433.000000,507,,,31.521362717626399,,,High,,,913,35,2,0,3.833516,0.219058,0.000000,,,
2024/2025,18-64 yrs,Greater Sierra-Sacramento,08/31/2024,35,2024,626,4152,15.077071290944124,High,17,1501,1.132600,Very Low,0,921,0.000000,Very Low,,,,,,1793656.000000,73,,,4.0698996909106304,,,Low,,,12,1,0,0,8.333333,0.000000,0.000000,,,
2024/2025,>64 yrs,Los Angeles,08/31/2024,35,2024,1050,12863,8.1629479903599478,Moderate,24,4164,0.576400,Very Low,2,2669,0.074900,Very Low,,,,,,1608433.000000,470,,,29.220987134683298,,,High,,,860,27,1,0,3.139535,0.116279,0.000000,,,
2024/2025,0-17 yrs,Bay Area,09/07/2024,36,2024,349,5527,6.3144563054098057,Low,54,2124,2.542400,Low,12,1477,0.812500,Very Low,,,,,,1670512.000000,17,,,1.0176520731368599,,,Very Low,,,9,0,0,0,0.000000,0.000000,0.000000,,,
2024/2025,0-17 yrs,Bay Area,09/14/2024,37,2024,279,5908,4.7224102911306698,Low,43,2142,2.007500,Low,22,1548,1.421200,Low,,,,,,1670512.000000,23,,,1.37682339306751,,,Very Low,,,16,0,0,0,0.000000,0.000000,0.000000,,,
2024/2025,>64 yrs,Central California,09/14/2024,37,2024,397,2521,15.747719159063864,High,6,1335,0.449400,Very Low,2,970,0.206200,Very Low,,,,,,580446.000000,219,,,37.729607922184002,,,Very High,,,464,12,0,0,2.586207,0.000000,0.000000,,,
2024/2025,18-64 yrs,Los Angeles,09/14/2024,37,2024,1163,20297,5.7299108242597434,Low,97,5950,1.630300,Very Low,64,3666,1.745800,Low,,,,,,6240953.000000,200,,,3.2046387787249802,,,Low,,,331,4,0,0,1.208459,0.000000,0.000000,,,
2024/2025,>64 yrs,Los Angeles,09/14/2024,37,2024,841,12065,6.9705760464152515,Low,38,4088,0.929500,Very Low,32,2697,1.186500,Low,,,,,,1608433.000000,378,,,23.501134333851599,,,High,,,928,32,0,0,3.448276,0.000000,0.000000,,,
2024/2025,>64 yrs,Rural North,09/14/2024,37,2024,85,346,24.566473988439306,Very High,0,273,0.000000,Very Low,0,166,0.000000,Very Low,,,,,,148325.000000,15,,,10.112927692567,,,Low,,,110,2,0,0,1.818182,0.000000,0.000000,,,
2024/2025,0-17 yrs,Bay Area,09/21/2024,38,2024,177,5675,3.1189427312775329,Low,67,2219,3.019400,Low,24,1524,1.574800,Low,,,,,,1670512.000000,14,,,0.83806641317153097,,,Very Low,,,7,2,0,0,28.571429,0.000000,0.000000,,,
2024/2025,>64 yrs,Greater Sierra-Sacramento,09/21/2024,38,2024,252,1658,15.199034981905909,High,10,971,1.029900,Very Low,0,655,0.000000,Very Low,,,,,,525440.000000,142,,,27.024969549330098,,,High,,,43,3,0,0,6.976744,0.000000,0.000000,,,
2024/2025,18-64 yrs,Los Angeles,09/21/2024,38,2024,773,19907,3.8830562113829306,Low,66,5971,1.105300,Very Low,1,3691,0.027100,Very Low,,,,,,6240953.000000,142,,,2.2752935328947399,,,Very Low,,,290,1,0,0,0.344828,0.000000,0.000000,,,
2024/2025,18-64 yrs,Rural North,09/21/2024,38,2024,85,551,15.426497277676951,High,6,344,1.744200,Very Low,2,201,0.995000,Very Low,,,,,,384002.000000,10,,,2.6041531033692502,,,Very Low,,,29,0,0,0,0.000000,0.000000,0.000000,,,
2024/2025,18-64 yrs,Southern California,09/21/2024,38,2024,902,16388,5.5040273370759092,Low,88,6309,1.394800,Very Low,3,2774,0.108100,Very Low,,,,,,7875686.000000,167,,,2.1204502058614301,,,Very Low,,,368,9,0,0,2.445652,0.000000,0.000000,,,
2024/2025,18-64 yrs,Bay Area,09/28/2024,39,2024,559,15691,3.5625517812758902,Low,75,3526,2.127100,Low,3,2460,0.122000,Very Low,,,,,,5222531.000000,88,,,1.6850067524730801,,,Very Low,,,207,0,0,0,0.000000,0.000000,0.000000,,,
2024/2025,>64 yrs,Central California,09/28/2024,39,2024,254,2143,11.852543163789081,Moderate,7,1282,0.546000,Very Low,0,907,0.000000,Very Low,,,,,,580446.000000,99,,,17.0558501566037,,,Moderate,,,438,12,0,0,2.739726,0.000000,0.000000,,,
2024/2025,>64 yrs,Los Angeles,10/05/2024,40,2024,431,10641,4.0503712057137484,Low,38,4398,0.864000,Very Low,3,2994,0.100200,Very Low,,,,,,1608433.000000,193,,,11.9992564191359,,,Low,,,902,21,1,0,2.328160,0.110865,0.000000,,,
2024/2025,18-64 yrs,Southern California,10/05/2024,40,2024,580,14724,3.9391469709318123,Low,93,6176,1.505800,Very Low,3,2651,0.113200,Very Low,,,,,,7875686.000000,141,,,1.7903202336913899,,,Very Low,,,363,5,0,0,1.377410,0.000000,0.000000,,,
2024/2025,0-17 yrs,Bay Area,10/12/2024,41,2024,95,5735,1.6564952048823016,Very Low,129,3604,3.579400,Low,112,2851,3.928400,Low,,,,,,1670512.000000,7,,,0.41903320658576498,,,Very Low,,,4,0,0,0,0.000000,0.000000,0.000000,,,
2024/2025,18-64 yrs,Greater Sierra-Sacramento,10/12/2024,41,2024,159,3432,4.6328671328671325,Low,40,2163,1.849300,Very Low,3,1512,0.198400,Very Low,,,,,,1793656.000000,23,,,1.28229716288965,,,Very Low,,,14,0,0,0,0.000000,0.000000,0.000000,,,
2024/2025,0-17 yrs,Bay Area,10/19/2024,42,2024,86,5968,1.4410187667560321,Very Low,122,3667,3.327000,Low,164,2953,5.553700,Moderate,,,,,,1670512.000000,6,,,0.35917131993065599,,,Very Low,,,7,0,0,0,0.000000,0.000000,0.000000,,,
2024/2025,>64 yrs,Bay Area,10/19/2024,42,2024,304,6360,4.7798742138364787,Low,49,4291,1.141900,Very Low,19,3753,0.506300,Very Low,,,,,,1498910.000000,119,,,7.9391024144211499,,,Low,,,802,7,1,0,0.872818,0.124688,0.000000,,,
2024/2025,>64 yrs,Greater Sierra-Sacramento,10/19/2024,42,2024,124,1634,7.5887392900856794,Low,18,1524,1.181100,Very Low,1,1178,0.084900,Very Low,,,,,,525440.000000,41,,,7.8029841656516403,,,Low,,,47,2,0,0,4.255319,0.000000,0.000000,,,
2024/2025,0-17 yrs,Los Angeles,10/26/2024,43,2024,61,4499,1.355856857079351,Very Low,98,3210,3.053000,Low,64,2190,2.922400,Low,,,,,,1934637.000000,6,,,0.31013569987548001,,,Very Low,,,8,0,0,0,0.000000,0.000000,0.000000,,,
2024/2025,>64 yrs,Southern California,11/02/2024,44,2024,248,5956,4.1638683680322366,Low,58,4392,1.320600,Very Low,3,2288,0.131100,Very Low,,,,,,2059864.000000,83,13,4,4.029392231720152,0.63110962665496362,0.19418757743229653,Low,Very Low,Very Low,1330,13,0,0,0.977444,0.000000,0.000000,,,
2024/2025,>64 yrs,Bay Area,11/09/2024,45,2024,268,6373,4.2052408598776081,Low,52,4516,1.151500,Very Low,34,4033,0.843000,Very Low,,,,,,1498910.000000,127,17,13,8.472823585138535,1.1341574877744494,0.86729690241575541,Low,Low,Low,819,7,1,1,0.854701,0.122100,0.122100,,,
2024/2025,18-64 yrs,Los Angeles,11/09/2024,45,2024,264,16772,1.5740519914142617,Very Low,264,6884,3.835000,Low,23,4137,0.556000,Very Low,,,,,,6240953.000000,76,14,2,1.2177627359154923,0.22432471451074862,0.032046387787249803,Very Low,Very Low,Very Low,300,2,0,0,0.666667,0.000000,0.000000,,,
2024/2025,>64 yrs,Greater Sierra-Sacramento,11/16/2024,46,2024,82,1541,5.321219987021415,Low,33,1691,1.951500,Very Low,4,1288,0.310600,Very Low,,,,,,525440.000000,33,11,0,6.280450669914738,2.0934835566382461,0,Low,Low,Very Low,43,0,0,0,0.000000,0.000000,0.000000,,,
2024/2025,18-64 yrs,Los Angeles,11/16/2024,46,2024,318,16323,1.9481712920419041,Very Low,530,7474,7.091200,Low,24,4307,0.557200,Very Low,,,,,,6240953.000000,80,35,8,1.2818555114899919,0.56081178627687145,0.12818555114899921,Very Low,Very Low,Very Low,265,2,1,0,0.754717,0.377358,0.000000,,,
2024/2025,0-17 yrs,Bay Area,11/23/2024,47,2024,66,7407,0.89104900769542328,Very Low,566,6058,9.343000,Moderate,724,4996,14.491600,Very High,,,,,,1670512.000000,7,9,36,0.41903320658576532,0.53875697989598392,2.1550279195839357,Very Low,Very Low,High,10,0,1,1,0.000000,10.000000,10.000000,,,
2024/2025,0-17 yrs,Rural North,11/23/2024,47,2024,11,232,4.7413793103448274,Low,15,295,5.084700,Low,1,159,0.628900,Very Low,,,,,,147863.000000,1,0,0,0.67630171171963227,0,0,Very Low,Very Low,Very Low,1,0,0,0,0.000000,0.000000,0.000000,,,
2024/2025,>64 yrs,Rural North,11/23/2024,47,2024,25,193,12.953367875647666,Moderate,15,382,3.926700,Low,0,183,0.000000,Very Low,,,,,,148325.000000,26,16,0,17.529074667116131,10.787122872071464,0,Moderate,Very High,Very Low,125,0,2,0,0.000000,1.600000,0.000000,,,
2024/2025,0-17 yrs,Southern California,11/23/2024,47,2024,85,6288,1.3517811704834606,Very Low,552,4511,12.236800,Moderate,242,3156,7.667900,High,,,,,,2904951.000000,6,30,30,0.20654393137784421,1.0327196568892212,1.0327196568892212,Very Low,Low,Low,27,0,0,0,0.000000,0.000000,0.000000,,,
2024/2025,18-64 yrs,Southern California,11/23/2024,47,2024,279,20388,1.3684520306062389,Very Low,693,7839,8.840400,Low,24,3332,0.720300,Very Low,,,,,,7875686.000000,39,89,3,0.49519495825506499,1.1300602893513021,0.038091919865774232,Very Low,Low,Very Low,358,1,2,0,0.279330,0.558659,0.000000,,,
2024/2025,>64 yrs,Southern California,11/23/2024,47,2024,272,6328,4.298356510745891,Low,213,5444,3.912600,Low,15,2769,0.541700,Very Low,,,,,,2059864.000000,128,80,10,6.214002477833489,3.8837515486459298,0.48546894358074122,Low,Low,Very Low,1489,20,3,0,1.343183,0.201478,0.000000,,,
2024/2025,18-64 yrs,Bay Area,11/30/2024,48,2024,193,12145,1.5891313297653353,Very Low,726,8128,8.932100,Low,161,6249,2.576400,Low,,,,,,5222531.000000,34,29,25,0.65102533618278191,0.55528631615590218,0.47869510013439842,Very Low,Very Low,Very Low,217,1,0,0,0.460829,0.000000,0.000000,,,
2024/2025,18-64 yrs,Greater Sierra-Sacramento,11/30/2024,48,2024,78,3266,2.3882424984690753,Very Low,223,2874,7.759200,Low,28,1762,1.589100,Low,,,,,,1793656.000000,15,21,2,0.83628075840629423,1.1707930617688118,0.11150410112083922,Very Low,Low,Very Low,9,0,0,0,0.000000,0.000000,0.000000,,,
2024/2025,0-17 yrs,Los Angeles,11/30/2024,48,2024,69,4887,1.4119091467157765,Very Low,886,4266,20.768900,High,329,2783,11.821800,Very High,,,,,,1934637.000000,37,53,84,1.9125034825654632,2.7395320155667449,4.3418997982567271,Very Low,Low,Very High,9,0,0,0,0.000000,0.000000,0.000000,,,
2024/2025,>64 yrs,Bay Area,12/07/2024,49,2024,217,7304,2.9709748083242058,Very Low,274,5873,4.665400,Low,152,5142,2.956000,Low,,,,,,1498910.000000,88,91,47,5.8709328778912671,6.0710783169102882,3.1356118779646542,Low,High,Very High,885,13,0,1,1.468927,0.000000,0.112994,,,
2024/2025,18-64 yrs,Southern California,12/07/2024,49,2024,326,21476,1.5179735518718569,Very Low,1570,9693,16.197300,High,66,4122,1.601200,Low,,,,,,7875686.000000,59,168,7,0.74914109069355994,2.1331475124833572,0.088881146353473203,Very Low,Low,Very Low,392,3,2,0,0.765306,0.510204,0.000000,,,
2024/2025,>64 yrs,Rural North,12/14/2024,50,2024,14,277,5.0541516245487363,Low,31,501,6.187600,Low,3,273,1.098900,Low,,,,,,148325.000000,8,8,0,5.393561436035732,5.393561436035732,0,Low,Moderate,Very Low,129,5,0,0,3.875969,0.000000,0.000000,,,
2024/2025,18-64 yrs,Greater Sierra-Sacramento,12/21/2024,51,2024,116,4255,2.7262044653349005,Very Low,742,4025,18.434800,High,61,2453,2.486800,Low,,,,,,1793656.000000,9,35,4,0.50176845504377643,1.9513217696146863,0.22300820224167844,Very Low,Low,Very Low,10,0,0,0,0.000000,0.000000,0.000000,,,
2024/2025,>64 yrs,Los Angeles,12/21/2024,51,2024,337,12861,2.6203250136070291,Very Low,1176,7668,15.336500,High,92,5138,1.790600,Low,,,,,,1608433.000000,195,351,26,12.123601045240926,21.822481881433671,1.6164801393654569,Low,Very High,Moderate,1064,1,8,1,0.093985,0.751880,0.093985,,,
2024/2025,0-17 yrs,Rural North,12/21/2024,51,2024,7,303,2.3102310231023102,Very Low,189,591,31.979700,Very High,33,295,11.186400,Very High,,,,,,147863.000000,0,0,1,0,0,0.67630171171963227,Very Low,Very Low,Low,1,0,0,0,0.000000,0.000000,0.000000,,,
2024/2025,18-64 yrs,Rural North,12/28/2024,52,2024,13,522,2.490421455938697,Very Low,171,836,20.454500,High,6,308,1.948100,Low,,,,,,384002.000000,3,22,0,0.78124593101077611,5.7291368274123569,0,Very Low,Moderate,Very Low,32,0,2,0,0.000000,6.250000,0.000000,,,
2024/2025,18-64 yrs,Southern California,12/28/2024,52,2024,505,26395,1.9132411441560901,Very Low,6132,16904,36.275400,Very High,124,6322,1.961400,Low,,,,,,7875686.000000,70,689,26,0.88881146353473206,8.7484442625061494,0.33012997217004336,Very Low,High,Very Low,420,4,14,0,0.952381,3.333333,0.000000,,,
2024/2025,0-17 yrs,Bay Area,01/04/2025,1,2025,94,8926,1.0531032937485996,Very Low,2340,7233,32.351700,Very High,1556,6270,24.816600,Very High,,,,,,1670512.000000,13,50,96,0.77820452651642136,2.9930943327554669,5.7467411188904958,Very Low,Low,Very High,9,0,0,0,0.000000,0.000000,0.000000,,,
2024/2025,0-17 yrs,Central California,01/04/2025,1,2025,58,4203,1.3799666904591956,Very Low,1108,4117,26.912800,Very High,999,3524,28.348500,Very High,,,,,,1224522.000000,3,11,33,0.2449935566694596,0.89830970778801855,2.6949291233640555,Very Low,Very Low,High,14,0,1,1,0.000000,7.142857,7.142857,,,
2024/2025,>64 yrs,Southern California,01/04/2025,1,2025,559,10746,5.2019356039456541,Low,2024,11079,18.268800,High,219,5465,4.007300,Moderate,,,,,,2059864.000000,210,896,75,10.194847815195565,43.498017344834416,3.6410170768555594,Low,Very High,Very High,1590,15,29,3,0.943396,1.823899,0.188679,,,
2024/2025,18-64 yrs,Central California,01/11/2025,2,2025,141,7307,1.9296564937730945,Very Low,1647,7137,23.076900,Very High,252,4973,5.067400,Moderate,,,,,,2636654.000000,13,115,24,0.49304914486314849,4.3615885891740058,0.91024457513196655,Very Low,Moderate,Low,203,0,1,0,0.000000,0.492611,0.000000,,,
2024/2025,18-64 yrs,Rural North,01/11/2025,2,2025,16,596,2.6845637583892619,Very Low,101,832,12.139400,Moderate,19,395,4.810100,Moderate,,,,,,384002.000000,9,9,2,2.3437377930323282,2.3437377930323282,0.52083062067385066,Very Low,Low,Low,41,0,1,0,0.000000,2.439024,0.000000,,,
2024/2025,0-17 yrs,Southern California,01/11/2025,2,2025,131,7487,1.7496994790971017,Very Low,2121,6293,33.704100,Very High,810,4237,19.117300,Very High,,,,,,2904951.000000,27,127,177,0.92944769120029913,4.3718465474977029,6.0930459756464046,Very Low,Moderate,Very High,11,0,1,1,0.000000,9.090909,9.090909,,,
2024/2025,0-17 yrs,Bay Area,01/25/2025,4,2025,148,12318,1.2014937489852249,Very Low,5565,11244,49.493100,Very High,1066,8736,12.202400,Very High,,,,,,1670512.000000,7,68,66,0.41903320658576532,4.0706082925474352,3.9508845192372162,Very Low,Moderate,Very High,10,0,0,1,0.000000,0.000000,10.000000,,,
2024/2025,>64 yrs,Greater Sierra-Sacramento,01/25/2025,4,2025,93,2151,4.3235704323570436,Low,540,2961,18.237100,High,92,2025,4.543200,Moderate,,,,,,525440.000000,51,196,33,9.7061510353227778,37.302070645554203,6.280450669914738,Low,Very High,Very High,45,0,1,0,0.000000,2.222222,0.000000,,,
2024/2025,18-64 yrs,Los Angeles,01/25/2025,4,2025,522,24184,2.1584518690043004,Very Low,4087,13959,29.278600,Very High,204,7523,2.711700,Low,,,,,,6240953.000000,130,380,28,2.083015206171237,6.0888136795774619,0.44864942902149724,Very Low,High,Very Low,358,3,10,1,0.837989,2.793296,0.279330,,,
2024/2025,18-64 yrs,Bay Area,02/01/2025,5,2025,448,22001,2.0362710785873368,Very Low,6946,18507,37.531700,Very High,475,14125,3.362800,Low,,,,,,5222531.000000,39,322,41,0.74676435620966153,6.1655928897310517,0.78505996422041346,Very Low,High,Low,256,0,7,0,0.000000,2.734375,0.000000,,,
2024/2025,>64 yrs,Rural North,02/01/2025,5,2025,14,343,4.0816326530612246,Low,201,826,24.334100,Very High,12,374,3.208600,Low,,,,,,148325.000000,3,48,6,2.0225855385133995,32.361368616214392,4.045171077026799,Very Low,Very High,Very High,121,0,2,0,0.000000,1.652893,0.000000,,,
2024/2025,0-17 yrs,Southern California,02/01/2025,5,2025,184,9516,1.9335855401429174,Very Low,3495,8704,40.154000,Very High,889,5208,17.069900,Very High,,,,,,2904951.000000,13,188,173,0.44751185131866256,6.4717098498391188,5.9553500213945094,Very Low,High,Very High,22,0,0,1,0.000000,0.000000,4.545455,,,
2024/2025,>64 yrs,Central California,02/08/2025,6,2025,78,2713,2.8750460744563213,Very Low,656,3548,18.489300,High,120,2693,4.456000,Moderate,,,,,,580446.000000,31,236,36,5.3407207561082339,40.658390272307841,6.2021273296740782,Low,Very High,Very High,520,5,10,1,0.961538,1.923077,0.192308,,,
2024/2025,18-64 yrs,Los Angeles,02/08/2025,6,2025,633,22656,2.7939618644067794,Very Low,2920,15702,18.596400,High,213,10110,2.106800,Low,,,,,,6240953.000000,111,268,27,1.7785745221923639,4.2942159634914736,0.43262623512787229,Very Low,Moderate,Very Low,346,2,3,0,0.578035,0.867052,0.000000,,,
2024/2025,0-17 yrs,Rural North,02/08/2025,6,2025,12,634,1.8927444794952681,Very Low,316,957,33.019900,Very High,143,577,24.783400,Very High,,,,,,147863.000000,0,0,2,0,0,1.3526034234392645,Very Low,Very Low,Low,2,0,0,0,0.000000,0.000000,0.000000,,,
2024/2025,0-17 yrs,Bay Area,02/15/2025,7,2025,128,12126,1.0555830446973444,Very Low,5374,11955,44.951900,Very High,786,9099,8.638300,High,,,,,,1670512.000000,6,52,42,0.35917131993065599,3.1128181060656854,2.5141992395145922,Very Low,Low,High,7,0,1,0,0.000000,14.285714,0.000000,,,
2024/2025,0-17 yrs,Greater Sierra-Sacramento,02/15/2025,7,2025,52,4172,1.2464046021093003,Very Low,1829,4485,40.780400,Very High,433,3252,13.314900,Very High,,,,,,662349.000000,4,27,40,0.60391123108814238,4.0764008098449613,6.039112310881424,Very Low,Moderate,Very High,3,0,0,1,0.000000,0.000000,33.333333,,,
2024/2025,>64 yrs,Los Angeles,02/15/2025,7,2025,331,14060,2.3541963015647225,Very Low,615,9583,6.417600,Low,127,7099,1.789000,Low,,,,,,1608433.000000,216,250,56,13.429219619343796,15.543078263129393,3.4816495309409841,Moderate,Very High,Very High,1068,7,16,5,0.655431,1.498127,0.468165,,,
2024/2025,0-17 yrs,Rural North,02/15/2025,7,2025,11,588,1.870748299319728,Very Low,299,882,33.900200,Very High,108,499,21.643300,Very High,,,,,,147863.000000,0,2,5,0,1.3526034234392645,3.3815085585981621,Very Low,Low,Very High,1,0,0,0,0.000000,0.000000,0.000000,,,
2024/2025,18-64 yrs,Central California,02/22/2025,8,2025,138,7250,1.903448275862069,Very Low,1682,7438,22.613600,Very High,216,5105,4.231100,Moderate,,,,,,2636654.000000,28,119,25,1.0619520043206274,4.5132960183626674,0.94817143242913182,Very Low,Moderate,Low,169,1,3,0,0.591716,1.775148,0.000000,,,
2024/2025,>64 yrs,Los Angeles,02/22/2025,8,2025,266,11090,2.3985572587917043,Very Low,423,9032,4.683300,Low,82,6395,1.282300,Low,,,,,,1608433.000000,168,176,39,10.444948592822954,10.942327097243094,2.4247202090481856,Low,Very High,High,1078,11,9,2,1.020408,0.834879,0.185529,,,
2024/2025,18-64 yrs,Bay Area,03/01/2025,9,2025,299,17467,1.7117993931413524,Very Low,2612,13276,19.674600,High,304,10458,2.906900,Low,,,,,,5222531.000000,22,161,33,0.42125168811827063,3.0827964448655258,0.63187753217740594,Very Low,Low,Low,213,0,5,0,0.000000,2.347418,0.000000,,,
2024/2025,0-17 yrs,Los Angeles,03/01/2025,9,2025,80,5701,1.4032625855113139,Very Low,1016,5649,17.985500,High,385,3347,11.502800,Very High,,,,,,1934637.000000,11,14,36,0.56858211643838097,0.72364996637612122,1.860814199252883,Very Low,Very Low,Moderate,15,0,0,0,0.000000,0.000000,0.000000,,,
2024/2025,0-17 yrs,Bay Area,03/08/2025,10,2025,80,8402,0.952154248988336,Very Low,2029,7301,27.790700,Very High,383,5732,6.681800,Moderate,,,,,,1670512.000000,2,29,16,0.11972377331021866,1.7359947129981708,0.95779018648174929,Very Low,Low,Low,7,0,0,0,0.000000,0.000000,0.000000,,,
2024/2025,18-64 yrs,Bay Area,03/08/2025,10,2025,275,15207,1.80837772078648,Very Low,1660,11123,14.924000,Moderate,198,9134,2.167700,Low,,,,,,5222531.000000,26,96,17,0.49784290413977439,1.8381891845160898,0.32551266809139096,Very Low,Low,Very Low,217,1,4,0,0.460829,1.843318,0.000000,,,
2024/2025,18-64 yrs,Central California,03/08/2025,10,2025,109,5304,2.0550527903469078,Very Low,709,5390,13.154000,Moderate,107,3707,2.886400,Low,,,,,,2636654.000000,18,65,6,0.6826834313489748,2.4652457243157428,0.22756114378299164,Very Low,Low,Very Low,167,0,8,0,0.000000,4.790419,0.000000,,,
2024/2025,18-64 yrs,Greater Sierra-Sacramento,03/15/2025,11,2025,86,3546,2.4252679075014103,Very Low,467,3832,12.186800,Moderate,65,2291,2.837200,Low,,,,,,1793656.000000,20,56,11,1.1150410112083922,3.1221148313834979,0.61327255616461573,Very Low,Low,Low,10,0,0,0,0.000000,0.000000,0.000000,,,
2024/2025,18-64 yrs,Central California,03/22/2025,12,2025,136,5511,2.4677916893485756,Very Low,581,5058,11.486800,Moderate,74,3437,2.153000,Low,,,,,,2636654.000000,17,29,9,0.64475657405180964,1.0998788616177928,0.3413417156744874,Very Low,Low,Very Low,162,0,1,0,0.000000,0.617284,0.000000,,,
2024/2025,0-17 yrs,Los Angeles,03/22/2025,12,2025,97,5956,1.628609805238415,Very Low,940,5272,17.830000,High,229,3420,6.695900,Moderate,,,,,,1934637.000000,6,30,24,0.31013569987548051,1.5506784993774023,1.240542799501922,Very Low,Low,Low,14,0,0,0,0.000000,0.000000,0.000000,,,
2023/2024,0-17 yrs,Rural North,03/30/2024,13,2024,6,364,1.6483516483516485,Very Low,24,360,6.666700,Low,4,247,1.619400,Low,,,,,,151044.000000,0,,,0,,,Very Low,,,2,0,0,0,0.000000,0.000000,0.000000,,,
2023/2024,>64 yrs,Bay Area,04/13/2024,15,2024,324,9872,3.2820097244732573,Low,120,7012,1.711400,Very Low,15,6308,0.237800,Very Low,,,,,,1450195.000000,160,,,11.0329990104779,,,Low,,,904,6,0,1,0.663717,0.000000,0.110619,,,
2023/2024,18-64 yrs,Central California,04/13/2024,15,2024,169,9283,1.8205321555531617,Very Low,151,3126,4.830500,Low,10,2458,0.406800,Very Low,,,,,,2620187.000000,34,,,1.2976173074669901,,,Very Low,,,197,2,1,0,1.015228,0.507614,0.000000,,,
2023/2024,>64 yrs,Central California,04/13/2024,15,2024,119,2622,4.5385202135774216,Low,27,1724,1.566100,Very Low,5,1513,0.330500,Very Low,,,,,,565180.000000,54,,,9.5544782193283595,,,Low,,,521,1,0,0,0.191939,0.000000,0.000000,,,
2023/2024,>64 yrs,Rural North,04/13/2024,15,2024,14,318,4.4025157232704402,Low,4,367,1.089900,Very Low,4,280,1.428600,Low,,,,,,146162.000000,24,,,16.420136560802401,,,Moderate,,,115,0,0,1,0.000000,0.000000,0.869565,,,
2023/2024,0-17 yrs,Greater Sierra-Sacramento,04/20/2024,16,2024,27,1805,1.4958448753462603,Very Low,129,1711,7.539500,Low,10,1187,0.842500,Very Low,,,,,,673877.000000,2,,,0.29679006703003702,,,Very Low,,,1,0,0,0,0.000000,0.000000,0.000000,,,
2023/2024,18-64 yrs,Central California,04/27/2024,17,2024,155,8519,1.8194623782134052,Very Low,129,2909,4.434500,Low,3,2008,0.149400,Very Low,,,,,,2620187.000000,33,,,1.25945209254149,,,Very Low,,,176,0,0,0,0.000000,0.000000,0.000000,,,
2023/2024,0-17 yrs,Los Angeles,04/27/2024,17,2024,44,4385,1.0034207525655643,Very Low,163,2815,5.790400,Low,17,1828,0.930000,Very Low,,,,,,1975596.000000,4,,,0.20247054559737901,,,Very Low,,,10,0,0,0,0.000000,0.000000,0.000000,,,
2023/2024,0-17 yrs,Central California,05/04/2024,18,2024,53,3872,1.3688016528925619,Very Low,119,2112,5.634500,Low,5,1691,0.295700,Very Low,,,,,,1246767.000000,0,,,0,,,Very Low,,,7,0,0,0,0.000000,0.000000,0.000000,,,
2023/2024,18-64 yrs,Greater Sierra-Sacramento,05/04/2024,18,2024,131,3948,3.3181357649442758,Low,65,1984,3.276200,Low,3,1443,0.207900,Very Low,,,,,,1788686.000000,59,,,3.2985107503497,,,Low,,,16,0,0,0,0.000000,0.000000,0.000000,,,
2023/2024,>64 yrs,Southern California,05/04/2024,18,2024,181,5923,3.0558838426473072,Low,61,4272,1.427900,Very Low,13,2399,0.541900,Very Low,,,,,,1990514.000000,58,,,2.91382024944311,,,Very Low,,,1348,10,1,0,0.741840,0.074184,0.000000,,,
2023/2024,0-17 yrs,Los Angeles,05/11/2024,19,2024,49,4103,1.1942481111381915,Very Low,125,2502,4.996000,Low,6,1624,0.369500,Very Low,,,,,,1975596.000000,5,,,0.253088181996724,,,Very Low,,,11,0,0,0,0.000000,0.000000,0.000000,,,
2023/2024,18-64 yrs,Los Angeles,05/11/2024,19,2024,309,14539,2.125318109911273,Very Low,189,5402,3.498700,Low,6,2952,0.203300,Very Low,,,,,,6291153.000000,34,,,0.54044147392377795,,,Very Low,,,298,2,0,0,0.671141,0.000000,0.000000,,,
2023/2024,0-17 yrs,Central California,05/18/2024,20,2024,58,3232,1.7945544554455444,Very Low,137,1799,7.615300,Low,2,1312,0.152400,Very Low,,,,,,1246767.000000,6,,,0.48124469126949998,,,Very Low,,,8,0,0,0,0.000000,0.000000,0.000000,,,
2023/2024,18-64 yrs,Central California,05/18/2024,20,2024,240,7554,3.177124702144559,Low,132,2445,5.398800,Low,2,1530,0.130700,Very Low,,,,,,2620187.000000,23,,,0.87779994328649102,,,Very Low,,,171,3,0,0,1.754386,0.000000,0.000000,,,
2023/2024,>64 yrs,Rural North,05/18/2024,20,2024,21,241,8.7136929460580905,Moderate,2,223,0.896900,Very Low,0,170,0.000000,Very Low,,,,,,146162.000000,1,,,0.68417235670010002,,,Very Low,,,116,0,0,0,0.000000,0.000000,0.000000,,,
2023/2024,0-17 yrs,Rural North,05/25/2024,21,2024,12,262,4.5801526717557248,Low,13,232,5.603400,Low,2,144,1.388900,Low,,,,,,151044.000000,0,,,0,,,Very Low,,,2,0,0,0,0.000000,0.000000,0.000000,,,
2023/2024,18-64 yrs,Bay Area,06/01/2024,22,2024,951,25731,3.6959309781975049,Low,286,8284,3.452400,Low,9,6794,0.132500,Very Low,,,,,,5244977.000000,76,,,1.44900540078631,,,Very Low,,,210,3,1,0,1.428571,0.476190,0.000000,,,
2023/2024,>64 yrs,Bay Area,06/01/2024,22,2024,660,8515,7.7510275983558437,Low,59,4286,1.376600,Very Low,12,3682,0.325900,Very Low,,,,,,1450195.000000,252,,,17.376973441502699,,,Moderate,,,834,10,0,0,1.199041,0.000000,0.000000,,,
2023/2024,18-64 yrs,Central California,06/01/2024,22,2024,272,6734,4.0392040392040389,Low,136,2492,5.457500,Low,0,1634,0.000000,Very Low,,,,,,2620187.000000,35,,,1.33578252239249,,,Very Low,,,177,1,0,0,0.564972,0.000000,0.000000,,,
2023/2024,>64 yrs,Central California,06/08/2024,23,2024,175,2069,8.4581923634606095,Moderate,25,1281,1.951600,Very Low,1,877,0.114000,Very Low,,,,,,565180.000000,42,,,7.4312608372553903,,,Low,,,459,4,0,0,0.871460,0.000000,0.000000,,,
2023/2024,18-64 yrs,Los Angeles,06/08/2024,23,2024,563,16770,3.3571854502087057,Low,235,5393,4.357500,Low,4,2865,0.139600,Very Low,,,,,,6291153.000000,62,,,0.985510923037478,,,Very Low,,,302,0,0,0,0.000000,0.000000,0.000000,,,
2023/2024,18-64 yrs,Rural North,06/15/2024,24,2024,44,488,9.0163934426229506,Moderate,4,295,1.355900,Very Low,1,168,0.595200,Very Low,,,,,,386509.000000,0,,,0,,,Very Low,,,35,0,0,0,0.000000,0.000000,0.000000,,,
2023/2024,0-17 yrs,Los Angeles,06/22/2024,25,2024,145,3288,4.4099756690997571,Low,68,1801,3.775700,Low,13,1228,1.058600,Low,,,,,,1975596.000000,4,,,0.20247054559737901,,,Very Low,,,13,0,0,0,0.000000,0.000000,0.000000,,,
2023/2024,18-64 yrs,Los Angeles,06/22/2024,25,2024,809,18555,4.3600107787658313,Low,202,5665,3.565800,Low,5,3287,0.152100,Very Low,,,,,,6291153.000000,72,,,1.14446429772094,,,Very Low,,,288,0,0,0,0.000000,0.000000,0.000000,,,
2023/2024,>64 yrs,Los Angeles,06/29/2024,26,2024,663,11287,5.8740143527952506,Low,55,3682,1.493800,Very Low,4,2496,0.160300,Very Low,,,,,,1558959.000000,224,,,14.368562611332299,,,Moderate,,,918,6,0,0,0.653595,0.000000,0.000000,,,
2023/2024,0-17 yrs,Southern California,06/29/2024,26,2024,230,3490,6.5902578796561597,Low,73,2185,3.341000,Low,6,1637,0.366500,Very Low,,,,,,2950125.000000,9,,,0.305071818990721,,,Very Low,,,25,0,0,0,0.000000,0.000000,0.000000,,,
2024/2025,>64 yrs,Rural North,07/06/2024,27,2024,54,252,21.428571428571427,Very High,0,255,0.000000,Very Low,2,167,1.197600,Low,,,,,,148325.000000,1,,,0.67419517950446595,,,Very Low,,,104,2,0,0,1.923077,0.000000,0.000000,,,
2024/2025,18-64 yrs,Bay Area,07/13/2024,28,2024,2362,27888,8.4695926563396444,Moderate,166,8171,2.031600,Low,12,6930,0.173200,Very Low,,,,,,5222531.000000,159,,,3.0445008368547701,,,Low,,,194,4,0,0,2.061856,0.000000,0.000000,,,
2024/2025,18-64 yrs,Southern California,07/13/2024,28,2024,1739,14761,11.78104464467177,Moderate,146,6114,2.388000,Low,3,2602,0.115300,Very Low,,,,,,7875686.000000,88,,,1.1173629827293801,,,Very Low,,,375,2,0,0,0.533333,0.000000,0.000000,,,
2024/2025,0-17 yrs,Central California,07/20/2024,29,2024,296,2752,10.755813953488373,Moderate,14,1013,1.382000,Very Low,0,752,0.000000,Very Low,,,,,,1224522.000000,0,,,0,,,Very Low,,,9,0,0,0,0.000000,0.000000,0.000000,,,
2024/2025,0-17 yrs,Bay Area,07/27/2024,30,2024,559,9366,5.9683963271407219,Low,80,2304,3.472200,Low,15,1810,0.828700,Very Low,,,,,,1670512.000000,6,,,0.35917131993065599,,,Very Low,,,6,0,0,0,0.000000,0.000000,0.000000,,,
2024/2025,>64 yrs,Rural North,07/27/2024,30,2024,75,298,25.167785234899331,Very High,3,275,1.090900,Very Low,1,187,0.534800,Very Low,,,,,,148325.000000,10,,,6.7419517950446597,,,Low,,,102,2,0,0,1.960784,0.000000,0.000000,,,
2024/2025,0-17 yrs,Central California,08/03/2024,31,2024,383,2902,13.197794624396966,High,11,1097,1.002700,Very Low,6,807,0.743500,Very Low,,,,,,1224522.000000,0,,,0,,,Very Low,,,11,0,0,0,0.000000,0.000000,0.000000,,,
2024/2025,18-64 yrs,Bay Area,08/10/2024,32,2024,1830,22933,7.9797671477783103,Low,88,4693,1.875100,Very Low,6,3997,0.150100,Very Low,,,,,,5222531.000000,178,,,3.4083091129569199,,,Low,,,226,3,0,0,1.327434,0.000000,0.000000,,,
2024/2025,>64 yrs,Greater Sierra-Sacramento,08/10/2024,32,2024,427,2381,17.933641327173454,Very High,5,969,0.516000,Very Low,0,652,0.000000,Very Low,,,,,,525440.000000,181,,,34.447320341047501,,,Very High,,,40,2,0,0,5.000000,0.000000,0.000000,,,
2024/2025,0-17 yrs,Los Angeles,08/10/2024,32,2024,604,3421,17.655656240865245,Very High,50,1983,2.521400,Low,8,1326,0.603300,Very Low,,,,,,1934637.000000,27,,,1.3956106494396601,,,Very Low,,,10,0,0,0,0.000000,0.000000,0.000000,,,
2024/2025,18-64 yrs,Bay Area,08/17/2024,33,2024,1800,21259,8.4670022108283547,Moderate,104,3619,2.873700,Low,13,2495,0.521000,Very Low,,,,,,5222531.000000,152,,,2.91046620881714,,,Very Low,,,187,4,0,0,2.139037,0.000000,0.000000,,,
2024/2025,>64 yrs,Central California,08/17/2024,33,2024,561,2736,20.504385964912281,Very High,8,1414,0.565800,Very Low,0,986,0.000000,Very Low,,,,,,580446.000000,235,,,40.486108957594702,,,Very High,,,426,14,0,0,3.286385,0.000000,0.000000,,,
2024/2025,0-17 yrs,Greater Sierra-Sacramento,08/17/2024,33,2024,219,1348,16.246290801186944,High,7,738,0.948500,Very Low,2,428,0.467300,Very Low,,,,,,662349.000000,4,,,0.60391123108814204,,,Very Low,,,1,0,0,0,0.000000,0.000000,0.000000,,,
2024/2025,18-64 yrs,Rural North,08/17/2024,33,2024,116,695,16.690647482014391,High,1,380,0.263200,Very Low,0,213,0.000000,Very Low,,,,,,384002.000000,4,,,1.0416612413477,,,Very Low,,,46,0,0,0,0.000000,0.000000,0.000000,,,
2024/2025,18-64 yrs,Bay Area,08/24/2024,34,2024,1559,21864,7.1304427369191359,Low,97,3544,2.737000,Low,2,2356,0.084900,Very Low,,,,,,5222531.000000,194,,,3.71467397704293,,,Low,,,220,3,0,0,1.363636,0.000000,0.000000,,,
2024/2025,0-17 yrs,Central California,08/24/2024,34,2024,699,3819,18.303220738413199,Very High,13,1762,0.737800,Very Low,8,1256,0.636900,Very Low,,,,,,1224522.000000,5,,,0.40832259444909902,,,Very Low,,,9,0,0,0,0.000000,0.000000,0.000000,,,
2024/2025,18-64 yrs,Central California,08/24/2024,34,2024,1147,8763,13.089124728974097,High,19,2749,0.691200,Very Low,0,1817,0.000000,Very Low,,,,,,2636654.000000,117,,,4.4374423037683401,,,Low,,,154,2,0,0,1.298701,0.000000,0.000000,,,
2024/2025,18-64 yrs,Los Angeles,08/24/2024,34,2024,1872,20495,9.1339351061234453,Moderate,63,6120,1.029400,Very Low,2,3584,0.055800,Very Low,,,,,,6240953.000000,235,,,3.7654505650018502,,,Low,,,306,8,0,0,2.614379,0.000000,0.000000,,,
2024/2025,>64 yrs,Rural North,08/24/2024,34,2024,81,323,25.077399380804955,Very High,0,271,0.000000,Very Low,0,165,0.000000,Very Low,,,,,,148325.000000,10,,,6.7419517950446597,,,Low,,,118,5,0,0,4.237288,0.000000,0.000000,,,
2024/2025,0-17 yrs,Central California,08/31/2024,35,2024,663,4343,15.26594519917108,High,20,2047,0.977000,Very Low,3,1525,0.196700,Very Low,,,,,,1224522.000000,5,,,0.40832259444909902,,,Very Low,,,3,0,0,0,0.000000,0.000000,0.000000,,,
2024/2025,18-64 yrs,Los Angeles,08/31/2024,35,2024,1655,20164,8.2076968855385832,Moderate,74,6147,1.203800,Very Low,7,3535,0.198000,Very Low,,,,,,6240953.000000,227,,,3.6372650138528502,,,Low,,,257,2,0,0,0.778210,0.000000,0.000000,,,
2024/2025,18-64 yrs,Rural North,08/31/2024,35,2024,113,664,17.018072289156628,Very High,2,336,0.595200,Very Low,0,193,0.000000,Very Low,,,,,,384002.000000,2,,,0.520830620673851,,,Very Low,,,22,0,0,0,0.000000,0.000000,0.000000,,,
2024/2025,>64 yrs,Rural North,08/31/2024,35,2024,100,373,26.809651474530831,Very High,2,272,0.735300,Very Low,0,163,0.000000,Very Low,,,,,,148325.000000,9,,,6.0677566155402003,,,Low,,,106,2,0,0,1.886792,0.000000,0.000000,,,
2024/2025,18-64 yrs,Rural North,09/07/2024,36,2024,108,616,17.532467532467532,Very High,1,350,0.285700,Very Low,0,199,0.000000,Very Low,,,,,,384002.000000,4,,,1.0416612413477,,,Very Low,,,37,2,0,0,5.405405,0.000000,0.000000,,,
2024/2025,>64 yrs,Bay Area,09/21/2024,38,2024,577,7289,7.9160378652764445,Low,24,2561,0.937100,Very Low,1,1940,0.051500,Very Low,,,,,,1498910.000000,317,,,21.1487013896765,,,Moderate,,,853,20,0,0,2.344666,0.000000,0.000000,,,
2024/2025,0-17 yrs,Southern California,09/21/2024,38,2024,267,4985,5.3560682046138419,Low,53,3035,1.746300,Very Low,13,2107,0.617000,Very Low,,,,,,2904951.000000,34,,,1.1704156111411199,,,Very Low,,,15,0,0,0,0.000000,0.000000,0.000000,,,
2024/2025,>64 yrs,Southern California,09/28/2024,39,2024,593,6489,9.1385421482508864,Moderate,52,4702,1.105900,Very Low,0,2468,0.000000,Very Low,,,,,,2059864.000000,422,,,20.4867894191073,,,Moderate,,,1314,30,0,0,2.283105,0.000000,0.000000,,,
2024/2025,18-64 yrs,Central California,10/05/2024,40,2024,229,6979,3.2812723885943544,Low,24,2520,0.952400,Very Low,3,1671,0.179500,Very Low,,,,,,2636654.000000,69,,,2.6169531535043999,,,Very Low,,,169,1,0,0,0.591716,0.000000,0.000000,,,
2024/2025,>64 yrs,Central California,10/05/2024,40,2024,175,2148,8.1471135940409685,Moderate,12,1422,0.843900,Very Low,0,982,0.000000,Very Low,,,,,,580446.000000,133,,,22.913414856851499,,,Moderate,,,430,6,0,0,1.395349,0.000000,0.000000,,,
2024/2025,0-17 yrs,Greater Sierra-Sacramento,10/05/2024,40,2024,55,1549,3.5506778566817303,Low,21,1186,1.770700,Very Low,8,784,1.020400,Low,,,,,,662349.000000,9,,,1.3588002699483199,,,Very Low,,,1,0,0,0,0.000000,0.000000,0.000000,,,
2024/2025,0-17 yrs,Southern California,10/05/2024,40,2024,131,4963,2.6395325408019343,Very Low,35,3087,1.133800,Very Low,17,2157,0.788100,Very Low,,,,,,2904951.000000,34,,,1.1704156111411199,,,Very Low,,,14,0,0,0,0.000000,0.000000,0.000000,,,
2024/2025,>64 yrs,Southern California,10/12/2024,41,2024,361,6420,5.6230529595015577,Low,45,4683,0.960900,Very Low,2,2490,0.080300,Very Low,,,,,,2059864.000000,206,,,10.0006602377633,,,Low,,,1344,18,1,0,1.339286,0.074405,0.000000,,,
2024/2025,18-64 yrs,Bay Area,10/19/2024,42,2024,345,14478,2.3829258184832161,Very Low,135,6324,2.134700,Low,15,4821,0.311100,Very Low,,,,,,5222531.000000,51,,,0.97653800427417303,,,Very Low,,,212,0,0,0,0.000000,0.000000,0.000000,,,
2024/2025,>64 yrs,Central California,10/19/2024,42,2024,139,1929,7.2058061171591499,Low,11,1487,0.739700,Very Low,1,1131,0.088400,Very Low,,,,,,580446.000000,61,,,10.5091601975033,,,Low,,,412,7,1,2,1.699029,0.242718,0.485437,,,
2024/2025,0-17 yrs,Los Angeles,10/19/2024,42,2024,71,3929,1.807075591753627,Very Low,69,2655,2.598900,Low,44,1781,2.470500,Low,,,,,,1934637.000000,7,,,0.361824983188061,,,Very Low,,,11,0,0,0,0.000000,0.000000,0.000000,,,
2024/2025,0-17 yrs,Rural North,10/19/2024,42,2024,11,224,4.9107142857142856,Low,0,186,0.000000,Very Low,1,129,0.775200,Very Low,,,,,,147863.000000,0,,,0,,,Very Low,,,1,0,0,0,0.000000,0.000000,0.000000,,,
2024/2025,0-17 yrs,Southern California,10/26/2024,43,2024,82,5305,1.5457115928369463,Very Low,91,3407,2.671000,Low,53,2405,2.203700,Low,,,,,,2904951.000000,15,,,0.51635982844461104,,,Very Low,,,19,0,0,0,0.000000,0.000000,0.000000,,,
2024/2025,18-64 yrs,Bay Area,11/02/2024,44,2024,319,16222,1.9664652940451239,Very Low,205,7106,2.884900,Low,60,5547,1.081700,Low,,,,,,5222531.000000,31,5,2,0.59358192416665401,0.095739020026879701,0.038295608010751873,Very Low,Very Low,Very Low,225,0,0,0,0.000000,0.000000,0.000000,,,
2024/2025,>64 yrs,Bay Area,11/02/2024,44,2024,268,6690,4.0059790732436467,Low,46,4532,1.015000,Very Low,25,4030,0.620300,Very Low,,,,,,1498910.000000,89,3,3,5.9376480242309411,0.20014543901902049,0.20014543901902049,Low,Very Low,Very Low,833,6,1,0,0.720288,0.120048,0.000000,,,
2024/2025,0-17 yrs,Bay Area,11/09/2024,45,2024,74,7570,0.97754293262879799,Very Low,243,5005,4.855100,Low,374,4125,9.066700,High,,,,,,1670512.000000,2,1,17,0.11972377331021866,0.059861886655109331,1.0176520731368588,Very Low,Very Low,Low,5,0,0,0,0.000000,0.000000,0.000000,,,
2024/2025,>64 yrs,Central California,11/09/2024,45,2024,93,1793,5.1868377021751257,Low,15,1700,0.882400,Very Low,3,1215,0.246900,Very Low,,,,,,580446.000000,31,3,5,5.3407207561082339,0.51684394413950652,0.86140657356584416,Low,Very Low,Low,463,3,0,0,0.647948,0.000000,0.000000,,,
2024/2025,>64 yrs,Los Angeles,11/09/2024,45,2024,201,10437,1.9258407588387469,Very Low,65,4840,1.343000,Very Low,15,3599,0.416800,Very Low,,,,,,1608433.000000,136,21,2,8.4554345751423909,1.3056185741028692,0.12434462610503515,Low,Low,Very Low,893,4,2,0,0.447928,0.223964,0.000000,,,
2024/2025,18-64 yrs,Southern California,11/09/2024,45,2024,259,16707,1.5502483988747231,Very Low,257,6608,3.889200,Low,8,2796,0.286100,Very Low,,,,,,7875686.000000,34,34,1,0.43170842514544133,0.43170842514544133,0.012697306621924745,Very Low,Very Low,Very Low,392,2,1,0,0.510204,0.255102,0.000000,,,
2024/2025,>64 yrs,Southern California,11/09/2024,45,2024,208,6081,3.420490050978457,Low,60,4575,1.311500,Very Low,17,2423,0.701600,Very Low,,,,,,2059864.000000,80,32,7,3.8837515486459298,1.5535006194583723,0.33982826050651888,Low,Low,Very Low,1378,12,1,0,0.870827,0.072569,0.000000,,,
2024/2025,18-64 yrs,Bay Area,11/16/2024,46,2024,286,12643,2.2621213319623505,Very Low,380,8081,4.702400,Low,114,6383,1.786000,Low,,,,,,5222531.000000,53,40,18,1.0148336122849246,0.76591216021503761,0.34466047209676687,Very Low,Very Low,Very Low,202,1,1,0,0.495050,0.495050,0.000000,,,
2024/2025,0-17 yrs,Central California,11/16/2024,46,2024,35,3299,1.0609275538041831,Very Low,160,2479,6.454200,Low,92,1935,4.754500,Moderate,,,,,,1224522.000000,1,2,2,0.081664518889819862,0.16332903777963972,0.16332903777963972,Very Low,Very Low,Very Low,8,0,0,0,0.000000,0.000000,0.000000,,,
2024/2025,>64 yrs,Central California,11/16/2024,46,2024,90,1709,5.2662375658279696,Low,21,1838,1.142500,Very Low,7,1251,0.559600,Very Low,,,,,,580446.000000,36,4,10,6.2021273296740782,0.68912525885267539,1.7228131471316883,Low,Very Low,Moderate,498,7,0,0,1.405622,0.000000,0.000000,,,
2024/2025,0-17 yrs,Southern California,11/16/2024,46,2024,77,5495,1.4012738853503186,Very Low,317,3820,8.298400,Low,127,2710,4.686300,Moderate,,,,,,2904951.000000,11,20,31,0.37866387419271441,0.68847977125948079,1.0671436454521952,Very Low,Very Low,Low,23,0,0,0,0.000000,0.000000,0.000000,,,
2024/2025,18-64 yrs,Greater Sierra-Sacramento,11/23/2024,47,2024,123,3438,3.5776614310645725,Low,164,2897,5.661000,Low,18,1854,0.970900,Very Low,,,,,,1793656.000000,17,13,2,0.94778485952713343,0.72477665728545493,0.11150410112083922,Very Low,Very Low,Very Low,12,0,0,0,0.000000,0.000000,0.000000,,,
2024/2025,0-17 yrs,Los Angeles,11/23/2024,47,2024,67,5566,1.2037369744879627,Very Low,684,4385,15.598600,High,241,2858,8.432500,High,,,,,,1934637.000000,16,21,38,0.82702853300128132,1.0854749495641818,1.9641927658780434,Very Low,Low,Moderate,12,0,0,0,0.000000,0.000000,0.000000,,,
2024/2025,>64 yrs,Bay Area,11/30/2024,48,2024,164,6073,2.7004775234645151,Very Low,156,4988,3.127500,Low,83,4520,1.836300,Low,,,,,,1498910.000000,98,42,30,6.5380843412880028,2.8020361462662868,2.0014543901902049,Low,Low,High,925,5,1,0,0.540541,0.108108,0.000000,,,
2024/2025,18-64 yrs,Central California,11/30/2024,48,2024,119,5334,2.2309711286089238,Very Low,326,3931,8.293100,Low,14,2487,0.562900,Very Low,,,,,,2636654.000000,17,20,1,0.64475657405180964,0.75853714594330546,0.037926857297165273,Very Low,Very Low,Very Low,160,1,1,0,0.625000,0.625000,0.000000,,,
2024/2025,0-17 yrs,Rural North,11/30/2024,48,2024,7,163,4.294478527607362,Low,20,237,8.438800,Low,14,150,9.333300,High,,,,,,147863.000000,0,0,0,0,0,0,Very Low,Very Low,Very Low,1,0,0,0,0.000000,0.000000,0.000000,,,
2024/2025,18-64 yrs,Rural North,11/30/2024,48,2024,19,360,5.2777777777777777,Low,25,505,4.950500,Low,1,220,0.454500,Very Low,,,,,,384002.000000,1,5,1,0.26041531033692533,1.3020765516846267,0.26041531033692533,Very Low,Low,Very Low,40,0,1,0,0.000000,2.500000,0.000000,,,
2024/2025,0-17 yrs,Southern California,11/30/2024,48,2024,78,5543,1.407180227313729,Very Low,814,4411,18.453900,High,315,3068,10.267300,Very High,,,,,,2904951.000000,12,48,59,0.41308786275568843,1.6523514510227537,2.0310153252154683,Very Low,Low,High,19,0,0,0,0.000000,0.000000,0.000000,,,
2024/2025,0-17 yrs,Central California,12/07/2024,49,2024,41,3861,1.0619010619010618,Very Low,377,2890,13.045000,Moderate,246,2185,11.258600,Very High,,,,,,1224522.000000,0,2,9,0,0.16332903777963972,0.73498067000837886,Very Low,Very Low,Low,8,0,0,0,0.000000,0.000000,0.000000,,,
2024/2025,>64 yrs,Central California,12/14/2024,50,2024,78,1781,4.3795620437956204,Low,124,2339,5.301400,Low,35,1630,2.147200,Low,,,,,,580446.000000,56,38,13,9.6477536239374544,6.5466899591004157,2.2396570912711948,Low,High,High,508,6,1,0,1.181102,0.196850,0.000000,,,
2024/2025,18-64 yrs,Rural North,12/14/2024,50,2024,14,469,2.9850746268656714,Very Low,69,611,11.293000,Moderate,5,267,1.872700,Low,,,,,,384002.000000,4,7,2,1.0416612413477013,1.8229071723584771,0.52083062067385066,Very Low,Low,Low,36,0,0,0,0.000000,0.000000,0.000000,,,
2024/2025,18-64 yrs,Bay Area,12/21/2024,51,2024,347,17048,2.0354293758798687,Very Low,2899,12317,23.536600,Very High,426,9552,4.459800,Moderate,,,,,,5222531.000000,34,219,56,0.65102533618278191,4.1933690771773309,1.0722770243010524,Very Low,Moderate,Low,218,3,0,0,1.376147,0.000000,0.000000,,,
2024/2025,0-17 yrs,Central California,12/21/2024,51,2024,57,4397,1.2963384125540141,Very Low,1340,4567,29.340900,Very High,634,3449,18.382100,Very High,,,,,,1224522.000000,3,14,15,0.2449935566694596,1.1433032644574781,1.2249677833472978,Very Low,Low,Low,15,0,0,0,0.000000,0.000000,0.000000,,,
2024/2025,18-64 yrs,Central California,12/21/2024,51,2024,130,5810,2.2375215146299485,Very Low,1109,5370,20.651800,High,74,3417,2.165600,Low,,,,,,2636654.000000,17,59,10,0.64475657405180964,2.237684580532751,0.37926857297165273,Very Low,Low,Very Low,176,3,2,0,1.704545,1.136364,0.000000,,,
2024/2025,>64 yrs,Rural North,12/21/2024,51,2024,21,263,7.9847908745247151,Low,55,515,10.679600,Moderate,6,255,2.352900,Low,,,,,,148325.000000,24,25,16,16.180684308107196,16.854879487611665,10.787122872071464,Moderate,Very High,Very High,130,2,0,0,1.538462,0.000000,0.000000,,,
2024/2025,>64 yrs,Central California,12/28/2024,52,2024,141,2224,6.3399280575539567,Low,419,3122,13.420900,Moderate,69,2322,2.971600,Low,,,,,,580446.000000,63,111,23,10.853722826929637,19.123225933161741,3.9624702384028834,Low,Very High,Very High,487,2,3,0,0.410678,0.616016,0.000000,,,
2024/2025,18-64 yrs,Greater Sierra-Sacramento,12/28/2024,52,2024,118,4403,2.6799909152850332,Very Low,1103,4485,24.593100,Very High,87,2762,3.149900,Low,,,,,,1793656.000000,24,76,9,1.3380492134500708,4.2371558425918909,0.50176845504377643,Very Low,Moderate,Low,15,0,1,0,0.000000,6.666667,0.000000,,,
2024/2025,18-64 yrs,Southern California,01/04/2025,1,2025,587,25679,2.2859145605358466,Very Low,5220,16495,31.646000,Very High,240,6406,3.746500,Low,,,,,,7875686.000000,75,741,60,0.95229799664435588,9.4087042068462363,0.76183839731548464,Very Low,Very High,Low,449,3,15,1,0.668151,3.340757,0.222717,,,
2024/2025,18-64 yrs,Bay Area,01/18/2025,3,2025,387,20585,1.8800097158124849,Very Low,4974,15406,32.286100,Very High,545,11989,4.545800,Moderate,,,,,,5222531.000000,43,260,57,0.82335557223116529,4.9784290413977432,1.0914248283064285,Very Low,Moderate,Low,237,0,3,2,0.000000,1.265823,0.843882,,,
2024/2025,18-64 yrs,Central California,01/18/2025,3,2025,133,6892,1.9297736506094023,Very Low,1725,6387,27.008000,Very High,173,4397,3.934500,Low,,,,,,2636654.000000,10,120,22,0.37926857297165273,4.5512228756598327,0.834390860537636,Very Low,Moderate,Low,173,1,1,0,0.578035,0.578035,0.000000,,,
2024/2025,>64 yrs,Greater Sierra-Sacramento,01/18/2025,3,2025,73,2081,3.5079288803459874,Low,380,2720,13.970600,Moderate,94,1939,4.847900,Moderate,,,,,,525440.000000,54,129,32,10.277101096224117,24.550852618757613,6.0901339829476253,Low,Very High,Very High,55,2,0,0,3.636364,0.000000,0.000000,,,
2024/2025,>64 yrs,Rural North,01/18/2025,3,2025,10,294,3.4013605442176873,Low,65,559,11.627900,Moderate,23,293,7.849800,High,,,,,,148325.000000,17,20,14,11.461318051575931,13.48390359008933,9.4387325130625328,Low,Very High,Very High,156,2,1,0,1.282051,0.641026,0.000000,,,
2024/2025,18-64 yrs,Central California,01/25/2025,4,2025,156,7316,2.1323127392017494,Very Low,2291,7170,31.952600,Very High,153,4815,3.177600,Low,,,,,,2636654.000000,9,124,21,0.3413417156744874,4.7029303048484934,0.79646400324047062,Very Low,Moderate,Low,194,0,3,0,0.000000,1.546392,0.000000,,,
2024/2025,>64 yrs,Southern California,01/25/2025,4,2025,474,8858,5.3510950553172272,Low,1960,9828,19.943000,High,194,4403,4.406100,Moderate,,,,,,2059864.000000,201,759,92,9.7579257659728995,36.847092817778261,4.4663142809428189,Low,Very High,Very High,1778,25,52,5,1.406074,2.924634,0.281215,,,
2024/2025,>64 yrs,Bay Area,02/01/2025,5,2025,305,9266,3.2916037124973019,Low,2127,9197,23.127100,Very High,280,8189,3.419200,Low,,,,,,1498910.000000,123,622,103,8.2059629997798407,41.496821023276915,6.8716600729863702,Low,Very High,Very High,1063,11,33,6,1.034807,3.104421,0.564440,,,
2024/2025,0-17 yrs,Central California,02/01/2025,5,2025,81,6726,1.2042818911685995,Very Low,3201,6944,46.097400,Very High,871,5296,16.446400,Very High,,,,,,1224522.000000,0,20,16,0,1.6332903777963972,1.3066323022371178,Very Low,Low,Low,6,0,0,0,0.000000,0.000000,0.000000,,,
2024/2025,18-64 yrs,Central California,02/01/2025,5,2025,161,8192,1.96533203125,Very Low,2608,8016,32.534900,Very High,195,5438,3.585900,Low,,,,,,2636654.000000,12,179,17,0.45512228756598327,6.7889074561925833,0.64475657405180964,Very Low,High,Low,172,1,6,0,0.581395,3.488372,0.000000,,,
2024/2025,18-64 yrs,Los Angeles,02/01/2025,5,2025,645,26762,2.4101337717659366,Very Low,4292,16826,25.508100,Very High,224,10206,2.194800,Low,,,,,,6240953.000000,125,371,41,2.0028992367031124,5.944604934534838,0.65695094963862088,Very Low,Moderate,Low,365,3,7,1,0.821918,1.917808,0.273973,,,
2024/2025,>64 yrs,Southern California,02/01/2025,5,2025,486,9940,4.8893360160965793,Low,2111,10566,19.979200,High,200,5068,3.946300,Low,,,,,,2059864.000000,206,851,84,10.00066023776327,41.313407098721079,4.0779391260782267,Low,Very High,Very High,1675,22,45,3,1.313433,2.686567,0.179104,,,
2024/2025,0-17 yrs,Bay Area,02/08/2025,6,2025,165,13276,1.2428442301898162,Very Low,6535,13016,50.207400,Very High,877,10147,8.642900,High,,,,,,1670512.000000,4,63,34,0.23944754662043732,3.7712988592718877,2.0353041462737176,Very Low,Low,High,8,0,0,0,0.000000,0.000000,0.000000,,,
2024/2025,0-17 yrs,Central California,02/08/2025,6,2025,99,6921,1.4304291287386215,Very Low,3132,6886,45.483600,Very High,870,5525,15.746600,Very High,,,,,,1224522.000000,1,32,30,0.081664518889819862,2.6132646044742356,2.4499355666945957,Very Low,Low,High,13,0,0,2,0.000000,0.000000,15.384615,,,
2024/2025,0-17 yrs,Los Angeles,02/08/2025,6,2025,173,7537,2.295342974658352,Very Low,2412,6679,36.113200,Very High,537,4405,12.190700,Very High,,,,,,1934637.000000,13,59,34,0.67196068306354118,3.0496677154422249,1.757435632627723,Very Low,Low,Moderate,12,0,0,1,0.000000,0.000000,8.333333,,,
2024/2025,0-17 yrs,Southern California,02/22/2025,8,2025,111,7298,1.5209646478487258,Very Low,1453,6729,21.593100,Very High,786,4179,18.808300,Very High,,,,,,2904951.000000,10,79,157,0.34423988562974039,2.7194950964749491,5.4045662043869243,Very Low,Low,Very High,23,1,0,0,4.347826,0.000000,0.000000,,,
2024/2025,>64 yrs,Southern California,02/22/2025,8,2025,294,7938,3.7037037037037033,Low,609,7786,7.821700,Low,143,3802,3.761200,Low,,,,,,2059864.000000,153,229,52,7.4276748367853411,11.117238807998975,2.5244385066198545,Low,Very High,High,1577,11,25,3,0.697527,1.585289,0.190235,,,
2024/2025,>64 yrs,Los Angeles,03/08/2025,10,2025,227,12865,1.7644772638942867,Very Low,287,7016,4.090600,Low,81,5251,1.542600,Low,,,,,,1608433.000000,158,107,34,9.8232254622977759,6.6524374966193802,2.1138586437855977,Low,High,High,985,8,6,4,0.812183,0.609137,0.406091,,,
2024/2025,18-64 yrs,Bay Area,03/15/2025,11,2025,376,15157,2.4807019858811112,Very Low,1477,11023,13.399300,Moderate,171,8786,1.946300,Low,,,,,,5222531.000000,20,83,21,0.3829560801075188,1.5892677324462026,0.40210388411289472,Very Low,Low,Very Low,214,0,0,0,0.000000,0.000000,0.000000,,,
2024/2025,0-17 yrs,Central California,03/15/2025,11,2025,35,4125,0.84848484848484862,Very Low,839,4381,19.150900,High,347,3325,10.436100,Very High,,,,,,1224522.000000,0,6,10,0,0.4899871133389192,0.81664518889819859,Very Low,Very Low,Low,8,0,0,0,0.000000,0.000000,0.000000,,,
2024/2025,>64 yrs,Greater Sierra-Sacramento,03/15/2025,11,2025,49,1797,2.7267668336115749,Very Low,147,2406,6.109700,Low,50,1631,3.065600,Low,,,,,,525440.000000,29,73,20,5.5191839220462855,13.893118148599269,3.8063337393422652,Low,Very High,Very High,37,0,0,1,0.000000,0.000000,2.702703,,,
2024/2025,>64 yrs,Southern California,03/15/2025,11,2025,268,8329,3.2176731900588305,Low,328,6770,4.844900,Low,101,3416,2.956700,Low,,,,,,2059864.000000,116,127,51,5.631439745536599,6.1654555834754134,2.4758916122617807,Low,High,High,1393,7,9,3,0.502513,0.646088,0.215363,,,
2024/2025,0-17 yrs,Bay Area,03/22/2025,12,2025,77,8497,0.90620218900788507,Very Low,1862,7289,25.545300,Very High,238,5698,4.176900,Moderate,,,,,,1670512.000000,4,20,13,0.23944754662043732,1.1972377331021866,0.77820452651642136,Very Low,Low,Low,9,0,1,0,0.000000,11.111111,0.000000,,,
2024/2025,>64 yrs,Bay Area,03/22/2025,12,2025,200,6915,2.8922631959508314,Very Low,332,6023,5.512200,Low,102,5297,1.925600,Low,,,,,,1498910.000000,66,89,42,4.4031996584184503,5.9376480242309411,2.8020361462662868,Low,Moderate,High,916,12,5,2,1.310044,0.545852,0.218341,,,
2024/2025,>64 yrs,Central California,03/22/2025,12,2025,70,2077,3.3702455464612422,Low,89,2419,3.679200,Low,50,1803,2.773200,Low,,,,,,580446.000000,17,36,10,2.9287823501238703,6.2021273296740782,1.7228131471316883,Very Low,High,Moderate,512,2,2,4,0.390625,0.390625,0.781250,,,
2023/2024,0-17 yrs,Southern California,03/30/2024,13,2024,79,5056,1.5625,Very Low,217,3506,6.189400,Low,78,2858,2.729200,Low,,,,,,2950125.000000,11,,,0.37286555654421399,,,Very Low,,,15,0,0,0,0.000000,0.000000,0.000000,,,
2023/2024,18-64 yrs,Los Angeles,04/06/2024,14,2024,228,16062,1.4194994396712739,Very Low,291,6955,4.184000,Low,30,4006,0.748900,Very Low,,,,,,6291153.000000,40,,,0.63581349873385695,,,Very Low,,,296,0,0,0,0.000000,0.000000,0.000000,,,
2023/2024,0-17 yrs,Rural North,04/06/2024,14,2024,6,316,1.89873417721519,Very Low,29,284,10.211300,Moderate,10,219,4.566200,Moderate,,,,,,151044.000000,0,,,0,,,Very Low,,,2,0,0,0,0.000000,0.000000,0.000000,,,
2023/2024,18-64 yrs,Bay Area,04/13/2024,15,2024,396,30084,1.3163143199042679,Very Low,447,12065,3.704900,Low,23,10645,0.216100,Very Low,,,,,,5244977.000000,98,,,1.86845433259288,,,Very Low,,,210,1,1,0,0.476190,0.476190,0.000000,,,
2023/2024,0-17 yrs,Central California,04/20/2024,16,2024,48,3415,1.4055636896046853,Very Low,185,2112,8.759500,Low,8,1754,0.456100,Very Low,,,,,,1246767.000000,0,,,0,,,Very Low,,,10,0,0,0,0.000000,0.000000,0.000000,,,
2023/2024,>64 yrs,Southern California,04/20/2024,16,2024,220,6550,3.3587786259541987,Low,88,4760,1.848700,Very Low,12,2668,0.449800,Very Low,,,,,,1990514.000000,98,,,4.9233514559555998,,,Low,,,1360,11,1,0,0.808824,0.073529,0.000000,,,
2023/2024,>64 yrs,Los Angeles,05/04/2024,18,2024,174,9327,1.8655516243165007,Very Low,47,3811,1.233300,Very Low,4,2491,0.160600,Very Low,,,,,,1558959.000000,108,,,6.9276998304637898,,,Low,,,937,3,0,0,0.320171,0.000000,0.000000,,,
2023/2024,18-64 yrs,Rural North,05/04/2024,18,2024,15,530,2.8301886792452833,Very Low,17,364,4.670300,Low,1,235,0.425500,Very Low,,,,,,386509.000000,0,,,0,,,Very Low,,,32,0,0,0,0.000000,0.000000,0.000000,,,
2023/2024,0-17 yrs,Southern California,05/04/2024,18,2024,81,6072,1.3339920948616599,Very Low,183,3399,5.383900,Low,22,2666,0.825200,Very Low,,,,,,2950125.000000,2,,,0.067793737553492994,,,Very Low,,,17,0,0,0,0.000000,0.000000,0.000000,,,
2023/2024,18-64 yrs,Bay Area,05/11/2024,19,2024,578,24762,2.3342217914546484,Very Low,206,8509,2.421000,Low,9,7140,0.126100,Very Low,,,,,,5244977.000000,59,,,1.12488577166306,,,Very Low,,,221,4,1,0,1.809955,0.452489,0.000000,,,
2023/2024,0-17 yrs,Central California,05/11/2024,19,2024,67,3317,2.0198974977389206,Very Low,119,1827,6.513400,Low,1,1344,0.074400,Very Low,,,,,,1246767.000000,0,,,0,,,Very Low,,,8,0,0,0,0.000000,0.000000,0.000000,,,
2023/2024,18-64 yrs,Greater Sierra-Sacramento,05/11/2024,19,2024,151,3581,4.2166992460206645,Low,79,1658,4.764800,Low,2,1075,0.186000,Very Low,,,,,,1788686.000000,32,,,1.7890227798506799,,,Very Low,,,12,0,0,0,0.000000,0.000000,0.000000,,,
2023/2024,>64 yrs,Rural North,05/11/2024,19,2024,19,262,7.2519083969465647,Low,4,278,1.438800,Very Low,0,212,0.000000,Very Low,,,,,,146162.000000,0,,,0,,,Very Low,,,106,2,0,0,1.886792,0.000000,0.000000,,,
2023/2024,>64 yrs,Bay Area,05/18/2024,20,2024,464,7839,5.9191223370327846,Low,73,4473,1.632000,Very Low,3,3949,0.076000,Very Low,,,,,,1450195.000000,244,,,16.8253234909788,,,Moderate,,,826,13,0,0,1.573850,0.000000,0.000000,,,
2023/2024,>64 yrs,Los Angeles,05/25/2024,21,2024,286,9805,2.9168791432942376,Very Low,65,3652,1.779800,Very Low,7,2319,0.301900,Very Low,,,,,,1558959.000000,94,,,6.0296646672555196,,,Low,,,926,6,1,0,0.647948,0.107991,0.000000,,,
2023/2024,18-64 yrs,Southern California,05/25/2024,21,2024,427,13300,3.2105263157894735,Low,140,5405,2.590200,Low,7,2511,0.278800,Very Low,,,,,,7861790.000000,39,,,0.496070233369245,,,Very Low,,,369,2,1,0,0.542005,0.271003,0.000000,,,
2023/2024,0-17 yrs,Central California,06/01/2024,22,2024,78,2921,2.6703183841150291,Very Low,135,1675,8.059700,Low,0,1231,0.000000,Very Low,,,,,,1246767.000000,0,,,0,,,Very Low,,,11,0,0,0,0.000000,0.000000,0.000000,,,
2023/2024,0-17 yrs,Southern California,06/01/2024,22,2024,101,4144,2.4372586872586872,Very Low,144,2771,5.196700,Low,15,2194,0.683700,Very Low,,,,,,2950125.000000,15,,,0.50845303165120104,,,Very Low,,,16,0,0,0,0.000000,0.000000,0.000000,,,
2023/2024,18-64 yrs,Bay Area,06/08/2024,23,2024,1188,26392,4.5013640497120342,Low,306,8461,3.616600,Low,18,7185,0.250500,Very Low,,,,,,5244977.000000,78,,,1.4871371218596401,,,Very Low,,,225,4,1,0,1.777778,0.444444,0.000000,,,
2023/2024,0-17 yrs,Los Angeles,06/08/2024,23,2024,81,3561,2.2746419545071608,Very Low,82,2026,4.047400,Low,9,1325,0.679200,Very Low,,,,,,1975596.000000,10,,,0.50617636399344801,,,Very Low,,,15,0,0,0,0.000000,0.000000,0.000000,,,
2023/2024,0-17 yrs,Rural North,06/08/2024,23,2024,6,219,2.7397260273972601,Very Low,4,189,2.116400,Low,0,117,0.000000,Very Low,,,,,,151044.000000,0,,,0,,,Very Low,,,1,0,0,0,0.000000,0.000000,0.000000,,,
2023/2024,18-64 yrs,Rural North,06/08/2024,23,2024,42,507,8.2840236686390547,Moderate,5,326,1.533700,Very Low,0,188,0.000000,Very Low,,,,,,386509.000000,1,,,0.258726187488519,,,Very Low,,,35,0,0,0,0.000000,0.000000,0.000000,,,
2023/2024,18-64 yrs,Central California,06/15/2024,24,2024,415,7175,5.7839721254355405,Low,86,2380,3.613400,Low,0,1547,0.000000,Very Low,,,,,,2620187.000000,20,,,0.76330429850999204,,,Very Low,,,161,1,1,0,0.621118,0.621118,0.000000,,,
2023/2024,18-64 yrs,Central California,06/29/2024,26,2024,591,7535,7.8433974784339746,Low,84,2383,3.525000,Low,1,1559,0.064100,Very Low,,,,,,2620187.000000,23,,,0.87779994328649102,,,Very Low,,,194,0,0,0,0.000000,0.000000,0.000000,,,
2023/2024,>64 yrs,Greater Sierra-Sacramento,06/29/2024,26,2024,309,1647,18.761384335154826,Very High,24,1027,2.336900,Low,1,661,0.151300,Very Low,,,,,,510647.000000,164,,,32.116119354466001,,,Very High,,,40,0,0,0,0.000000,0.000000,0.000000,,,
2023/2024,>64 yrs,Rural North,06/29/2024,26,2024,37,250,14.799999999999999,High,4,237,1.687800,Very Low,0,148,0.000000,Very Low,,,,,,146162.000000,6,,,4.1050341402006003,,,Low,,,102,2,0,0,1.960784,0.000000,0.000000,,,
2024/2025,0-17 yrs,Greater Sierra-Sacramento,07/13/2024,28,2024,174,1218,14.285714285714285,High,23,794,2.896700,Low,0,416,0.000000,Very Low,,,,,,662349.000000,10,,,1.50977807772036,,,Very Low,,,1,0,0,0,0.000000,0.000000,0.000000,,,
2024/2025,>64 yrs,Central California,07/20/2024,29,2024,424,2495,16.993987975951903,High,12,1291,0.929500,Very Low,2,914,0.218800,Very Low,,,,,,580446.000000,150,,,25.8421972069753,,,High,,,458,10,0,0,2.183406,0.000000,0.000000,,,
2024/2025,18-64 yrs,Rural North,07/20/2024,29,2024,113,553,20.433996383363471,Very High,1,353,0.283300,Very Low,0,198,0.000000,Very Low,,,,,,384002.000000,2,,,0.520830620673851,,,Very Low,,,29,0,0,0,0.000000,0.000000,0.000000,,,
2024/2025,>64 yrs,Southern California,07/20/2024,29,2024,1282,7207,17.78826141251561,Very High,58,5243,1.106200,Very Low,2,2455,0.081500,Very Low,,,,,,2059864.000000,313,,,15.195177934077201,,,Moderate,,,1312,20,0,0,1.524390,0.000000,0.000000,,,
2024/2025,0-17 yrs,Central California,07/27/2024,30,2024,329,2869,11.467410247472987,Moderate,15,1081,1.387600,Very Low,2,738,0.271000,Very Low,,,,,,1224522.000000,13,,,1.0616387455676599,,,Very Low,,,22,0,0,0,0.000000,0.000000,0.000000,,,
2024/2025,0-17 yrs,Los Angeles,08/03/2024,31,2024,518,3020,17.152317880794701,Very High,52,1945,2.673500,Low,4,1241,0.322300,Very Low,,,,,,1934637.000000,35,,,1.8091249159403,,,Very Low,,,10,0,0,0,0.000000,0.000000,0.000000,,,
2024/2025,0-17 yrs,Southern California,08/03/2024,31,2024,721,4099,17.58965601366187,Very High,38,2374,1.600700,Very Low,8,1697,0.471400,Very Low,,,,,,2904951.000000,53,,,1.82447139383762,,,Very Low,,,19,0,0,0,0.000000,0.000000,0.000000,,,
2024/2025,>64 yrs,Southern California,08/03/2024,31,2024,1464,7712,18.983402489626556,Very High,47,5277,0.890700,Very Low,0,2574,0.000000,Very Low,,,,,,2059864.000000,642,,,31.1671061778836,,,High,,,1292,45,0,0,3.482972,0.000000,0.000000,,,
2024/2025,>64 yrs,Central California,08/10/2024,32,2024,539,2822,19.099929128277818,Very High,6,1415,0.424000,Very Low,0,1006,0.000000,Very Low,,,,,,580446.000000,172,,,29.632386130665001,,,High,,,457,13,1,0,2.844639,0.218818,0.000000,,,
2024/2025,18-64 yrs,Greater Sierra-Sacramento,08/10/2024,32,2024,665,4957,13.41537220092798,High,8,1467,0.545300,Very Low,0,884,0.000000,Very Low,,,,,,1793656.000000,72,,,4.0141476403502097,,,Low,,,13,0,0,0,0.000000,0.000000,0.000000,,,
2024/2025,0-17 yrs,Bay Area,08/17/2024,33,2024,573,6832,8.3870023419203736,Moderate,67,1856,3.609900,Low,12,1304,0.920200,Very Low,,,,,,1670512.000000,10,,,0.59861886655109298,,,Very Low,,,14,1,1,0,7.142857,7.142857,0.000000,,,
2024/2025,18-64 yrs,Greater Sierra-Sacramento,08/17/2024,33,2024,671,4853,13.826499072738512,High,14,1456,0.961500,Very Low,1,832,0.120200,Very Low,,,,,,1793656.000000,51,,,2.8433545785813998,,,Very Low,,,12,0,0,0,0.000000,0.000000,0.000000,,,
2024/2025,>64 yrs,Greater Sierra-Sacramento,08/17/2024,33,2024,401,2455,16.334012219959266,High,9,1050,0.857100,Very Low,2,691,0.289400,Very Low,,,,,,525440.000000,185,,,35.208587088915998,,,Very High,,,53,0,0,0,0.000000,0.000000,0.000000,,,
2024/2025,18-64 yrs,Central California,08/31/2024,35,2024,1114,8566,13.004903105300022,High,22,2880,0.763900,Very Low,0,1956,0.000000,Very Low,,,,,,2636654.000000,106,,,4.02024687349952,,,Low,,,183,4,0,0,2.185792,0.000000,0.000000,,,
2024/2025,>64 yrs,Central California,08/31/2024,35,2024,471,2527,18.638702018203404,Very High,12,1466,0.818600,Very Low,3,1027,0.292100,Very Low,,,,,,580446.000000,138,,,23.774821430417301,,,High,,,474,11,1,0,2.320675,0.210970,0.000000,,,
2024/2025,>64 yrs,Southern California,08/31/2024,35,2024,1243,7995,15.547217010631645,High,47,5187,0.906100,Very Low,2,2723,0.073400,Very Low,,,,,,2059864.000000,759,,,36.847092817778297,,,Very High,,,1294,48,1,0,3.709428,0.077280,0.000000,,,
2024/2025,0-17 yrs,Central California,09/14/2024,37,2024,264,3501,7.5407026563838908,Low,18,1513,1.189700,Very Low,0,1147,0.000000,Very Low,,,,,,1224522.000000,0,,,0,,,Very Low,,,16,0,0,0,0.000000,0.000000,0.000000,,,
2024/2025,0-17 yrs,Los Angeles,09/14/2024,37,2024,325,3960,8.2070707070707076,Moderate,60,2515,2.385700,Low,25,1714,1.458600,Low,,,,,,1934637.000000,12,,,0.62027139975096102,,,Very Low,,,7,0,0,0,0.000000,0.000000,0.000000,,,
2024/2025,18-64 yrs,Southern California,09/14/2024,37,2024,1158,16484,7.0249939335112837,Low,87,6453,1.348200,Very Low,10,2878,0.347500,Very Low,,,,,,7875686.000000,174,,,2.2093313522149098,,,Very Low,,,378,6,0,0,1.587302,0.000000,0.000000,,,
2024/2025,18-64 yrs,Greater Sierra-Sacramento,09/21/2024,38,2024,349,3526,9.8979013045944413,Moderate,21,1415,1.484100,Very Low,2,873,0.229100,Very Low,,,,,,1793656.000000,81,,,4.5159160953939903,,,Low,,,12,0,0,0,0.000000,0.000000,0.000000,,,
2024/2025,>64 yrs,Los Angeles,09/21/2024,38,2024,647,11614,5.5708627518512142,Low,26,4074,0.638200,Very Low,4,2692,0.148600,Very Low,,,,,,1608433.000000,286,,,17.78128153302,,,Moderate,,,881,15,0,0,1.702611,0.000000,0.000000,,,
2024/2025,0-17 yrs,Central California,09/28/2024,39,2024,101,3055,3.3060556464811786,Low,12,1473,0.814700,Very Low,2,1113,0.179700,Very Low,,,,,,1224522.000000,0,,,0,,,Very Low,,,8,0,0,0,0.000000,0.000000,0.000000,,,
2024/2025,0-17 yrs,Los Angeles,09/28/2024,39,2024,154,3853,3.9968855437321564,Low,63,2509,2.511000,Low,19,1735,1.095100,Low,,,,,,1934637.000000,12,,,0.62027139975096102,,,Very Low,,,11,0,0,0,0.000000,0.000000,0.000000,,,
2024/2025,0-17 yrs,Bay Area,10/05/2024,40,2024,96,5974,1.6069635085369935,Very Low,94,3055,3.076900,Low,70,2248,3.113900,Low,,,,,,1670512.000000,12,,,0.71834263986131197,,,Very Low,,,9,0,0,0,0.000000,0.000000,0.000000,,,
2024/2025,18-64 yrs,Greater Sierra-Sacramento,10/05/2024,40,2024,229,3451,6.6357577513764125,Low,28,1922,1.456800,Very Low,0,1219,0.000000,Very Low,,,,,,1793656.000000,59,,,3.2893709830647602,,,Low,,,15,0,0,0,0.000000,0.000000,0.000000,,,
2024/2025,0-17 yrs,Los Angeles,10/05/2024,40,2024,123,4108,2.9941577409931841,Very Low,64,2695,2.374800,Low,16,1822,0.878200,Very Low,,,,,,1934637.000000,10,,,0.51689283312580103,,,Very Low,,,13,0,0,0,0.000000,0.000000,0.000000,,,
2024/2025,>64 yrs,Rural North,10/05/2024,40,2024,51,327,15.596330275229359,High,3,296,1.013500,Very Low,0,190,0.000000,Very Low,,,,,,148325.000000,8,,,5.3935614360357302,,,Low,,,119,3,0,0,2.521008,0.000000,0.000000,,,
2024/2025,0-17 yrs,Greater Sierra-Sacramento,10/12/2024,41,2024,61,1573,3.8779402415766051,Low,25,1332,1.876900,Very Low,17,935,1.818200,Low,,,,,,662349.000000,3,,,0.45293342331610698,,,Very Low,,,2,0,0,0,0.000000,0.000000,0.000000,,,
2024/2025,18-64 yrs,Southern California,10/12/2024,41,2024,408,15767,2.5876831356630938,Very Low,74,6022,1.228800,Very Low,0,2681,0.000000,Very Low,,,,,,7875686.000000,90,,,1.1427575959732299,,,Very Low,,,336,0,0,0,0.000000,0.000000,0.000000,,,
2024/2025,0-17 yrs,Central California,10/19/2024,42,2024,49,2996,1.6355140186915886,Very Low,18,1602,1.123600,Very Low,20,1256,1.592400,Low,,,,,,1224522.000000,2,,,0.16332903777964,,,Very Low,,,9,0,0,0,0.000000,0.000000,0.000000,,,
2024/2025,18-64 yrs,Los Angeles,10/19/2024,42,2024,288,16139,1.7844971807423011,Very Low,83,5806,1.429600,Very Low,5,3391,0.147400,Very Low,,,,,,6240953.000000,66,,,1.05753079697924,,,Very Low,,,281,2,0,0,0.711744,0.000000,0.000000,,,
2024/2025,0-17 yrs,Southern California,10/19/2024,42,2024,90,4955,1.8163471241170535,Very Low,55,3099,1.774800,Very Low,19,2212,0.859000,Very Low,,,,,,2904951.000000,18,,,0.61963179413353298,,,Very Low,,,23,0,0,0,0.000000,0.000000,0.000000,,,
2024/2025,18-64 yrs,Southern California,10/19/2024,42,2024,332,15815,2.0992728422383813,Very Low,96,6061,1.583900,Very Low,3,2537,0.118200,Very Low,,,,,,7875686.000000,76,,,0.96499530326628102,,,Very Low,,,395,0,0,0,0.000000,0.000000,0.000000,,,
2024/2025,18-64 yrs,Central California,10/26/2024,43,2024,126,6406,1.9669060256009989,Very Low,45,2920,1.541100,Very Low,3,1984,0.151200,Very Low,,,,,,2636654.000000,26,,,0.98609828972629698,,,Very Low,,,161,1,0,0,0.621118,0.000000,0.000000,,,
2024/2025,18-64 yrs,Los Angeles,10/26/2024,43,2024,294,16275,1.806451612903226,Very Low,156,6364,2.451300,Low,10,3963,0.252300,Very Low,,,,,,6240953.000000,55,,,0.88127566414936997,,,Very Low,,,306,1,0,0,0.326797,0.000000,0.000000,,,
2024/2025,0-17 yrs,Central California,11/02/2024,44,2024,39,3641,1.0711343037627026,Very Low,58,2059,2.816900,Low,39,1608,2.425400,Low,,,,,,1224522.000000,0,0,0,0,0,0,Very Low,Very Low,Very Low,10,0,0,0,0.000000,0.000000,0.000000,,,
2024/2025,18-64 yrs,Central California,11/02/2024,44,2024,141,6746,2.0901274829528611,Very Low,57,2974,1.916600,Very Low,3,2022,0.148400,Very Low,,,,,,2636654.000000,10,0,1,0.37926857297165273,0,0.037926857297165273,Very Low,Very Low,Very Low,159,0,0,0,0.000000,0.000000,0.000000,,,
2024/2025,0-17 yrs,Los Angeles,11/02/2024,44,2024,57,4217,1.3516718046004268,Very Low,114,3058,3.727900,Low,59,2147,2.748000,Low,,,,,,1934637.000000,6,4,18,0.31013569987548051,0.20675713325032033,0.93040709962644152,Very Low,Very Low,Low,15,0,0,0,0.000000,0.000000,0.000000,,,
2024/2025,>64 yrs,Rural North,11/02/2024,44,2024,23,206,11.165048543689322,Moderate,1,279,0.358400,Very Low,0,179,0.000000,Very Low,,,,,,148325.000000,7,5,0,4.7193662565312664,3.3709758975223325,0,Low,Low,Very Low,99,2,0,0,2.020202,0.000000,0.000000,,,
2024/2025,0-17 yrs,Central California,11/09/2024,45,2024,37,3823,0.9678263144127649,Very Low,112,2478,4.519800,Low,63,1928,3.267600,Low,,,,,,1224522.000000,1,3,3,0.081664518889819862,0.2449935566694596,0.2449935566694596,Very Low,Very Low,Very Low,5,0,0,0,0.000000,0.000000,0.000000,,,
2024/2025,18-64 yrs,Rural North,11/09/2024,45,2024,13,443,2.9345372460496613,Very Low,12,365,3.287700,Low,0,191,0.000000,Very Low,,,,,,384002.000000,2,1,0,0.52083062067385066,0.26041531033692533,0,Very Low,Very Low,Very Low,28,0,0,0,0.000000,0.000000,0.000000,,,
2024/2025,0-17 yrs,Rural North,11/16/2024,46,2024,10,228,4.3859649122807012,Low,6,236,2.542400,Low,4,151,2.649000,Low,,,,,,147863.000000,0,0,0,0,0,0,Very Low,Very Low,Very Low,2,0,0,0,0.000000,0.000000,0.000000,,,
2024/2025,18-64 yrs,Rural North,11/23/2024,47,2024,21,429,4.895104895104895,Low,25,481,5.197500,Low,2,216,0.925900,Very Low,,,,,,384002.000000,1,1,0,0.26041531033692533,0.26041531033692533,0,Very Low,Very Low,Very Low,28,0,0,0,0.000000,0.000000,0.000000,,,
2024/2025,0-17 yrs,Bay Area,11/30/2024,48,2024,59,6810,0.86637298091042581,Very Low,582,5148,11.305400,Moderate,939,4461,21.049100,Very High,,,,,,1670512.000000,2,11,41,0.11972377331021866,0.65848075320620258,2.4543373528594827,Very Low,Very Low,High,9,0,0,0,0.000000,0.000000,0.000000,,,
2024/2025,18-64 yrs,Central California,12/07/2024,49,2024,165,6829,2.4161663493922974,Very Low,474,4602,10.299900,Moderate,54,2896,1.864600,Low,,,,,,2636654.000000,14,26,7,0.53097600216031371,0.98609828972629698,0.26548800108015685,Very Low,Very Low,Very Low,158,1,0,0,0.632911,0.000000,0.000000,,,
2024/2025,>64 yrs,Greater Sierra-Sacramento,12/14/2024,50,2024,116,1826,6.3526834611171967,Low,151,2215,6.817200,Low,33,1658,1.990300,Low,,,,,,525440.000000,45,47,10,8.5642509135200982,8.9448842874543235,1.9031668696711326,Low,High,Moderate,40,0,0,0,0.000000,0.000000,0.000000,,,
2024/2025,>64 yrs,Los Angeles,12/14/2024,50,2024,300,12430,2.4135156878519708,Very Low,609,6594,9.235700,Moderate,60,4410,1.360500,Low,,,,,,1608433.000000,189,197,16,11.750567166925821,12.247945671345963,0.99475700884028118,Low,Very High,Low,1039,7,7,1,0.673725,0.673725,0.096246,,,
2024/2025,0-17 yrs,Southern California,12/14/2024,50,2024,120,8067,1.4875418371141689,Very Low,1995,6602,30.218100,Very High,573,4304,13.313200,Very High,,,,,,2904951.000000,15,95,103,0.51635982844461059,3.2702789134825334,3.545670821986326,Very Low,Low,Very High,25,0,2,3,0.000000,8.000000,12.000000,,,
2024/2025,>64 yrs,Greater Sierra-Sacramento,12/21/2024,51,2024,120,2078,5.7747834456207885,Low,232,2451,9.465500,Moderate,55,1849,2.974600,Low,,,,,,525440.000000,55,81,17,10.46741778319123,15.415651644336176,3.2353836784409253,Low,Very High,Very High,42,0,0,0,0.000000,0.000000,0.000000,,,
2024/2025,0-17 yrs,Southern California,12/21/2024,51,2024,175,10400,1.6826923076923077,Very Low,3580,9237,38.757200,Very High,865,5717,15.130300,Very High,,,,,,2904951.000000,21,153,103,0.72290375982245481,5.2668702501350282,3.545670821986326,Very Low,Moderate,Very High,24,0,1,0,0.000000,4.166667,0.000000,,,
2024/2025,0-17 yrs,Bay Area,12/28/2024,52,2024,97,10927,0.88770934382721689,Very Low,3445,9488,36.309000,Very High,2032,7962,25.521200,Very High,,,,,,1670512.000000,7,41,93,0.41903320658576532,2.4543373528594827,5.5671554589251686,Very Low,Low,Very High,9,0,0,0,0.000000,0.000000,0.000000,,,
2024/2025,18-64 yrs,Central California,12/28/2024,52,2024,146,6166,2.3678235484917289,Very Low,1763,6454,27.316400,Very High,104,4211,2.469700,Low,,,,,,2636654.000000,19,103,11,0.72061028864614018,3.9064663016080226,0.417195430268818,Very Low,Low,Very Low,156,1,0,0,0.641026,0.000000,0.000000,,,
2024/2025,18-64 yrs,Los Angeles,12/28/2024,52,2024,463,20254,2.2859682038115925,Very Low,5392,14752,36.551000,Very High,156,7639,2.042200,Low,,,,,,6240953.000000,108,416,17,1.7305049405114892,6.6656486597479585,0.27239429619162331,Very Low,High,Very Low,333,2,9,0,0.600601,2.702703,0.000000,,,
2024/2025,>64 yrs,Rural North,12/28/2024,52,2024,23,297,7.7441077441077439,Low,69,587,11.754700,Moderate,5,293,1.706500,Low,,,,,,148325.000000,24,24,0,16.180684308107196,16.180684308107196,0,Moderate,Very High,Very Low,132,3,1,0,2.272727,0.757576,0.000000,,,
2024/2025,18-64 yrs,Los Angeles,01/04/2025,1,2025,536,21257,2.5215223220586158,Very Low,4433,14472,30.631600,Very High,270,7769,3.475400,Low,,,,,,6240953.000000,121,342,40,1.9388064611286127,5.4799323116197156,0.64092775574499594,Very Low,Moderate,Low,366,4,10,1,1.092896,2.732240,0.273224,,,
2024/2025,18-64 yrs,Bay Area,01/11/2025,2,2025,460,21440,2.1455223880597014,Very Low,4846,16744,28.941700,Very High,773,13404,5.766900,Moderate,,,,,,5222531.000000,35,221,61,0.67017314018815777,4.2316646851880826,1.1680160443279322,Very Low,Moderate,Low,230,1,5,0,0.434783,2.173913,0.000000,,,
2024/2025,>64 yrs,Bay Area,01/11/2025,2,2025,286,9370,3.0522945570971185,Low,1213,8778,13.818600,Moderate,495,8023,6.169800,Moderate,,,,,,1498910.000000,92,342,130,6.1377934632499613,22.816580048168337,8.6729690241575543,Low,Very High,Very High,1017,9,23,0,0.884956,2.261554,0.000000,,,
2024/2025,>64 yrs,Los Angeles,01/18/2025,3,2025,393,13950,2.817204301075269,Very Low,1366,8722,15.661500,High,150,5820,2.577300,Low,,,,,,1608433.000000,257,518,67,15.978284454497016,32.205258161204107,4.1655449745186779,Moderate,Very High,Very High,1246,9,22,2,0.722311,1.765650,0.160514,,,
2024/2025,18-64 yrs,Rural North,01/18/2025,3,2025,14,561,2.4955436720142603,Very Low,142,874,16.247100,High,20,378,5.291000,Moderate,,,,,,384002.000000,3,11,1,0.78124593101077611,2.8645684137061784,0.26041531033692533,Very Low,Low,Very Low,36,0,0,0,0.000000,0.000000,0.000000,,,
2024/2025,0-17 yrs,Central California,01/25/2025,4,2025,68,5548,1.2256669069935111,Very Low,2546,5628,45.238100,Very High,739,4270,17.306800,Very High,,,,,,1224522.000000,1,20,29,0.081664518889819862,1.6332903777963972,2.3682710478047762,Very Low,Low,High,7,0,0,0,0.000000,0.000000,0.000000,,,
2024/2025,0-17 yrs,Central California,02/15/2025,7,2025,105,6016,1.7453457446808509,Very Low,2532,6406,39.525400,Very High,754,4842,15.572100,Very High,,,,,,1224522.000000,3,20,28,0.2449935566694596,1.6332903777963972,2.2866065289149562,Very Low,Low,High,11,0,0,0,0.000000,0.000000,0.000000,,,
2024/2025,>64 yrs,Central California,02/15/2025,7,2025,86,2654,3.2403918613413714,Low,558,3529,15.811800,High,94,2548,3.689200,Low,,,,,,580446.000000,33,190,34,5.6852833855345715,32.733449795502075,5.8575647002477407,Low,Very High,Very High,516,5,12,0,0.968992,2.325581,0.000000,,,
2024/2025,0-17 yrs,Los Angeles,02/15/2025,7,2025,146,6236,2.3412443874278384,Very Low,1671,6174,27.065100,Very High,466,3678,12.669900,Very High,,,,,,1934637.000000,14,38,28,0.72364996637612122,1.9641927658780434,1.4472999327522424,Very Low,Low,Low,13,0,1,0,0.000000,7.692308,0.000000,,,
2024/2025,18-64 yrs,Rural North,02/15/2025,7,2025,11,821,1.3398294762484775,Very Low,367,1270,28.897600,Very High,21,542,3.874500,Low,,,,,,384002.000000,4,35,0,1.0416612413477013,9.1145358617923851,0,Very Low,Very High,Very Low,51,0,2,0,0.000000,3.921569,0.000000,,,
2024/2025,0-17 yrs,Bay Area,02/22/2025,8,2025,81,10376,0.78064764841942946,Very Low,3622,9438,38.376800,Very High,621,7502,8.277800,High,,,,,,1670512.000000,4,45,32,0.23944754662043732,2.6937848994799198,1.9155803729634986,Very Low,Low,Moderate,8,0,2,0,0.000000,25.000000,0.000000,,,
2024/2025,18-64 yrs,Bay Area,02/22/2025,8,2025,284,19471,1.4585794258127471,Very Low,3659,15050,24.312300,Very High,294,11558,2.543700,Low,,,,,,5222531.000000,20,203,29,0.3829560801075188,3.8870042130913149,0.55528631615590218,Very Low,Low,Low,266,1,7,1,0.375940,2.631579,0.375940,,,
2024/2025,18-64 yrs,Los Angeles,02/22/2025,8,2025,403,17319,2.3269241873087361,Very Low,1394,15029,9.275400,Moderate,148,9314,1.589000,Low,,,,,,6240953.000000,105,141,23,1.6824353588306147,2.2592703390011111,0.36853345955337269,Very Low,Low,Very Low,326,0,4,0,0.000000,1.226994,0.000000,,,
2024/2025,0-17 yrs,Rural North,02/22/2025,8,2025,1,429,0.23310023310023309,Very Low,207,687,30.131000,Very High,89,386,23.057000,Very High,,,,,,147863.000000,0,3,3,0,2.0289051351588969,2.0289051351588969,Very Low,Low,High,2,0,0,0,0.000000,0.000000,0.000000,,,
2024/2025,0-17 yrs,Central California,03/01/2025,9,2025,57,5250,1.0857142857142856,Very Low,1456,5257,27.696400,Very High,639,4071,15.696400,Very High,,,,,,1224522.000000,4,12,26,0.32665807555927945,0.9799742266778384,2.1232774911353163,Very Low,Very Low,High,8,0,0,0,0.000000,0.000000,0.000000,,,
2024/2025,0-17 yrs,Southern California,03/01/2025,9,2025,120,7173,1.6729401923881222,Very Low,1132,6496,17.426100,High,636,4130,15.399500,Very High,,,,,,2904951.000000,10,61,142,0.34423988562974039,2.0998633023414164,4.888206375942314,Very Low,Low,Very High,18,0,0,0,0.000000,0.000000,0.000000,,,
2024/2025,0-17 yrs,Los Angeles,03/08/2025,10,2025,67,5456,1.2280058651026393,Very Low,877,4810,18.232800,High,270,2966,9.103200,High,,,,,,1934637.000000,6,20,20,0.31013569987548051,1.0337856662516018,1.0337856662516018,Very Low,Low,Low,11,0,0,0,0.000000,0.000000,0.000000,,,
2024/2025,18-64 yrs,Los Angeles,03/08/2025,10,2025,326,20137,1.6189104633262155,Very Low,993,10994,9.032200,Moderate,112,6751,1.659000,Low,,,,,,6240953.000000,76,66,14,1.2177627359154923,1.0575307969792433,0.22432471451074862,Very Low,Low,Very Low,299,1,1,0,0.334448,0.334448,0.000000,,,
2024/2025,18-64 yrs,Los Angeles,03/15/2025,11,2025,384,22900,1.6768558951965065,Very Low,941,11796,7.977300,Low,104,7642,1.360900,Low,,,,,,6240953.000000,74,68,13,1.1857163481282427,1.0895771847664932,0.2083015206171237,Very Low,Low,Very Low,301,2,3,1,0.664452,0.996678,0.332226,,,
2023/2024,>64 yrs,Central California,04/06/2024,14,2024,120,2834,4.2342978122794639,Low,29,2025,1.432100,Very Low,12,1827,0.656800,Very Low,,,,,,565180.000000,54,,,9.5544782193283595,,,Low,,,467,5,1,0,1.070664,0.214133,0.000000,,,
2023/2024,>64 yrs,Los Angeles,04/06/2024,14,2024,198,10010,1.9780219780219779,Very Low,64,4551,1.406300,Very Low,39,2949,1.322500,Low,,,,,,1558959.000000,107,,,6.8635544616631998,,,Low,,,964,7,1,0,0.726141,0.103734,0.000000,,,
2023/2024,18-64 yrs,Southern California,04/06/2024,14,2024,283,13419,2.1089499962739398,Very Low,352,6472,5.438800,Low,25,2972,0.841200,Very Low,,,,,,7861790.000000,41,,,0.52150973251638599,,,Very Low,,,365,1,1,0,0.273973,0.273973,0.000000,,,
2023/2024,0-17 yrs,Central California,04/13/2024,15,2024,43,3684,1.1672095548317047,Very Low,174,2165,8.037000,Low,13,1858,0.699700,Very Low,,,,,,1246767.000000,1,,,0.080207448544917001,,,Very Low,,,13,0,1,0,0.000000,7.692308,0.000000,,,
2023/2024,0-17 yrs,Los Angeles,04/13/2024,15,2024,52,3707,1.4027515511195037,Very Low,163,2563,6.359700,Low,29,1651,1.756500,Low,,,,,,1975596.000000,2,,,0.10123527279869,,,Very Low,,,19,0,0,0,0.000000,0.000000,0.000000,,,
2023/2024,>64 yrs,Greater Sierra-Sacramento,04/20/2024,16,2024,104,2000,5.2000000000000002,Low,34,1850,1.837800,Very Low,19,1474,1.289000,Low,,,,,,510647.000000,66,,,12.9247797402119,,,Low,,,36,0,0,0,0.000000,0.000000,0.000000,,,
2023/2024,>64 yrs,Central California,04/27/2024,17,2024,93,2243,4.146232724030317,Low,19,1524,1.246700,Very Low,3,1198,0.250400,Very Low,,,,,,565180.000000,47,,,8.3159347464524593,,,Low,,,439,4,0,1,0.911162,0.000000,0.227790,,,
2023/2024,18-64 yrs,Greater Sierra-Sacramento,04/27/2024,17,2024,116,4134,2.8059990324141264,Very Low,104,2577,4.035700,Low,4,1869,0.214000,Very Low,,,,,,1788686.000000,36,,,2.0126506273320199,,,Very Low,,,15,0,0,0,0.000000,0.000000,0.000000,,,
2023/2024,18-64 yrs,Southern California,04/27/2024,17,2024,210,13188,1.5923566878980893,Very Low,243,5550,4.378400,Low,11,2716,0.405000,Very Low,,,,,,7861790.000000,41,,,0.52150973251638599,,,Very Low,,,362,0,1,0,0.000000,0.276243,0.000000,,,
2023/2024,>64 yrs,Central California,05/04/2024,18,2024,90,2102,4.2816365366317788,Low,15,1284,1.168200,Very Low,2,906,0.220800,Very Low,,,,,,565180.000000,64,,,11.323826037722499,,,Low,,,461,6,0,0,1.301518,0.000000,0.000000,,,
2023/2024,>64 yrs,Greater Sierra-Sacramento,05/04/2024,18,2024,119,1847,6.4428803465078506,Low,13,1378,0.943400,Very Low,6,1119,0.536200,Very Low,,,,,,510647.000000,67,,,13.1206097362757,,,Moderate,,,49,0,0,0,0.000000,0.000000,0.000000,,,
2023/2024,>64 yrs,Los Angeles,05/11/2024,19,2024,209,9358,2.2333832015387904,Very Low,53,3582,1.479600,Very Low,4,2329,0.171700,Very Low,,,,,,1558959.000000,93,,,5.9655192984549297,,,Low,,,937,4,1,1,0.426894,0.106724,0.106724,,,
2023/2024,0-17 yrs,Southern California,05/11/2024,19,2024,66,5364,1.2304250559284116,Very Low,121,3068,3.943900,Low,15,2337,0.641800,Very Low,,,,,,2950125.000000,13,,,0.44065929409770799,,,Very Low,,,15,0,0,0,0.000000,0.000000,0.000000,,,
2023/2024,0-17 yrs,Bay Area,05/18/2024,20,2024,150,7819,1.918403887965213,Very Low,202,3444,5.865300,Low,8,2667,0.300000,Very Low,,,,,,1696702.000000,6,,,0.35362721326432101,,,Very Low,,,8,0,0,0,0.000000,0.000000,0.000000,,,
2023/2024,0-17 yrs,Greater Sierra-Sacramento,05/25/2024,21,2024,63,1520,4.1447368421052628,Low,94,1193,7.879300,Low,2,680,0.294100,Very Low,,,,,,673877.000000,0,,,0,,,Very Low,,,1,0,0,0,0.000000,0.000000,0.000000,,,
2023/2024,0-17 yrs,Los Angeles,05/25/2024,21,2024,79,4253,1.857512344227604,Very Low,115,2395,4.801700,Low,8,1530,0.522900,Very Low,,,,,,1975596.000000,6,,,0.30370581839606903,,,Very Low,,,12,0,0,1,0.000000,0.000000,8.333333,,,
2023/2024,>64 yrs,Central California,06/01/2024,22,2024,144,2208,6.5217391304347823,Low,24,1315,1.825100,Very Low,3,923,0.325000,Very Low,,,,,,565180.000000,67,,,11.8546303832407,,,Low,,,429,1,1,0,0.233100,0.233100,0.000000,,,
2023/2024,>64 yrs,Rural North,06/01/2024,22,2024,39,244,15.983606557377051,High,4,254,1.574800,Very Low,0,158,0.000000,Very Low,,,,,,146162.000000,9,,,6.1575512103009,,,Low,,,96,2,0,0,2.083333,0.000000,0.000000,,,
2023/2024,0-17 yrs,Bay Area,06/08/2024,23,2024,215,8938,2.4054598344148577,Very Low,188,3137,5.993000,Low,10,2495,0.400800,Very Low,,,,,,1696702.000000,4,,,0.235751475509547,,,Very Low,,,10,0,0,0,0.000000,0.000000,0.000000,,,
2023/2024,>64 yrs,Bay Area,06/08/2024,23,2024,771,8816,8.7454627949183301,Moderate,72,4504,1.598600,Very Low,11,3918,0.280800,Very Low,,,,,,1450195.000000,291,,,20.066266950306701,,,Moderate,,,850,11,4,0,1.294118,0.470588,0.000000,,,
2023/2024,0-17 yrs,Central California,06/15/2024,24,2024,107,2764,3.8712011577424024,Low,72,1443,4.989600,Low,3,1048,0.286300,Very Low,,,,,,1246767.000000,0,,,0,,,Very Low,,,17,0,0,0,0.000000,0.000000,0.000000,,,
2023/2024,18-64 yrs,Los Angeles,06/15/2024,24,2024,671,16772,4.0007154781779155,Low,197,5201,3.787700,Low,4,3024,0.132300,Very Low,,,,,,6291153.000000,69,,,1.0967782853159,,,Very Low,,,326,2,0,0,0.613497,0.000000,0.000000,,,
2023/2024,0-17 yrs,Central California,06/22/2024,25,2024,125,2724,4.5888399412628491,Low,67,1253,5.347200,Low,2,954,0.209600,Very Low,,,,,,1246767.000000,0,,,0,,,Very Low,,,9,0,0,0,0.000000,0.000000,0.000000,,,
2023/2024,0-17 yrs,Southern California,06/22/2024,25,2024,185,3600,5.1388888888888884,Low,69,2179,3.166600,Low,6,1695,0.354000,Very Low,,,,,,2950125.000000,15,,,0.50845303165120104,,,Very Low,,,19,0,0,0,0.000000,0.000000,0.000000,,,
2023/2024,>64 yrs,Bay Area,06/29/2024,26,2024,1268,9438,13.435049798686164,High,90,4804,1.873400,Very Low,17,4093,0.415300,Very Low,,,,,,1450195.000000,418,,,28.823709914873501,,,High,,,896,20,0,0,2.232143,0.000000,0.000000,,,
2023/2024,18-64 yrs,Greater Sierra-Sacramento,06/29/2024,26,2024,561,3820,14.68586387434555,High,55,1534,3.585400,Low,0,901,0.000000,Very Low,,,,,,1788686.000000,50,,,2.7953480935166901,,,Very Low,,,11,0,0,0,0.000000,0.000000,0.000000,,,
2023/2024,18-64 yrs,Southern California,06/29/2024,26,2024,1131,14710,7.688647178789938,Low,157,5643,2.782200,Low,4,2510,0.159400,Very Low,,,,,,7861790.000000,68,,,0.86494297100278705,,,Very Low,,,446,3,2,0,0.672646,0.448430,0.000000,,,
2024/2025,0-17 yrs,Bay Area,07/06/2024,27,2024,397,6814,5.826240093924274,Low,97,2403,4.036600,Low,8,1927,0.415200,Very Low,,,,,,1670512.000000,8,,,0.47889509324087498,,,Very Low,,,8,0,0,0,0.000000,0.000000,0.000000,,,
2024/2025,18-64 yrs,Bay Area,07/06/2024,27,2024,1887,20876,9.0390879478827362,Moderate,209,8116,2.575200,Low,8,6664,0.120000,Very Low,,,,,,5222531.000000,167,,,3.1976832688977801,,,Low,,,230,2,1,0,0.869565,0.434783,0.000000,,,
2024/2025,18-64 yrs,Central California,07/06/2024,27,2024,675,6349,10.631595526854623,Moderate,47,2268,2.072300,Low,0,1474,0.000000,Very Low,,,,,,2636654.000000,66,,,2.50317258161291,,,Very Low,,,199,0,0,0,0.000000,0.000000,0.000000,,,
2024/2025,0-17 yrs,Rural North,07/06/2024,27,2024,15,143,10.48951048951049,Moderate,2,143,1.398600,Very Low,3,79,3.797500,Low,,,,,,147863.000000,0,,,0,,,Very Low,,,3,0,0,0,0.000000,0.000000,0.000000,,,
2024/2025,18-64 yrs,Southern California,07/06/2024,27,2024,1234,12497,9.8743698487637026,Moderate,174,5398,3.223400,Low,6,2420,0.247900,Very Low,,,,,,7875686.000000,80,,,1.01578452975398,,,Very Low,,,408,1,0,0,0.245098,0.000000,0.000000,,,
2024/2025,>64 yrs,Central California,07/13/2024,28,2024,420,2433,17.262638717632552,Very High,11,1383,0.795400,Very Low,0,991,0.000000,Very Low,,,,,,580446.000000,139,,,23.947102745130501,,,High,,,493,5,0,0,1.014199,0.000000,0.000000,,,
2024/2025,0-17 yrs,Los Angeles,07/13/2024,28,2024,348,3438,10.122164048865621,Moderate,59,1766,3.340900,Low,3,1184,0.253400,Very Low,,,,,,1934637.000000,14,,,0.723649966376121,,,Very Low,,,15,0,0,0,0.000000,0.000000,0.000000,,,
2024/2025,>64 yrs,Southern California,07/13/2024,28,2024,1079,6958,15.507329692440356,High,48,4820,0.995900,Very Low,1,2352,0.042500,Very Low,,,,,,2059864.000000,290,,,14.0785993638415,,,Moderate,,,1275,17,0,0,1.333333,0.000000,0.000000,,,
2024/2025,18-64 yrs,Bay Area,07/20/2024,29,2024,2173,27119,8.0128323315756482,Moderate,123,8089,1.520600,Very Low,3,6698,0.044800,Very Low,,,,,,5222531.000000,143,,,2.73813597276876,,,Very Low,,,226,5,0,0,2.212389,0.000000,0.000000,,,
2024/2025,>64 yrs,Los Angeles,07/20/2024,29,2024,1176,12261,9.5913873256667479,Moderate,37,4195,0.882000,Very Low,6,2576,0.232900,Very Low,,,,,,1608433.000000,333,,,20.7033802464884,,,Moderate,,,890,16,0,0,1.797753,0.000000,0.000000,,,
2024/2025,18-64 yrs,Southern California,07/20/2024,29,2024,2056,15359,13.386288169802722,High,111,6565,1.690800,Very Low,2,2828,0.070700,Very Low,,,,,,7875686.000000,121,,,1.53637410125289,,,Very Low,,,402,6,0,0,1.492537,0.000000,0.000000,,,
2024/2025,>64 yrs,Central California,07/27/2024,30,2024,466,2696,17.284866468842729,Very High,10,1399,0.714800,Very Low,1,991,0.100900,Very Low,,,,,,580446.000000,190,,,32.733449795502104,,,Very High,,,466,13,0,0,2.789700,0.000000,0.000000,,,
2024/2025,18-64 yrs,Greater Sierra-Sacramento,08/03/2024,31,2024,783,4747,16.494628186222879,High,16,1594,1.003800,Very Low,0,912,0.000000,Very Low,,,,,,1793656.000000,55,,,3.0663627808230798,,,Low,,,14,0,0,0,0.000000,0.000000,0.000000,,,
2024/2025,18-64 yrs,Los Angeles,08/03/2024,31,2024,2367,20950,11.29832935560859,Moderate,103,6393,1.611100,Very Low,2,3680,0.054300,Very Low,,,,,,6240953.000000,174,,,2.7880357374907301,,,Very Low,,,309,1,1,0,0.323625,0.323625,0.000000,,,
2024/2025,18-64 yrs,Central California,08/10/2024,32,2024,1152,8346,13.803019410496045,High,25,2516,0.993600,Very Low,0,1686,0.000000,Very Low,,,,,,2636654.000000,96,,,3.6409783005278702,,,Low,,,162,0,0,0,0.000000,0.000000,0.000000,,,
2024/2025,>64 yrs,Bay Area,08/17/2024,33,2024,1254,9205,13.623030961434004,High,19,2642,0.719200,Very Low,1,2110,0.047400,Very Low,,,,,,1498910.000000,542,,,36.159609316103001,,,Very High,,,805,26,0,0,3.229814,0.000000,0.000000,,,
2024/2025,18-64 yrs,Central California,08/17/2024,33,2024,1183,7895,14.984167194426853,High,25,2726,0.917100,Very Low,2,1769,0.113100,Very Low,,,,,,2636654.000000,72,,,2.7307337253959001,,,Very Low,,,173,2,0,0,1.156069,0.000000,0.000000,,,
2024/2025,0-17 yrs,Los Angeles,08/17/2024,33,2024,569,3559,15.987636976678843,High,33,2010,1.641800,Very Low,5,1409,0.354900,Very Low,,,,,,1934637.000000,21,,,1.08547494956418,,,Very Low,,,11,0,0,0,0.000000,0.000000,0.000000,,,
2024/2025,>64 yrs,Southern California,08/17/2024,33,2024,1471,8198,17.943400829470601,Very High,45,5601,0.803400,Very Low,0,2865,0.000000,Very Low,,,,,,2059864.000000,721,,,35.002310832171403,,,Very High,,,1287,29,2,0,2.253302,0.155400,0.000000,,,
2024/2025,18-64 yrs,Bay Area,08/31/2024,35,2024,1296,19766,6.5567135485176564,Low,95,3610,2.631600,Low,4,2411,0.165900,Very Low,,,,,,5222531.000000,155,,,2.9679096208332698,,,Very Low,,,211,1,0,0,0.473934,0.000000,0.000000,,,
2024/2025,0-17 yrs,Los Angeles,08/31/2024,35,2024,620,3975,15.59748427672956,High,40,2612,1.531400,Very Low,17,1683,1.010100,Low,,,,,,1934637.000000,20,,,1.0337856662516001,,,Very Low,,,9,0,0,0,0.000000,0.000000,0.000000,,,
2024/2025,0-17 yrs,Central California,09/07/2024,36,2024,348,3689,9.4334507996747092,Moderate,12,1642,0.730800,Very Low,4,1250,0.320000,Very Low,,,,,,1224522.000000,0,,,0,,,Very Low,,,14,1,0,0,7.142857,0.000000,0.000000,,,
2024/2025,>64 yrs,Los Angeles,09/07/2024,36,2024,1208,12493,9.6694148723285043,Moderate,225,4375,5.142900,Low,67,2866,2.337800,Low,,,,,,1608433.000000,424,,,26.3610607342675,,,High,,,976,21,1,0,2.151639,0.102459,0.000000,,,
2024/2025,18-64 yrs,Southern California,09/07/2024,36,2024,1539,16730,9.1990436341900779,Moderate,60,6932,0.865600,Very Low,5,3007,0.166300,Very Low,,,,,,7875686.000000,188,,,2.3870936449218498,,,Very Low,,,380,5,1,0,1.315789,0.263158,0.000000,,,
2024/2025,18-64 yrs,Bay Area,09/14/2024,37,2024,946,15878,5.9579292102279888,Low,113,3521,3.209300,Low,8,2345,0.341200,Very Low,,,,,,5222531.000000,117,,,2.2402930686289801,,,Very Low,,,188,0,0,0,0.000000,0.000000,0.000000,,,
2024/2025,>64 yrs,Bay Area,09/14/2024,37,2024,739,7444,9.9274583557227292,Moderate,18,2591,0.694700,Very Low,1,2028,0.049300,Very Low,,,,,,1498910.000000,410,,,27.353209999266099,,,High,,,779,18,1,0,2.310655,0.128370,0.000000,,,
2024/2025,18-64 yrs,Greater Sierra-Sacramento,09/14/2024,37,2024,509,4033,12.620877758492439,Moderate,14,1628,0.860000,Very Low,2,1002,0.199600,Very Low,,,,,,1793656.000000,58,,,3.2336189325043398,,,Low,,,6,0,0,0,0.000000,0.000000,0.000000,,,
2024/2025,0-17 yrs,Rural North,09/14/2024,37,2024,30,276,10.869565217391305,Moderate,3,200,1.500000,Very Low,0,156,0.000000,Very Low,,,,,,147863.000000,1,,,0.67630171171963205,,,Very Low,,,1,0,0,0,0.000000,0.000000,0.000000,,,
2024/2025,0-17 yrs,Los Angeles,09/21/2024,38,2024,178,3791,4.6953310472170928,Low,53,2449,2.164100,Low,14,1616,0.866300,Very Low,,,,,,1934637.000000,26,,,1.3439213661270799,,,Very Low,,,9,0,0,0,0.000000,0.000000,0.000000,,,
2024/2025,>64 yrs,Bay Area,09/28/2024,39,2024,489,6930,7.0562770562770565,Low,41,2493,1.644600,Very Low,7,1866,0.375100,Very Low,,,,,,1498910.000000,338,,,22.549719462809598,,,Moderate,,,793,13,0,0,1.639344,0.000000,0.000000,,,
2024/2025,>64 yrs,Greater Sierra-Sacramento,09/28/2024,39,2024,234,1658,14.11338962605549,High,5,981,0.509700,Very Low,0,661,0.000000,Very Low,,,,,,525440.000000,167,,,31.7828867235079,,,High,,,39,1,0,0,2.564103,0.000000,0.000000,,,
2024/2025,0-17 yrs,Rural North,09/28/2024,39,2024,18,255,7.0588235294117645,Low,2,207,0.966200,Very Low,1,142,0.704200,Very Low,,,,,,147863.000000,0,,,0,,,Very Low,,,2,0,0,0,0.000000,0.000000,0.000000,,,
2024/2025,>64 yrs,Rural North,09/28/2024,39,2024,72,307,23.452768729641694,Very High,3,264,1.136400,Very Low,0,191,0.000000,Very Low,,,,,,148325.000000,16,,,10.7871228720715,,,Low,,,117,5,0,0,4.273504,0.000000,0.000000,,,
2024/2025,0-17 yrs,Central California,10/05/2024,40,2024,63,3081,2.044790652385589,Very Low,20,1536,1.302100,Very Low,5,1172,0.426600,Very Low,,,,,,1224522.000000,4,,,0.326658075559279,,,Very Low,,,14,0,0,0,0.000000,0.000000,0.000000,,,
2024/2025,18-64 yrs,Bay Area,10/12/2024,41,2024,448,13813,3.2433215087236662,Low,147,6254,2.350500,Low,21,4957,0.423600,Very Low,,,,,,5222531.000000,60,,,1.1488682403225601,,,Very Low,,,195,0,0,0,0.000000,0.000000,0.000000,,,
2024/2025,>64 yrs,Central California,10/12/2024,41,2024,143,2041,7.0063694267515926,Low,9,1514,0.594500,Very Low,0,1156,0.000000,Very Low,,,,,,580446.000000,71,,,12.231973344635,,,Low,,,444,12,0,1,2.702703,0.000000,0.225225,,,
2024/2025,>64 yrs,Greater Sierra-Sacramento,10/12/2024,41,2024,170,1651,10.296789824348879,Moderate,11,1492,0.737300,Very Low,0,1138,0.000000,Very Low,,,,,,525440.000000,48,,,9.1352009744214406,,,Low,,,38,0,0,0,0.000000,0.000000,0.000000,,,
2024/2025,18-64 yrs,Central California,10/19/2024,42,2024,127,6449,1.9692975655140332,Very Low,32,2734,1.170400,Very Low,3,1817,0.165100,Very Low,,,,,,2636654.000000,32,,,1.2136594335092901,,,Very Low,,,156,1,0,1,0.641026,0.000000,0.641026,,,
2024/2025,>64 yrs,Rural North,10/19/2024,42,2024,21,208,10.096153846153847,Moderate,2,263,0.760500,Very Low,0,166,0.000000,Very Low,,,,,,148325.000000,10,,,6.7419517950446597,,,Low,,,118,2,0,0,1.694915,0.000000,0.000000,,,
2024/2025,>64 yrs,Greater Sierra-Sacramento,10/26/2024,43,2024,108,1702,6.3454759106933016,Low,13,1581,0.822300,Very Low,3,1248,0.240400,Very Low,,,,,,525440.000000,34,,,6.4707673568818498,,,Low,,,48,0,0,0,0.000000,0.000000,0.000000,,,
2024/2025,>64 yrs,Rural North,10/26/2024,43,2024,11,154,7.1428571428571423,Low,2,234,0.854700,Very Low,0,133,0.000000,Very Low,,,,,,148325.000000,8,,,5.3935614360357302,,,Low,,,112,1,0,0,0.892857,0.000000,0.000000,,,
2024/2025,>64 yrs,Southern California,10/26/2024,43,2024,286,6161,4.6421035546177567,Low,55,4686,1.173700,Very Low,5,2483,0.201400,Very Low,,,,,,2059864.000000,147,,,7.1363934706369001,,,Low,,,1317,11,1,0,0.835232,0.075930,0.000000,,,
2024/2025,18-64 yrs,Los Angeles,11/02/2024,44,2024,255,15358,1.6603724443286887,Very Low,184,6360,2.893100,Low,14,3866,0.362100,Very Low,,,,,,6240953.000000,76,20,1,1.2177627359154923,0.32046387787249797,0.016023193893624901,Very Low,Very Low,Very Low,322,2,0,0,0.621118,0.000000,0.000000,,,
2024/2025,18-64 yrs,Central California,11/09/2024,45,2024,176,6511,2.703117800645062,Very Low,60,3393,1.768300,Very Low,9,2242,0.401400,Very Low,,,,,,2636654.000000,15,3,1,0.56890285945747909,0.11378057189149582,0.037926857297165273,Very Low,Very Low,Very Low,182,0,1,0,0.000000,0.549451,0.000000,,,
2024/2025,18-64 yrs,Greater Sierra-Sacramento,11/09/2024,45,2024,115,3603,3.1917846239245073,Low,63,2529,2.491100,Low,4,1708,0.234200,Very Low,,,,,,1793656.000000,20,4,1,1.1150410112083922,0.22300820224167844,0.055752050560419611,Very Low,Very Low,Very Low,11,0,0,0,0.000000,0.000000,0.000000,,,
2024/2025,0-17 yrs,Central California,11/23/2024,47,2024,48,3567,1.3456686291000841,Very Low,228,2674,8.526600,Low,135,2091,6.456200,Moderate,,,,,,1224522.000000,1,2,4,0.081664518889819862,0.16332903777963972,0.32665807555927945,Very Low,Very Low,Very Low,10,0,0,1,0.000000,0.000000,10.000000,,,
2024/2025,>64 yrs,Los Angeles,11/23/2024,47,2024,244,10408,2.3443504996156803,Very Low,210,5513,3.809200,Low,28,3593,0.779300,Very Low,,,,,,1608433.000000,127,63,8,7.8958837576697318,3.9168557223086076,0.49737850442014059,Low,Low,Very Low,1109,9,2,0,0.811542,0.180343,0.000000,,,
2024/2025,18-64 yrs,Bay Area,12/07/2024,49,2024,233,15493,1.5039049893500289,Very Low,1205,10157,11.863700,Moderate,258,8035,3.211000,Low,,,,,,5222531.000000,36,100,31,0.68932094419353374,1.9147804005375937,0.59358192416665401,Very Low,Low,Low,210,2,1,0,0.952381,0.476190,0.000000,,,
2024/2025,>64 yrs,Central California,12/07/2024,49,2024,109,1937,5.6272586473928756,Low,95,2219,4.281200,Low,32,1595,2.006300,Low,,,,,,580446.000000,54,22,12,9.3031909945111178,3.7901889236897146,2.0673757765580261,Low,Low,High,476,4,0,0,0.840336,0.000000,0.000000,,,
2024/2025,>64 yrs,Greater Sierra-Sacramento,12/07/2024,49,2024,97,1964,4.9389002036659875,Low,110,2251,4.886700,Low,28,1713,1.634600,Low,,,,,,525440.000000,34,41,9,6.4707673568818507,7.8029841656516448,1.7128501827040195,Low,High,Moderate,37,1,0,0,2.702703,0.000000,0.000000,,,
2024/2025,18-64 yrs,Rural North,12/07/2024,49,2024,22,492,4.4715447154471546,Low,59,694,8.501400,Low,4,277,1.444000,Low,,,,,,384002.000000,1,5,0,0.26041531033692533,1.3020765516846267,0,Very Low,Low,Very Low,30,0,0,0,0.000000,0.000000,0.000000,,,
2024/2025,>64 yrs,Southern California,12/14/2024,50,2024,366,7258,5.0427114907688066,Low,808,6995,11.551100,Moderate,75,3373,2.223500,Low,,,,,,2059864.000000,138,265,23,6.6994714214142297,12.864927004889644,1.1165785702357047,Low,Very High,Low,1490,19,12,1,1.275168,0.805369,0.067114,,,
2024/2025,18-64 yrs,Los Angeles,12/21/2024,51,2024,457,22291,2.0501547709838053,Very Low,4442,14117,31.465600,Very High,150,7298,2.055400,Low,,,,,,6240953.000000,98,286,21,1.57027300157524,4.5826334535767215,0.33648707176612286,Very Low,Moderate,Very Low,315,0,3,1,0.000000,0.952381,0.317460,,,
2024/2025,>64 yrs,Los Angeles,12/28/2024,52,2024,448,12596,3.5566846617973962,Low,1786,8549,20.891300,High,106,5478,1.935000,Low,,,,,,1608433.000000,228,576,33,14.175287375974008,35.811252318250126,2.0516863307330802,Moderate,Very High,High,1098,11,15,1,1.001821,1.366120,0.091075,,,
2024/2025,0-17 yrs,Southern California,12/28/2024,52,2024,148,10695,1.3838242169237962,Very Low,3791,9141,41.472500,Very High,1073,5909,18.158700,Very High,,,,,,2904951.000000,14,179,179,0.48193583988163652,6.1618939527723526,6.1618939527723526,Very Low,High,Very High,18,0,0,1,0.000000,0.000000,5.555556,,,
2024/2025,>64 yrs,Greater Sierra-Sacramento,01/04/2025,1,2025,108,2268,4.7619047619047619,Low,310,2821,10.989000,Moderate,92,2195,4.191300,Moderate,,,,,,525440.000000,46,122,38,8.7545676004872099,23.21863580998782,7.2320341047503049,Low,Very High,Very High,47,3,0,0,6.382979,0.000000,0.000000,,,
2024/2025,0-17 yrs,Southern California,01/04/2025,1,2025,148,8242,1.7956806600339725,Very Low,2452,6925,35.407900,Very High,1100,4998,22.008800,Very High,,,,,,2904951.000000,20,147,217,0.68847977125948079,5.0603263187571841,7.4700055181653662,Very Low,Moderate,Very High,11,0,2,0,0.000000,18.181818,0.000000,,,
2024/2025,0-17 yrs,Los Angeles,01/11/2025,2,2025,101,5031,2.007553170343868,Very Low,1729,4787,36.118700,Very High,482,3069,15.705400,Very High,,,,,,1934637.000000,10,54,22,0.51689283312580092,2.7912212988793246,1.1371642328767619,Very Low,Low,Low,13,0,0,0,0.000000,0.000000,0.000000,,,
2024/2025,0-17 yrs,Rural North,01/11/2025,2,2025,2,269,0.74349442379182151,Very Low,99,423,23.404300,Very High,44,242,18.181800,Very High,,,,,,147863.000000,0,3,1,0,2.0289051351588969,0.67630171171963227,Very Low,Low,Low,1,0,0,0,0.000000,0.000000,0.000000,,,
2024/2025,>64 yrs,Rural North,01/11/2025,2,2025,20,325,6.1538461538461542,Low,44,583,7.547200,Low,12,302,3.973500,Low,,,,,,148325.000000,21,11,0,14.158098769593799,7.4161469745491324,0,Moderate,High,Very Low,120,1,3,0,0.833333,2.500000,0.000000,,,
2024/2025,18-64 yrs,Los Angeles,01/18/2025,3,2025,530,22597,2.3454440854980749,Very Low,3889,13479,28.852300,Very High,197,7344,2.682500,Low,,,,,,6240953.000000,108,379,49,1.7305049405114892,6.0727904856838375,0.78513650078761998,Very Low,High,Low,331,4,5,1,1.208459,1.510574,0.302115,,,
2024/2025,0-17 yrs,Rural North,01/18/2025,3,2025,2,308,0.64935064935064934,Very Low,141,518,27.220100,Very High,50,276,18.115900,Very High,,,,,,147863.000000,0,2,1,0,1.3526034234392645,0.67630171171963227,Very Low,Low,Low,1,0,0,0,0.000000,0.000000,0.000000,,,
2024/2025,18-64 yrs,Southern California,01/18/2025,3,2025,473,24383,1.9398761432145348,Very Low,4358,14362,30.344000,Very High,189,5493,3.440700,Low,,,,,,7875686.000000,71,550,45,0.90150877015665687,6.9835186420586091,0.57137879798661351,Very Low,High,Low,484,3,16,0,0.619835,3.305785,0.000000,,,
2024/2025,0-17 yrs,Los Angeles,01/25/2025,4,2025,158,7746,2.0397624580428606,Very Low,3035,6913,43.902800,Very High,544,4072,13.359500,Very High,,,,,,1934637.000000,18,83,48,0.93040709962644152,4.290210514944147,2.4810855990038441,Very Low,Moderate,High,13,0,1,0,0.000000,7.692308,0.000000,,,
2024/2025,0-17 yrs,Rural North,01/25/2025,4,2025,5,417,1.1990407673860912,Very Low,171,643,26.594100,Very High,92,364,25.274700,Very High,,,,,,147863.000000,0,0,2,0,0,1.3526034234392645,Very Low,Very Low,Low,1,0,1,0,0.000000,100.000000,0.000000,,,
2024/2025,18-64 yrs,Southern California,01/25/2025,4,2025,486,29351,1.6558209260331846,Very Low,4551,14389,31.628300,Very High,220,5296,4.154100,Moderate,,,,,,7875686.000000,64,574,40,0.81262762380318365,7.2882540009848036,0.5078922648769898,Very Low,High,Low,463,4,24,1,0.863931,5.183585,0.215983,,,
2024/2025,0-17 yrs,Rural North,02/01/2025,5,2025,8,572,1.3986013986013985,Very Low,295,861,34.262500,Very High,88,476,18.487400,Very High,,,,,,147863.000000,0,1,0,0,0.67630171171963227,0,Very Low,Very Low,Very Low,1,0,0,0,0.000000,0.000000,0.000000,,,
2024/2025,18-64 yrs,Rural North,02/08/2025,6,2025,14,843,1.6607354685646498,Very Low,372,1273,29.222300,Very High,29,556,5.215800,Moderate,,,,,,384002.000000,4,45,0,1.0416612413477013,11.71868896516164,0,Very Low,Very High,Very Low,29,0,3,1,0.000000,10.344828,3.448276,,,
2024/2025,>64 yrs,Southern California,02/08/2025,6,2025,573,9283,6.1725735214908974,Low,1503,9257,16.236400,High,197,4815,4.091400,Moderate,,,,,,2059864.000000,187,573,90,9.078269244959861,27.817370467176474,4.3692204922266713,Low,Very High,Very High,1696,25,45,4,1.474057,2.653302,0.235849,,,
2024/2025,18-64 yrs,Central California,02/15/2025,7,2025,153,7487,2.0435421397088289,Very Low,2158,7734,27.902800,Very High,183,5221,3.505100,Low,,,,,,2636654.000000,9,162,19,0.3413417156744874,6.1441508821407735,0.72061028864614018,Very Low,High,Low,182,0,5,0,0.000000,2.747253,0.000000,,,
2024/2025,>64 yrs,Southern California,02/15/2025,7,2025,337,7874,4.2799085598171196,Low,791,8291,9.540500,Moderate,157,3968,3.956700,Low,,,,,,2059864.000000,162,381,67,7.8645968860080089,18.49636675042624,3.2526419219909659,Low,Very High,Very High,1681,15,38,6,0.892326,2.260559,0.356930,,,
2024/2025,0-17 yrs,Central California,02/22/2025,8,2025,78,5797,1.3455235466620665,Very Low,2090,6091,34.312900,Very High,725,4572,15.857400,Very High,,,,,,1224522.000000,1,14,30,0.081664518889819862,1.1433032644574781,2.4499355666945957,Very Low,Low,High,10,0,2,0,0.000000,20.000000,0.000000,,,
2024/2025,18-64 yrs,Greater Sierra-Sacramento,02/22/2025,8,2025,89,5151,1.7278198408076102,Very Low,1337,5301,25.221700,Very High,132,3368,3.919200,Low,,,,,,1793656.000000,9,109,15,0.50176845504377643,6.0769735110857379,0.83628075840629423,Very Low,High,Low,21,0,0,0,0.000000,0.000000,0.000000,,,
2024/2025,18-64 yrs,Southern California,02/22/2025,8,2025,356,17338,2.0532933440996657,Very Low,1586,11793,13.448700,Moderate,191,4993,3.825400,Low,,,,,,7875686.000000,80,188,45,1.0157845297539796,2.3870936449218521,0.57137879798661351,Very Low,Low,Low,384,3,9,1,0.781250,2.343750,0.260417,,,
2024/2025,0-17 yrs,Rural North,03/01/2025,9,2025,9,450,2,Very Low,123,657,18.721500,High,91,397,22.921900,Very High,,,,,,147863.000000,0,2,8,0,1.3526034234392645,5.4104136937570582,Very Low,Low,Very High,2,0,0,0,0.000000,0.000000,0.000000,,,
2024/2025,>64 yrs,Rural North,03/08/2025,10,2025,16,311,5.144694533762058,Low,47,628,7.484100,Low,33,344,9.593000,High,,,,,,148325.000000,6,23,5,4.045171077026799,15.50648912860273,3.3709758975223325,Low,Very High,Very High,150,0,3,0,0.000000,2.000000,0.000000,,,
2024/2025,18-64 yrs,Rural North,03/15/2025,11,2025,12,576,2.083333333333333,Very Low,55,716,7.681600,Low,26,373,6.970500,Moderate,,,,,,384002.000000,2,8,1,0.52083062067385066,2.0833224826954027,0.26041531033692533,Very Low,Low,Very Low,40,1,1,0,2.500000,2.500000,0.000000,,,
2024/2025,0-17 yrs,Central California,03/22/2025,12,2025,71,4017,1.7674881752551657,Very Low,752,4163,18.063900,High,261,3168,8.238600,High,,,,,,1224522.000000,2,5,12,0.16332903777963972,0.4083225944490993,0.9799742266778384,Very Low,Very Low,Low,8,0,0,0,0.000000,0.000000,0.000000,,,
2023/2024,>64 yrs,Southern California,03/30/2024,13,2024,246,6469,3.802751584479827,Low,94,5060,1.857700,Very Low,25,2846,0.878400,Very Low,,,,,,1990514.000000,123,,,6.1793084600258998,,,Low,,,1250,11,1,0,0.880000,0.080000,0.000000,,,
2023/2024,0-17 yrs,Bay Area,04/06/2024,14,2024,92,11478,0.80153336818261023,Very Low,292,5124,5.698700,Low,37,4396,0.841700,Very Low,,,,,,1696702.000000,4,,,0.235751475509547,,,Very Low,,,6,0,0,1,0.000000,0.000000,16.666667,,,
2023/2024,>64 yrs,Bay Area,04/06/2024,14,2024,318,10145,3.1345490389354365,Low,108,6923,1.560000,Very Low,21,6278,0.334500,Very Low,,,,,,1450195.000000,174,,,11.998386423894701,,,Low,,,895,7,0,1,0.782123,0.000000,0.111732,,,
2023/2024,0-17 yrs,Bay Area,04/20/2024,16,2024,110,9986,1.1015421590226318,Very Low,383,5151,7.435400,Low,29,4233,0.685100,Very Low,,,,,,1696702.000000,4,,,0.235751475509547,,,Very Low,,,11,0,0,0,0.000000,0.000000,0.000000,,,
2023/2024,18-64 yrs,Los Angeles,04/20/2024,16,2024,262,15069,1.7386687902316011,Very Low,302,6069,4.976100,Low,13,3277,0.396700,Very Low,,,,,,6291153.000000,40,,,0.63581349873385695,,,Very Low,,,299,0,0,0,0.000000,0.000000,0.000000,,,
2023/2024,0-17 yrs,Southern California,04/20/2024,16,2024,87,6210,1.4009661835748792,Very Low,207,3292,6.288000,Low,21,2561,0.820000,Very Low,,,,,,2950125.000000,8,,,0.27117495021397398,,,Very Low,,,18,0,0,0,0.000000,0.000000,0.000000,,,
2023/2024,>64 yrs,Greater Sierra-Sacramento,04/27/2024,17,2024,96,1855,5.1752021563342323,Low,23,1634,1.407600,Very Low,6,1304,0.460100,Very Low,,,,,,510647.000000,55,,,10.770649783509899,,,Low,,,41,0,0,0,0.000000,0.000000,0.000000,,,
2023/2024,>64 yrs,Los Angeles,04/27/2024,17,2024,161,9096,1.7700087950747581,Very Low,45,3787,1.188300,Very Low,28,2585,1.083200,Low,,,,,,1558959.000000,101,,,6.47868224885966,,,Low,,,973,4,0,2,0.411100,0.000000,0.205550,,,
2023/2024,0-17 yrs,Bay Area,05/11/2024,19,2024,165,9272,1.7795513373597929,Very Low,193,3685,5.237400,Low,9,2855,0.315200,Very Low,,,,,,1696702.000000,4,,,0.235751475509547,,,Very Low,,,7,0,0,0,0.000000,0.000000,0.000000,,,
2023/2024,>64 yrs,Bay Area,05/11/2024,19,2024,401,8504,4.7154280338664156,Low,72,4564,1.577600,Very Low,6,3919,0.153100,Very Low,,,,,,1450195.000000,219,,,15.1014173955916,,,Moderate,,,902,8,5,0,0.886918,0.554324,0.000000,,,
2023/2024,0-17 yrs,Greater Sierra-Sacramento,05/11/2024,19,2024,46,1450,3.1724137931034484,Low,73,1224,5.964100,Low,8,697,1.147800,Low,,,,,,673877.000000,6,,,0.89037020109011,,,Very Low,,,2,0,0,0,0.000000,0.000000,0.000000,,,
2023/2024,>64 yrs,Greater Sierra-Sacramento,05/11/2024,19,2024,84,1703,4.9324721080446272,Low,15,1150,1.304300,Very Low,4,808,0.495000,Very Low,,,,,,510647.000000,63,,,12.337289752020499,,,Low,,,46,1,0,0,2.173913,0.000000,0.000000,,,
2023/2024,18-64 yrs,Southern California,05/11/2024,19,2024,256,13561,1.8877663889093725,Very Low,192,5695,3.371400,Low,9,2791,0.322500,Very Low,,,,,,7861790.000000,38,,,0.48335048379567502,,,Very Low,,,406,1,0,0,0.246305,0.000000,0.000000,,,
2023/2024,18-64 yrs,Greater Sierra-Sacramento,05/18/2024,20,2024,150,3516,4.2662116040955631,Low,98,1665,5.885900,Low,6,1026,0.584800,Very Low,,,,,,1788686.000000,23,,,1.28586012301768,,,Very Low,,,15,0,0,0,0.000000,0.000000,0.000000,,,
2023/2024,>64 yrs,Southern California,05/18/2024,20,2024,262,5816,4.5048143053645111,Low,86,4394,1.957200,Very Low,12,2434,0.493000,Very Low,,,,,,1990514.000000,77,,,3.8683475725365399,,,Low,,,1319,5,3,0,0.379075,0.227445,0.000000,,,
2023/2024,>64 yrs,Central California,05/25/2024,21,2024,126,2074,6.075216972034716,Low,19,1261,1.506700,Very Low,0,850,0.000000,Very Low,,,,,,565180.000000,68,,,12.031565165080201,,,Low,,,432,2,0,0,0.462963,0.000000,0.000000,,,
2023/2024,0-17 yrs,Southern California,05/25/2024,21,2024,95,4737,2.0054887059320246,Very Low,130,2846,4.567800,Low,8,2189,0.365500,Very Low,,,,,,2950125.000000,11,,,0.37286555654421399,,,Very Low,,,20,0,0,0,0.000000,0.000000,0.000000,,,
2023/2024,0-17 yrs,Los Angeles,06/01/2024,22,2024,66,3938,1.6759776536312849,Very Low,104,2336,4.452100,Low,12,1450,0.827600,Very Low,,,,,,1975596.000000,4,,,0.20247054559737901,,,Very Low,,,9,0,0,0,0.000000,0.000000,0.000000,,,
2023/2024,18-64 yrs,Central California,06/08/2024,23,2024,332,6591,5.0371719010772269,Low,115,2354,4.885300,Low,2,1559,0.128300,Very Low,,,,,,2620187.000000,2,,,0.076330429850998999,,,Very Low,,,191,2,1,0,1.047120,0.523560,0.000000,,,
2023/2024,>64 yrs,Los Angeles,06/08/2024,23,2024,367,10480,3.5019083969465647,Low,63,3651,1.725600,Very Low,3,2214,0.135500,Very Low,,,,,,1558959.000000,116,,,7.4408627808685104,,,Low,,,935,7,1,0,0.748663,0.106952,0.000000,,,
2023/2024,18-64 yrs,Southern California,06/08/2024,23,2024,577,13125,4.3961904761904762,Low,227,5580,4.068100,Low,8,2566,0.311800,Very Low,,,,,,7861790.000000,38,,,0.48335048379567502,,,Very Low,,,407,0,2,0,0.000000,0.491400,0.000000,,,
2023/2024,18-64 yrs,Bay Area,06/15/2024,24,2024,1485,27383,5.423072709345214,Low,227,8326,2.726400,Low,13,7116,0.182700,Very Low,,,,,,5244977.000000,78,,,1.4871371218596401,,,Very Low,,,213,1,1,0,0.469484,0.469484,0.000000,,,
2023/2024,>64 yrs,Bay Area,06/15/2024,24,2024,1045,9381,11.139537362754503,Moderate,73,4565,1.599100,Very Low,8,3951,0.202500,Very Low,,,,,,1450195.000000,319,,,21.9970417771403,,,Moderate,,,835,14,0,0,1.676647,0.000000,0.000000,,,
2023/2024,>64 yrs,Greater Sierra-Sacramento,06/15/2024,24,2024,216,1564,13.810741687979538,High,10,1006,0.994000,Very Low,0,676,0.000000,Very Low,,,,,,510647.000000,118,,,23.107939535530399,,,High,,,45,0,0,0,0.000000,0.000000,0.000000,,,
2023/2024,18-64 yrs,Bay Area,06/22/2024,25,2024,1947,28446,6.8445475638051052,Low,235,8727,2.692800,Low,12,7297,0.164500,Very Low,,,,,,5244977.000000,112,,,2.1353763801061501,,,Very Low,,,229,1,2,0,0.436681,0.873362,0.000000,,,
2023/2024,>64 yrs,Bay Area,06/22/2024,25,2024,1230,9611,12.797835813130787,Moderate,87,4834,1.799800,Very Low,10,4089,0.244600,Very Low,,,,,,1450195.000000,362,,,24.9621602612063,,,High,,,817,20,2,0,2.447980,0.244798,0.000000,,,
2023/2024,>64 yrs,Central California,06/22/2024,25,2024,251,2235,11.230425055928411,Moderate,19,1228,1.547200,Very Low,0,828,0.000000,Very Low,,,,,,565180.000000,85,,,15.0394564563502,,,Moderate,,,448,6,1,0,1.339286,0.223214,0.000000,,,
2023/2024,18-64 yrs,Greater Sierra-Sacramento,06/22/2024,25,2024,433,3695,11.718538565629229,Moderate,44,1496,2.941200,Low,1,854,0.117100,Very Low,,,,,,1788686.000000,54,,,3.0189759409980299,,,Low,,,5,0,0,0,0.000000,0.000000,0.000000,,,
2023/2024,18-64 yrs,Southern California,06/22/2024,25,2024,905,14798,6.1156913096364374,Low,187,5510,3.393800,Low,3,2518,0.119100,Very Low,,,,,,7861790.000000,53,,,0.67414672739923098,,,Very Low,,,377,4,1,0,1.061008,0.265252,0.000000,,,
2024/2025,0-17 yrs,Central California,07/06/2024,27,2024,198,2453,8.071748878923767,Moderate,44,1109,3.967500,Low,1,807,0.123900,Very Low,,,,,,1224522.000000,6,,,0.48998711333891898,,,Very Low,,,12,0,0,0,0.000000,0.000000,0.000000,,,
2024/2025,18-64 yrs,Rural North,07/13/2024,28,2024,79,552,14.311594202898551,High,4,334,1.197600,Very Low,0,225,0.000000,Very Low,,,,,,384002.000000,1,,,0.260415310336925,,,Very Low,,,34,1,0,0,2.941176,0.000000,0.000000,,,
2024/2025,18-64 yrs,Bay Area,08/03/2024,31,2024,2140,29145,7.3425973580373993,Low,98,8318,1.178200,Very Low,10,7056,0.141700,Very Low,,,,,,5222531.000000,161,,,3.0827964448655298,,,Low,,,213,3,0,0,1.408451,0.000000,0.000000,,,
2024/2025,>64 yrs,Bay Area,08/03/2024,31,2024,1412,10063,14.031600914240286,High,26,4229,0.614800,Very Low,7,3577,0.195700,Very Low,,,,,,1498910.000000,536,,,35.759318438065002,,,Very High,,,836,26,1,0,3.110048,0.119617,0.000000,,,
2024/2025,>64 yrs,Los Angeles,08/03/2024,31,2024,1374,12392,11.087798579728856,Moderate,43,4266,1.008000,Very Low,1,2588,0.038600,Very Low,,,,,,1608433.000000,395,,,24.558063655744402,,,High,,,864,15,0,0,1.736111,0.000000,0.000000,,,
2024/2025,0-17 yrs,Southern California,08/10/2024,32,2024,791,4211,18.784136784611732,Very High,37,2377,1.556600,Very Low,8,1738,0.460300,Very Low,,,,,,2904951.000000,65,,,2.2375592565933098,,,Very Low,,,11,0,0,0,0.000000,0.000000,0.000000,,,
2024/2025,>64 yrs,Los Angeles,08/17/2024,33,2024,1136,14196,8.0022541561003102,Moderate,32,4094,0.781600,Very Low,0,2718,0.000000,Very Low,,,,,,1608433.000000,442,,,27.480162369212799,,,High,,,925,25,1,0,2.702703,0.108108,0.000000,,,
2024/2025,0-17 yrs,Rural North,08/17/2024,33,2024,54,201,26.865671641791046,Very High,1,141,0.709200,Very Low,0,84,0.000000,Very Low,,,,,,147863.000000,1,,,0.67630171171963205,,,Very Low,,,2,0,0,0,0.000000,0.000000,0.000000,,,
2024/2025,0-17 yrs,Greater Sierra-Sacramento,08/24/2024,34,2024,266,1602,16.604244694132333,High,10,843,1.186200,Very Low,4,495,0.808100,Very Low,,,,,,662349.000000,9,,,1.3588002699483199,,,Very Low,,,2,0,0,0,0.000000,0.000000,0.000000,,,
2024/2025,0-17 yrs,Los Angeles,08/24/2024,34,2024,614,3756,16.347177848775292,High,58,2408,2.408600,Low,5,1532,0.326400,Very Low,,,,,,1934637.000000,21,,,1.08547494956418,,,Very Low,,,10,1,0,0,10.000000,0.000000,0.000000,,,
2024/2025,18-64 yrs,Rural North,08/24/2024,34,2024,127,693,18.326118326118326,Very High,5,340,1.470600,Very Low,0,210,0.000000,Very Low,,,,,,384002.000000,1,,,0.260415310336925,,,Very Low,,,41,0,0,0,0.000000,0.000000,0.000000,,,
2024/2025,18-64 yrs,Southern California,08/24/2024,34,2024,2184,17703,12.336892052194544,Moderate,77,6972,1.104400,Very Low,8,3115,0.256800,Very Low,,,,,,7875686.000000,311,,,3.9488623594185999,,,Low,,,378,6,0,0,1.587302,0.000000,0.000000,,,
2024/2025,18-64 yrs,Southern California,08/31/2024,35,2024,1879,17383,10.80941149398838,Moderate,75,6745,1.111900,Very Low,2,3079,0.065000,Very Low,,,,,,7875686.000000,236,,,2.9965643627742402,,,Very Low,,,414,4,1,0,0.966184,0.241546,0.000000,,,
2024/2025,0-17 yrs,Los Angeles,09/07/2024,36,2024,527,4470,11.789709172259508,Moderate,85,2813,3.021700,Low,18,1825,0.986300,Very Low,,,,,,1934637.000000,22,,,1.1371642328767599,,,Very Low,,,11,1,0,0,9.090909,0.000000,0.000000,,,
2024/2025,>64 yrs,Greater Sierra-Sacramento,09/14/2024,37,2024,346,1955,17.698209718670078,Very High,10,1090,0.917400,Very Low,0,737,0.000000,Very Low,,,,,,525440.000000,162,,,30.831303288672402,,,High,,,37,0,0,0,0.000000,0.000000,0.000000,,,
2024/2025,0-17 yrs,Southern California,09/14/2024,37,2024,443,5358,8.268010451661068,Moderate,65,3200,2.031300,Low,33,2244,1.470600,Low,,,,,,2904951.000000,51,,,1.75562341671168,,,Very Low,,,20,0,0,0,0.000000,0.000000,0.000000,,,
2024/2025,18-64 yrs,Greater Sierra-Sacramento,09/28/2024,39,2024,272,3544,7.6749435665914216,Low,14,1463,0.956900,Very Low,1,943,0.106000,Very Low,,,,,,1793656.000000,58,,,3.2336189325043398,,,Low,,,15,0,0,0,0.000000,0.000000,0.000000,,,
2024/2025,>64 yrs,Los Angeles,09/28/2024,39,2024,571,11054,5.1655509317893973,Low,33,4221,0.781800,Very Low,1,2914,0.034300,Very Low,,,,,,1608433.000000,240,,,14.9213551326042,,,Moderate,,,871,16,0,0,1.836969,0.000000,0.000000,,,
2024/2025,18-64 yrs,Rural North,09/28/2024,39,2024,58,558,10.394265232974909,Moderate,6,358,1.676000,Very Low,0,196,0.000000,Very Low,,,,,,384002.000000,0,,,0,,,Very Low,,,30,0,0,0,0.000000,0.000000,0.000000,,,
2024/2025,18-64 yrs,Rural North,10/05/2024,40,2024,47,530,8.8679245283018862,Moderate,5,366,1.366100,Very Low,1,229,0.436700,Very Low,,,,,,384002.000000,4,,,1.0416612413477,,,Very Low,,,30,1,0,0,3.333333,0.000000,0.000000,,,
2024/2025,>64 yrs,Southern California,10/05/2024,40,2024,504,6237,8.0808080808080813,Moderate,47,4770,0.985300,Very Low,2,2325,0.086000,Very Low,,,,,,2059864.000000,323,,,15.6806468776579,,,Moderate,,,1356,24,1,0,1.769912,0.073746,0.000000,,,
2024/2025,>64 yrs,Los Angeles,10/12/2024,41,2024,365,10505,3.4745359352689196,Low,29,4265,0.680000,Very Low,5,2968,0.168500,Very Low,,,,,,1608433.000000,156,,,9.6988808361927408,,,Low,,,886,11,1,0,1.241535,0.112867,0.000000,,,
2024/2025,18-64 yrs,Rural North,10/12/2024,41,2024,33,447,7.3825503355704702,Low,6,348,1.724100,Very Low,0,185,0.000000,Very Low,,,,,,384002.000000,5,,,1.30207655168463,,,Very Low,,,36,0,0,0,0.000000,0.000000,0.000000,,,
2024/2025,18-64 yrs,Greater Sierra-Sacramento,10/19/2024,42,2024,147,3547,4.1443473357767129,Low,39,2375,1.642100,Very Low,5,1525,0.327900,Very Low,,,,,,1793656.000000,20,,,1.1150410112083899,,,Very Low,,,9,0,0,0,0.000000,0.000000,0.000000,,,
2024/2025,0-17 yrs,Bay Area,10/26/2024,43,2024,91,6571,1.3848729264952062,Very Low,186,4261,4.365200,Low,209,3330,6.276300,Moderate,,,,,,1670512.000000,5,,,0.29930943327554699,,,Very Low,,,18,0,0,0,0.000000,0.000000,0.000000,,,
2024/2025,>64 yrs,Central California,11/02/2024,44,2024,101,1924,5.2494802494802499,Low,7,1536,0.455700,Very Low,5,1171,0.427000,Very Low,,,,,,580446.000000,33,1,2,5.6852833855345715,0.17228131471316885,0.3445626294263377,Low,Very Low,Very Low,448,3,0,1,0.669643,0.000000,0.223214,,,
2024/2025,18-64 yrs,Greater Sierra-Sacramento,11/02/2024,44,2024,136,3675,3.7006802721088436,Low,46,2476,1.857800,Very Low,6,1633,0.367400,Very Low,,,,,,1793656.000000,11,3,0,0.61327255616461573,0.16725615168125885,0,Very Low,Very Low,Very Low,14,0,0,0,0.000000,0.000000,0.000000,,,
2024/2025,18-64 yrs,Southern California,11/02/2024,44,2024,285,14245,2.0007020007020007,Very Low,130,6030,2.155900,Low,8,2607,0.306900,Very Low,,,,,,7875686.000000,26,29,1,0.33012997217004336,0.36822189203581757,0.012697306621924745,Very Low,Very Low,Very Low,385,2,0,0,0.519481,0.000000,0.000000,,,
2024/2025,0-17 yrs,Los Angeles,11/16/2024,46,2024,64,5337,1.1991755667978266,Very Low,397,3905,10.166500,Moderate,210,2673,7.856300,High,,,,,,1934637.000000,6,9,14,0.31013569987548051,0.46520354981322076,0.72364996637612122,Very Low,Very Low,Low,14,0,0,0,0.000000,0.000000,0.000000,,,
2024/2025,>64 yrs,Bay Area,11/23/2024,47,2024,219,6338,3.4553486904386239,Low,133,5184,2.565600,Low,59,4578,1.288800,Low,,,,,,1498910.000000,119,41,24,7.9391024144211464,2.7353209999266133,1.6011635121521639,Low,Low,Moderate,874,7,3,0,0.800915,0.343249,0.000000,,,
2024/2025,0-17 yrs,Central California,11/30/2024,48,2024,34,2971,1.144395826321104,Very Low,265,2244,11.809300,Moderate,164,1780,9.213500,High,,,,,,1224522.000000,1,3,7,0.081664518889819862,0.2449935566694596,0.57165163222873905,Very Low,Very Low,Low,9,0,0,0,0.000000,0.000000,0.000000,,,
2024/2025,>64 yrs,Central California,11/30/2024,48,2024,75,1664,4.5072115384615383,Low,54,2069,2.610000,Low,27,1417,1.905400,Low,,,,,,580446.000000,30,18,11,5.1684394413950656,3.1010636648370391,1.8950944618448573,Low,Low,Moderate,479,9,0,1,1.878914,0.000000,0.208768,,,
2024/2025,18-64 yrs,Los Angeles,11/30/2024,48,2024,280,15099,1.854427445526194,Very Low,1261,8445,14.931900,Moderate,42,4640,0.905200,Very Low,,,,,,6240953.000000,82,99,8,1.3139018992772418,1.586296195468865,0.12818555114899921,Very Low,Low,Very Low,312,2,1,0,0.641026,0.320513,0.000000,,,
2024/2025,>64 yrs,Los Angeles,11/30/2024,48,2024,262,9856,2.658279220779221,Very Low,272,5477,4.966200,Low,38,3507,1.083500,Low,,,,,,1608433.000000,160,96,13,9.9475700884028129,5.9685420530416877,0.80824006968272843,Low,Moderate,Low,982,8,5,0,0.814664,0.509165,0.000000,,,
2024/2025,>64 yrs,Rural North,11/30/2024,48,2024,17,223,7.623318385650224,Low,18,453,3.973500,Low,0,226,0.000000,Very Low,,,,,,148325.000000,21,13,14,14.158098769593799,8.7645373335580654,9.4387325130625328,Moderate,High,Very High,93,0,0,0,0.000000,0.000000,0.000000,,,
2024/2025,>64 yrs,Southern California,11/30/2024,48,2024,276,6111,4.5164457535591556,Low,375,5677,6.605600,Low,34,2896,1.174000,Low,,,,,,2059864.000000,114,118,13,5.5343459568204505,5.7285335342527466,0.63110962665496362,Low,Moderate,Low,1443,9,1,0,0.623701,0.069300,0.000000,,,
2024/2025,>64 yrs,Rural North,12/07/2024,49,2024,17,242,7.0247933884297522,Low,32,497,6.438600,Low,0,245,0.000000,Very Low,,,,,,148325.000000,8,8,2,5.393561436035732,5.393561436035732,1.348390359008933,Low,Moderate,Low,110,0,2,0,0.000000,1.818182,0.000000,,,
2024/2025,>64 yrs,Southern California,12/07/2024,49,2024,339,7169,4.728692983679732,Low,545,6559,8.309200,Low,35,3423,1.022500,Low,,,,,,2059864.000000,152,197,16,7.3791279424272673,9.5637381885406025,0.77675030972918613,Low,Very High,Low,1447,13,5,0,0.898411,0.345543,0.000000,,,
2024/2025,0-17 yrs,Central California,12/14/2024,50,2024,39,3560,1.095505617977528,Very Low,646,3324,19.434400,High,373,2531,14.737300,Very High,,,,,,1224522.000000,0,5,5,0,0.4083225944490993,0.4083225944490993,Very Low,Very Low,Very Low,9,0,0,0,0.000000,0.000000,0.000000,,,
2024/2025,18-64 yrs,Southern California,12/14/2024,50,2024,360,21130,1.7037387600567913,Very Low,2476,10847,22.826600,Very High,74,4357,1.698400,Low,,,,,,7875686.000000,54,234,10,0.68565455758393612,2.9711697495303904,0.12697306621924745,Very Low,Low,Very Low,385,3,3,0,0.779221,0.779221,0.000000,,,
2024/2025,18-64 yrs,Southern California,12/21/2024,51,2024,501,24827,2.0179643130462801,Very Low,4375,14352,30.483600,Very High,107,5520,1.938400,Low,,,,,,7875686.000000,66,457,22,0.83802223704703305,5.802669126219608,0.27934074568234435,Very Low,Moderate,Very Low,416,4,7,0,0.961538,1.682692,0.000000,,,
2024/2025,>64 yrs,Southern California,12/21/2024,51,2024,458,8085,5.6648113790970935,Low,1315,8124,16.186600,High,87,4019,2.164700,Low,,,,,,2059864.000000,166,474,28,8.0587844634403041,23.011227925727134,1.3593130420260755,Low,Very High,Low,1541,14,18,1,0.908501,1.168073,0.064893,,,
2024/2025,>64 yrs,Central California,01/04/2025,1,2025,149,2584,5.7662538699690398,Low,494,3602,13.714600,Moderate,123,2747,4.477600,Moderate,,,,,,580446.000000,67,172,40,11.542848085782312,29.632386130665036,6.8912525885267533,Low,Very High,Very High,500,4,5,1,0.800000,1.000000,0.200000,,,
2024/2025,18-64 yrs,Greater Sierra-Sacramento,01/04/2025,1,2025,126,4991,2.5245441795231418,Very Low,1107,4889,22.642700,Very High,145,3162,4.585700,Moderate,,,,,,1793656.000000,23,88,20,1.2822971628896511,4.9061804493169259,1.1150410112083922,Very Low,Moderate,Low,12,0,0,0,0.000000,0.000000,0.000000,,,
2024/2025,0-17 yrs,Rural North,01/04/2025,1,2025,2,253,0.79051383399209485,Very Low,78,378,20.634900,High,57,248,22.983900,Very High,,,,,,147863.000000,0,0,5,0,0,3.3815085585981621,Very Low,Very Low,Very High,3,0,0,0,0.000000,0.000000,0.000000,,,
2024/2025,0-17 yrs,Bay Area,01/11/2025,2,2025,104,9098,1.1431083754671356,Very Low,2902,7885,36.804100,Very High,1111,6412,17.326900,Very High,,,,,,1670512.000000,3,34,54,0.17958565996532799,2.0353041462737176,3.2325418793759035,Very Low,Low,Very High,16,0,1,0,0.000000,6.250000,0.000000,,,
2024/2025,>64 yrs,Central California,01/11/2025,2,2025,114,2696,4.2284866468842734,Low,425,3544,11.992100,Moderate,121,2799,4.323000,Moderate,,,,,,580446.000000,42,145,36,7.2358152179530917,24.98079063340948,6.2021273296740782,Low,Very High,Very High,531,5,8,3,0.941620,1.506591,0.564972,,,
2024/2025,0-17 yrs,Greater Sierra-Sacramento,01/11/2025,2,2025,27,2944,0.91711956521739135,Very Low,734,2801,26.204900,Very High,559,2203,25.374500,Very High,,,,,,662349.000000,1,11,41,0.15097780777203559,1.6607558854923914,6.1900901186534592,Very Low,Low,Very High,1,0,0,0,0.000000,0.000000,0.000000,,,
2024/2025,>64 yrs,Greater Sierra-Sacramento,01/11/2025,2,2025,92,2385,3.8574423480083859,Low,358,2857,12.530600,Moderate,124,2248,5.516000,Moderate,,,,,,525440.000000,53,140,30,10.086784409257003,26.644336175395861,5.7095006090133982,Low,Very High,Very High,45,1,0,0,2.222222,0.000000,0.000000,,,
2024/2025,18-64 yrs,Los Angeles,01/11/2025,2,2025,521,19392,2.6866749174917492,Very Low,3827,13583,28.174900,Very High,252,7443,3.385700,Low,,,,,,6240953.000000,100,298,35,1.6023193893624899,4.7749117803002203,0.56081178627687145,Very Low,Moderate,Low,362,0,5,0,0.000000,1.381215,0.000000,,,
2024/2025,>64 yrs,Los Angeles,01/11/2025,2,2025,389,12870,3.0225330225330227,Low,1268,8764,14.468300,Moderate,181,6104,2.965300,Low,,,,,,1608433.000000,241,436,65,14.983527445656735,27.107128490897662,4.0412003484136427,Moderate,Very High,Very High,1188,14,30,2,1.178451,2.525253,0.168350,,,
2024/2025,>64 yrs,Southern California,01/11/2025,2,2025,492,9616,5.1164725457570714,Low,1662,10037,16.558700,High,238,4703,5.060600,Moderate,,,,,,2059864.000000,224,720,90,10.874504336208604,34.95376393781337,4.3692204922266713,Low,Very High,Very High,1715,15,38,1,0.874636,2.215743,0.058309,,,
2024/2025,0-17 yrs,Bay Area,01/18/2025,3,2025,136,11004,1.2359142130134497,Very Low,4617,10087,45.771800,Very High,1081,7761,13.928600,Very High,,,,,,1670512.000000,7,46,61,0.41903320658576532,2.7536467861350293,3.6515750859616691,Very Low,Low,Very High,9,0,1,0,0.000000,11.111111,0.000000,,,
2024/2025,>64 yrs,Bay Area,01/18/2025,3,2025,313,8911,3.5125126248456962,Low,1411,8050,17.528000,High,370,7102,5.209800,Moderate,,,,,,1498910.000000,119,417,112,7.9391024144211464,27.820216023643852,7.472096390043431,Low,Very High,Very High,994,11,11,2,1.106640,1.106640,0.201207,,,
2024/2025,0-17 yrs,Southern California,01/25/2025,4,2025,196,9072,2.1604938271604937,Very Low,3187,8018,39.748100,Very High,829,4919,16.853000,Very High,,,,,,2904951.000000,27,166,163,0.92944769120029913,5.7143821014536904,5.6111101357647684,Very Low,Moderate,Very High,21,0,1,1,0.000000,4.761905,4.761905,,,
2024/2025,18-64 yrs,Greater Sierra-Sacramento,02/01/2025,5,2025,114,5849,1.9490511198495468,Very Low,2325,6308,36.858000,Very High,131,3949,3.317300,Low,,,,,,1793656.000000,17,153,17,0.94778485952713343,8.5300637357442017,0.94778485952713343,Very Low,High,Low,9,0,0,0,0.000000,0.000000,0.000000,,,
2024/2025,18-64 yrs,Southern California,02/08/2025,6,2025,875,22060,3.9664551223934725,Low,3222,14060,22.916100,Very High,224,6460,3.467500,Low,,,,,,7875686.000000,90,374,57,1.142757595973227,4.7487926765998543,0.72374647744971043,Very Low,Moderate,Low,441,0,13,2,0.000000,2.947846,0.453515,,,
2024/2025,18-64 yrs,Los Angeles,02/15/2025,7,2025,413,21462,1.9243313763861707,Very Low,1909,16317,11.699500,Moderate,199,10112,1.968000,Low,,,,,,6240953.000000,116,210,21,1.8586904916604883,3.3648707176612294,0.33648707176612286,Very Low,Low,Very Low,283,2,3,1,0.706714,1.060071,0.353357,,,
2024/2025,>64 yrs,Rural North,02/15/2025,7,2025,15,459,3.2679738562091507,Low,182,899,20.244700,High,25,485,5.154600,Moderate,,,,,,148325.000000,18,56,11,12.135513231080397,37.754930052250131,7.4161469745491324,Low,Very High,Very High,155,1,3,0,0.645161,1.935484,0.000000,,,
2024/2025,>64 yrs,Central California,02/22/2025,8,2025,70,2432,2.8782894736842106,Very Low,405,3382,11.975200,Moderate,100,2412,4.145900,Moderate,,,,,,580446.000000,28,135,44,4.8238768119687272,23.257977486277792,7.5803778473794292,Low,Very High,Very High,522,3,6,2,0.574713,1.149425,0.383142,,,
2024/2025,>64 yrs,Greater Sierra-Sacramento,02/22/2025,8,2025,65,2450,2.6530612244897958,Very Low,530,3320,15.963900,High,91,2352,3.869000,Low,,,,,,525440.000000,29,163,28,5.5191839220462855,31.021619975639464,5.3288672350791719,Low,Very High,Very High,53,0,0,0,0.000000,0.000000,0.000000,,,
2024/2025,18-64 yrs,Rural North,02/22/2025,8,2025,9,802,1.1221945137157108,Very Low,262,1157,22.644800,Very High,28,503,5.566600,Moderate,,,,,,384002.000000,1,21,2,0.26041531033692533,5.4687215170754326,0.52083062067385066,Very Low,Moderate,Low,42,0,4,0,0.000000,9.523810,0.000000,,,
2024/2025,0-17 yrs,Bay Area,03/01/2025,9,2025,77,9509,0.80975917551793042,Very Low,2623,8439,31.081900,Very High,493,6689,7.370300,High,,,,,,1670512.000000,3,49,26,0.17958565996532799,2.9332324461003574,1.5564090530328427,Very Low,Low,Moderate,5,0,0,0,0.000000,0.000000,0.000000,,,
2024/2025,18-64 yrs,Greater Sierra-Sacramento,03/01/2025,9,2025,80,4533,1.7648356496801236,Very Low,937,4788,19.569800,High,92,2959,3.109200,Low,,,,,,1793656.000000,27,77,12,1.5053053651313295,4.2929078931523099,0.66902460672503539,Very Low,Moderate,Low,17,0,0,0,0.000000,0.000000,0.000000,,,
2024/2025,18-64 yrs,Rural North,03/01/2025,9,2025,22,707,3.1117397454031117,Low,158,1002,15.768500,High,27,475,5.684200,Moderate,,,,,,384002.000000,1,17,1,0.26041531033692533,4.4270602757277304,0.26041531033692533,Very Low,Moderate,Very Low,38,0,1,0,0.000000,2.631579,0.000000,,,
2024/2025,0-17 yrs,Central California,03/08/2025,10,2025,46,4073,1.1293886570095752,Very Low,979,4315,22.688300,Very High,419,3199,13.097800,Very High,,,,,,1224522.000000,2,4,14,0.16332903777963972,0.32665807555927945,1.1433032644574781,Very Low,Very Low,Low,10,0,0,2,0.000000,0.000000,20.000000,,,
2024/2025,18-64 yrs,Greater Sierra-Sacramento,03/08/2025,10,2025,80,3744,2.1367521367521367,Very Low,526,3891,13.518400,Moderate,85,2373,3.582000,Low,,,,,,1793656.000000,30,46,15,1.6725615168125885,2.5645943257793022,0.83628075840629423,Very Low,Low,Low,15,0,0,0,0.000000,0.000000,0.000000,,,
2024/2025,0-17 yrs,Bay Area,03/15/2025,11,2025,90,8264,1.0890609874152952,Very Low,1895,7427,25.515000,Very High,317,5773,5.491100,Moderate,,,,,,1670512.000000,4,24,26,0.23944754662043732,1.4366852797226239,1.5564090530328427,Very Low,Low,Moderate,7,0,0,0,0.000000,0.000000,0.000000,,,
2024/2025,>64 yrs,Bay Area,03/15/2025,11,2025,217,7225,3.003460207612457,Low,352,6297,5.590000,Low,111,5627,1.972600,Low,,,,,,1498910.000000,74,105,33,4.9369208291358389,7.0050903656657173,2.2015998292092251,Low,High,High,912,6,8,1,0.657895,0.877193,0.109649,,,
2024/2025,18-64 yrs,Central California,03/15/2025,11,2025,134,5414,2.4750646472109348,Very Low,681,5346,12.738500,Moderate,95,3574,2.658100,Low,,,,,,2636654.000000,11,39,7,0.417195430268818,1.4791474345894455,0.26548800108015685,Very Low,Low,Very Low,149,1,2,0,0.671141,1.342282,0.000000,,,
2024/2025,>64 yrs,Central California,03/15/2025,11,2025,69,2114,3.2639545884578998,Low,129,2561,5.037100,Low,82,1912,4.288700,Moderate,,,,,,580446.000000,26,41,25,4.4793141825423897,7.0635339032399216,4.3070328678292213,Low,High,Very High,466,2,6,1,0.429185,1.287554,0.214592,,,
2024/2025,>64 yrs,Los Angeles,03/15/2025,11,2025,275,14898,1.845885353738757,Very Low,265,7482,3.541800,Low,73,5796,1.259500,Low,,,,,,1608433.000000,146,176,35,9.077157705667565,10.942327097243094,2.1760309568381153,Low,Very High,High,964,7,7,1,0.726141,0.726141,0.103734,,,
2024/2025,18-64 yrs,Greater Sierra-Sacramento,03/22/2025,12,2025,80,3597,2.2240756185710318,Very Low,403,3653,11.032000,Moderate,45,2203,2.042700,Low,,,,,,1793656.000000,15,28,10,0.83628075840629423,1.5610574156917489,0.55752050560419608,Very Low,Low,Low,14,0,0,0,0.000000,0.000000,0.000000,,,
2024/2025,>64 yrs,Greater Sierra-Sacramento,03/22/2025,12,2025,68,1774,3.8331454340473505,Low,111,2381,4.661900,Low,48,1588,3.022700,Low,,,,,,525440.000000,28,35,12,5.3288672350791719,6.6610840438489651,2.2838002436053593,Low,High,High,51,1,0,0,1.960784,0.000000,0.000000,,,
2023/2024,>64 yrs,Los Angeles,03/30/2024,13,2024,216,10327,2.0916045318098186,Very Low,61,4439,1.374200,Very Low,39,2997,1.301300,Low,,,,,,1558959.000000,110,,,7.0559905680649697,,,Low,,,951,7,0,0,0.736067,0.000000,0.000000,,,
2023/2024,18-64 yrs,Southern California,03/30/2024,13,2024,269,13753,1.9559368864974915,Very Low,336,6674,5.034500,Low,30,3279,0.914900,Very Low,,,,,,7861790.000000,53,,,0.67414672739923098,,,Very Low,,,386,0,0,0,0.000000,0.000000,0.000000,,,
2023/2024,0-17 yrs,Central California,04/06/2024,14,2024,51,3789,1.3460015835312746,Very Low,178,2304,7.725700,Low,30,1987,1.509800,Low,,,,,,1246767.000000,1,,,0.080207448544917001,,,Very Low,,,12,0,0,0,0.000000,0.000000,0.000000,,,
2023/2024,18-64 yrs,Rural North,04/06/2024,14,2024,23,724,3.1767955801104977,Low,31,472,6.567800,Low,2,308,0.649400,Very Low,,,,,,386509.000000,2,,,0.517452374977038,,,Very Low,,,43,0,1,0,0.000000,2.325581,0.000000,,,
2023/2024,>64 yrs,Rural North,04/06/2024,14,2024,25,335,7.4626865671641784,Low,6,387,1.550400,Very Low,9,316,2.848100,Low,,,,,,146162.000000,17,,,11.630930063901699,,,Low,,,109,1,1,0,0.917431,0.917431,0.000000,,,
2023/2024,>64 yrs,Southern California,04/06/2024,14,2024,212,6716,3.1566408576533651,Low,68,5208,1.305700,Very Low,27,2902,0.930400,Very Low,,,,,,1990514.000000,97,,,4.8731131757927804,,,Low,,,1375,12,0,0,0.872727,0.000000,0.000000,,,
2023/2024,0-17 yrs,Bay Area,04/13/2024,15,2024,83,10665,0.77824660103141119,Very Low,291,5007,5.811900,Low,47,4241,1.108200,Low,,,,,,1696702.000000,2,,,0.117875737754774,,,Very Low,,,10,0,0,0,0.000000,0.000000,0.000000,,,
2023/2024,18-64 yrs,Rural North,04/13/2024,15,2024,26,701,3.7089871611982885,Low,27,447,6.040300,Low,0,325,0.000000,Very Low,,,,,,386509.000000,6,,,1.5523571249311101,,,Very Low,,,25,0,0,0,0.000000,0.000000,0.000000,,,
2023/2024,0-17 yrs,Southern California,04/13/2024,15,2024,75,6254,1.1992324912056282,Very Low,203,3345,6.068800,Low,33,2552,1.293100,Low,,,,,,2950125.000000,17,,,0.57624676920469498,,,Very Low,,,25,0,0,0,0.000000,0.000000,0.000000,,,
2023/2024,>64 yrs,Bay Area,04/20/2024,16,2024,291,9451,3.0790392551052799,Low,133,6781,1.961400,Very Low,11,6132,0.179400,Very Low,,,,,,1450195.000000,159,,,10.9640427666624,,,Low,,,850,4,1,0,0.470588,0.117647,0.000000,,,
2023/2024,>64 yrs,Central California,04/20/2024,16,2024,105,2351,4.4661846022968952,Low,28,1700,1.647100,Very Low,2,1311,0.152600,Very Low,,,,,,565180.000000,54,,,9.5544782193283595,,,Low,,,455,6,0,0,1.318681,0.000000,0.000000,,,
2023/2024,18-64 yrs,Bay Area,04/27/2024,17,2024,415,27936,1.4855383734249712,Very Low,336,11031,3.046000,Low,16,9553,0.167500,Very Low,,,,,,5244977.000000,70,,,1.33461023756634,,,Very Low,,,230,2,0,0,0.869565,0.000000,0.000000,,,
2023/2024,0-17 yrs,Central California,04/27/2024,17,2024,55,3680,1.4945652173913044,Very Low,160,2185,7.322700,Low,4,1789,0.223600,Very Low,,,,,,1246767.000000,1,,,0.080207448544917001,,,Very Low,,,13,0,0,0,0.000000,0.000000,0.000000,,,
2023/2024,18-64 yrs,Los Angeles,04/27/2024,17,2024,234,14200,1.6478873239436622,Very Low,254,5716,4.443700,Low,9,3183,0.282800,Very Low,,,,,,6291153.000000,54,,,0.85834822329070704,,,Very Low,,,306,2,0,0,0.653595,0.000000,0.000000,,,
2023/2024,0-17 yrs,Bay Area,05/04/2024,18,2024,111,9643,1.1510940578658095,Very Low,185,4134,4.475100,Low,15,3450,0.434800,Very Low,,,,,,1696702.000000,0,,,0,,,Very Low,,,7,0,0,0,0.000000,0.000000,0.000000,,,
2023/2024,>64 yrs,Bay Area,05/04/2024,18,2024,335,8983,3.7292663920739177,Low,74,5148,1.437500,Very Low,5,4752,0.105200,Very Low,,,,,,1450195.000000,186,,,12.825861349680601,,,Low,,,817,13,2,0,1.591187,0.244798,0.000000,,,
2023/2024,0-17 yrs,Los Angeles,05/04/2024,18,2024,67,4263,1.5716631480178278,Very Low,153,2725,5.614700,Low,15,1760,0.852300,Very Low,,,,,,1975596.000000,3,,,0.15185290919803399,,,Very Low,,,8,0,0,0,0.000000,0.000000,0.000000,,,
2023/2024,>64 yrs,Rural North,05/04/2024,18,2024,15,276,5.4347826086956523,Low,5,327,1.529100,Very Low,0,250,0.000000,Very Low,,,,,,146162.000000,9,,,6.1575512103009,,,Low,,,114,1,0,0,0.877193,0.000000,0.000000,,,
2023/2024,18-64 yrs,Southern California,05/04/2024,18,2024,291,12749,2.2825319632912384,Very Low,239,5506,4.340700,Low,10,2652,0.377100,Very Low,,,,,,7861790.000000,42,,,0.53422948208995702,,,Very Low,,,361,2,1,0,0.554017,0.277008,0.000000,,,
2023/2024,0-17 yrs,Rural North,05/11/2024,19,2024,4,268,1.4925373134328357,Very Low,18,253,7.114600,Low,2,181,1.105000,Low,,,,,,151044.000000,0,,,0,,,Very Low,,,3,0,0,0,0.000000,0.000000,0.000000,,,
2023/2024,>64 yrs,Greater Sierra-Sacramento,05/18/2024,20,2024,116,1663,6.9753457606734823,Low,22,1148,1.916400,Very Low,1,802,0.124700,Very Low,,,,,,510647.000000,79,,,15.470569689041501,,,Moderate,,,42,2,0,0,4.761905,0.000000,0.000000,,,
2023/2024,18-64 yrs,Los Angeles,05/18/2024,20,2024,316,14211,2.2236295827176131,Very Low,161,5410,2.976000,Low,5,2984,0.167600,Very Low,,,,,,6291153.000000,41,,,0.65170883620220299,,,Very Low,,,286,4,0,0,1.398601,0.000000,0.000000,,,
2023/2024,18-64 yrs,Southern California,05/18/2024,20,2024,372,12713,2.9261385982852199,Very Low,185,5466,3.384600,Low,10,2654,0.376800,Very Low,,,,,,7861790.000000,18,,,0.22895549232426701,,,Very Low,,,370,0,1,0,0.000000,0.270270,0.000000,,,
2023/2024,>64 yrs,Bay Area,05/25/2024,21,2024,568,8227,6.9040962683845883,Low,56,4435,1.262700,Very Low,7,3903,0.179300,Very Low,,,,,,1450195.000000,187,,,12.894817593496001,,,Low,,,842,16,0,1,1.900238,0.000000,0.118765,,,
2023/2024,18-64 yrs,Central California,05/25/2024,21,2024,220,7234,3.0411943599668234,Low,122,2397,5.089700,Low,1,1569,0.063700,Very Low,,,,,,2620187.000000,35,,,1.33578252239249,,,Very Low,,,147,1,0,0,0.680272,0.000000,0.000000,,,
2023/2024,18-64 yrs,Rural North,05/25/2024,21,2024,37,529,6.9943289224952743,Low,9,320,2.812500,Low,0,176,0.000000,Very Low,,,,,,386509.000000,0,,,0,,,Very Low,,,35,2,0,0,5.714286,0.000000,0.000000,,,
2023/2024,0-17 yrs,Bay Area,06/01/2024,22,2024,185,8831,2.094892990601291,Very Low,189,3235,5.842300,Low,7,2533,0.276400,Very Low,,,,,,1696702.000000,9,,,0.53044081989648195,,,Very Low,,,10,0,0,0,0.000000,0.000000,0.000000,,,
2023/2024,>64 yrs,Greater Sierra-Sacramento,06/01/2024,22,2024,177,1513,11.698612029081296,Moderate,25,1048,2.385500,Low,0,667,0.000000,Very Low,,,,,,510647.000000,92,,,18.016359637871201,,,Moderate,,,44,1,0,0,2.272727,0.000000,0.000000,,,
2023/2024,18-64 yrs,Los Angeles,06/01/2024,22,2024,464,15876,2.922650541698161,Very Low,209,5515,3.789700,Low,4,3017,0.132600,Very Low,,,,,,6291153.000000,49,,,0.77887153594897496,,,Very Low,,,340,2,0,0,0.588235,0.000000,0.000000,,,
2023/2024,18-64 yrs,Rural North,06/01/2024,22,2024,32,550,5.8181818181818183,Low,5,335,1.492500,Very Low,0,193,0.000000,Very Low,,,,,,386509.000000,1,,,0.258726187488519,,,Very Low,,,32,0,0,0,0.000000,0.000000,0.000000,,,
2023/2024,18-64 yrs,Southern California,06/01/2024,22,2024,507,11579,4.3786164608342695,Low,215,5614,3.829700,Low,2,2689,0.074400,Very Low,,,,,,7861790.000000,30,,,0.38159248720711197,,,Very Low,,,374,0,0,0,0.000000,0.000000,0.000000,,,
2023/2024,0-17 yrs,Central California,06/08/2024,23,2024,97,2844,3.4106891701828408,Low,126,1638,7.692300,Low,1,1230,0.081300,Very Low,,,,,,1246767.000000,0,,,0,,,Very Low,,,7,0,0,0,0.000000,0.000000,0.000000,,,
2023/2024,18-64 yrs,Greater Sierra-Sacramento,06/08/2024,23,2024,287,3454,8.3092067168500297,Moderate,89,1527,5.828400,Low,0,867,0.000000,Very Low,,,,,,1788686.000000,24,,,1.3417670848880101,,,Very Low,,,18,0,0,0,0.000000,0.000000,0.000000,,,
2023/2024,>64 yrs,Central California,06/15/2024,24,2024,187,2087,8.960229995208433,Moderate,15,1243,1.206800,Very Low,4,893,0.447900,Very Low,,,,,,565180.000000,90,,,15.924130365547301,,,Moderate,,,461,1,0,0,0.216920,0.000000,0.000000,,,
2023/2024,0-17 yrs,Southern California,06/15/2024,24,2024,123,3763,3.2686686154663831,Low,82,2328,3.522300,Low,13,1835,0.708400,Very Low,,,,,,2950125.000000,1,,,0.033896868776746997,,,Very Low,,,17,0,0,0,0.000000,0.000000,0.000000,,,
2023/2024,18-64 yrs,Rural North,06/22/2024,25,2024,65,529,12.287334593572778,Moderate,4,307,1.302900,Very Low,0,167,0.000000,Very Low,,,,,,386509.000000,2,,,0.517452374977038,,,Very Low,,,33,1,0,0,3.030303,0.000000,0.000000,,,
2023/2024,>64 yrs,Rural North,06/22/2024,25,2024,43,264,16.287878787878789,High,5,216,2.314800,Low,0,144,0.000000,Very Low,,,,,,146162.000000,2,,,1.3683447134002,,,Very Low,,,130,2,1,0,1.538462,0.769231,0.000000,,,
2023/2024,0-17 yrs,Bay Area,06/29/2024,26,2024,326,7252,4.495311638168781,Low,104,2579,4.032600,Low,7,2091,0.334800,Very Low,,,,,,1696702.000000,15,,,0.88406803316080196,,,Very Low,,,4,0,0,0,0.000000,0.000000,0.000000,,,
2024/2025,>64 yrs,Los Angeles,07/06/2024,27,2024,817,12361,6.6094976134616941,Low,57,3970,1.435800,Very Low,0,2562,0.000000,Very Low,,,,,,1608433.000000,246,,,15.2943890109193,,,Moderate,,,939,11,0,0,1.171459,0.000000,0.000000,,,
2024/2025,>64 yrs,Bay Area,07/13/2024,28,2024,1443,10269,14.052001168565587,High,78,4597,1.696800,Very Low,19,3941,0.482100,Very Low,,,,,,1498910.000000,482,,,32.156700535722599,,,Very High,,,849,18,2,0,2.120141,0.235571,0.000000,,,
2024/2025,18-64 yrs,Greater Sierra-Sacramento,07/20/2024,29,2024,671,3976,16.876257545271631,High,14,1479,0.946600,Very Low,0,851,0.000000,Very Low,,,,,,1793656.000000,40,,,2.2300820224167799,,,Very Low,,,10,0,0,0,0.000000,0.000000,0.000000,,,
2024/2025,>64 yrs,Greater Sierra-Sacramento,07/20/2024,29,2024,422,1870,22.566844919786096,Very High,10,1057,0.946100,Very Low,2,683,0.292800,Very Low,,,,,,525440.000000,177,,,33.686053593179103,,,Very High,,,46,1,0,0,2.173913,0.000000,0.000000,,,
2024/2025,18-64 yrs,Los Angeles,07/20/2024,29,2024,1869,18710,9.989310529128808,Moderate,110,6130,1.794500,Very Low,2,3414,0.058600,Very Low,,,,,,6240953.000000,154,,,2.4675718596182299,,,Very Low,,,308,3,0,0,0.974026,0.000000,0.000000,,,
2024/2025,0-17 yrs,Southern California,07/20/2024,29,2024,576,3780,15.238095238095239,High,67,2181,3.072000,Low,8,1624,0.492600,Very Low,,,,,,2904951.000000,30,,,1.0327196568892201,,,Very Low,,,11,0,0,0,0.000000,0.000000,0.000000,,,
2024/2025,18-64 yrs,Rural North,07/27/2024,30,2024,112,598,18.729096989966553,Very High,1,315,0.317500,Very Low,1,184,0.543500,Very Low,,,,,,384002.000000,4,,,1.0416612413477,,,Very Low,,,23,0,0,0,0.000000,0.000000,0.000000,,,
2024/2025,0-17 yrs,Southern California,07/27/2024,30,2024,654,3944,16.582150101419877,High,33,2357,1.400100,Very Low,6,1727,0.347400,Very Low,,,,,,2904951.000000,38,,,1.30811156539301,,,Very Low,,,20,0,0,0,0.000000,0.000000,0.000000,,,
2024/2025,>64 yrs,Southern California,07/27/2024,30,2024,1408,7607,18.509267779676613,Very High,41,5281,0.776400,Very Low,2,2546,0.078600,Very Low,,,,,,2059864.000000,446,,,21.6519148837011,,,Moderate,,,1341,24,1,0,1.789709,0.074571,0.000000,,,
2024/2025,>64 yrs,Central California,08/03/2024,31,2024,474,2706,17.516629711751662,Very High,9,1382,0.651200,Very Low,0,959,0.000000,Very Low,,,,,,580446.000000,175,,,30.1492300748045,,,High,,,441,9,0,0,2.040816,0.000000,0.000000,,,
2024/2025,18-64 yrs,Rural North,08/03/2024,31,2024,129,706,18.271954674220964,Very High,1,327,0.305800,Very Low,0,194,0.000000,Very Low,,,,,,384002.000000,3,,,0.781245931010776,,,Very Low,,,25,0,0,0,0.000000,0.000000,0.000000,,,
2024/2025,>64 yrs,Southern California,08/10/2024,32,2024,1584,8220,19.270072992700729,Very High,44,5624,0.782400,Very Low,2,2798,0.071500,Very Low,,,,,,2059864.000000,662,,,32.138044065045101,,,Very High,,,1385,32,0,0,2.310469,0.000000,0.000000,,,
2024/2025,>64 yrs,Southern California,08/24/2024,34,2024,1532,8152,18.792934249263986,Very High,47,5377,0.874100,Very Low,1,2734,0.036600,Very Low,,,,,,2059864.000000,743,,,36.070342508049102,,,Very High,,,1335,39,1,0,2.921348,0.074906,0.000000,,,
2024/2025,>64 yrs,Greater Sierra-Sacramento,08/31/2024,35,2024,412,2055,20.048661800486617,Very High,4,974,0.410700,Very Low,0,635,0.000000,Very Low,,,,,,525440.000000,196,,,37.302070645554203,,,Very High,,,48,1,0,0,2.083333,0.000000,0.000000,,,
2024/2025,0-17 yrs,Southern California,08/31/2024,35,2024,881,5851,15.057255170056399,High,57,3361,1.695900,Very Low,12,2391,0.501900,Very Low,,,,,,2904951.000000,47,,,1.6179274624597799,,,Very Low,,,14,0,0,0,0.000000,0.000000,0.000000,,,
2024/2025,18-64 yrs,Bay Area,09/07/2024,36,2024,1064,15587,6.8262013216141657,Low,76,3511,2.164600,Low,1,2435,0.041100,Very Low,,,,,,5222531.000000,151,,,2.8913184048117699,,,Very Low,,,195,1,0,0,0.512821,0.000000,0.000000,,,
2024/2025,>64 yrs,Bay Area,09/07/2024,36,2024,796,7382,10.782985640747764,Moderate,27,2453,1.100700,Very Low,1,1955,0.051200,Very Low,,,,,,1498910.000000,424,,,28.287222048021601,,,High,,,822,27,1,0,3.284672,0.121655,0.000000,,,
2024/2025,18-64 yrs,Greater Sierra-Sacramento,09/07/2024,36,2024,525,4020,13.059701492537313,High,33,1634,2.019600,Low,1,990,0.101000,Very Low,,,,,,1793656.000000,76,,,4.23715584259189,,,Low,,,8,0,0,0,0.000000,0.000000,0.000000,,,
2024/2025,>64 yrs,Southern California,09/07/2024,36,2024,1233,7667,16.081909482196426,High,67,5254,1.275200,Very Low,14,2673,0.523800,Very Low,,,,,,2059864.000000,582,,,28.254292516399101,,,High,,,1290,35,0,0,2.713178,0.000000,0.000000,,,
2024/2025,0-17 yrs,Central California,09/21/2024,38,2024,123,3297,3.7306642402183803,Low,18,1526,1.179600,Very Low,2,1113,0.179700,Very Low,,,,,,1224522.000000,0,,,0,,,Very Low,,,11,0,0,0,0.000000,0.000000,0.000000,,,
2024/2025,>64 yrs,Central California,09/21/2024,38,2024,293,2359,12.420517168291649,Moderate,6,1359,0.441500,Very Low,0,943,0.000000,Very Low,,,,,,580446.000000,117,,,20.156913821440799,,,Moderate,,,453,10,0,1,2.207506,0.000000,0.220751,,,
2024/2025,>64 yrs,Rural North,09/21/2024,38,2024,74,321,23.052959501557631,Very High,3,287,1.045300,Very Low,0,180,0.000000,Very Low,,,,,,148325.000000,17,,,11.461318051575899,,,Low,,,109,1,0,0,0.917431,0.000000,0.000000,,,
2024/2025,18-64 yrs,Bay Area,10/05/2024,40,2024,503,15010,3.3510992671552295,Low,125,5047,2.476700,Low,9,3689,0.244000,Very Low,,,,,,5222531.000000,110,,,2.10625844059135,,,Very Low,,,208,2,0,0,0.961538,0.000000,0.000000,,,
2024/2025,>64 yrs,Bay Area,10/05/2024,40,2024,448,6859,6.5315643679836706,Low,40,3463,1.155100,Very Low,8,2772,0.288600,Very Low,,,,,,1498910.000000,254,,,16.945647170277098,,,Moderate,,,835,18,0,0,2.155689,0.000000,0.000000,,,
2024/2025,>64 yrs,Greater Sierra-Sacramento,10/05/2024,40,2024,235,1673,14.046622833233712,High,12,1360,0.882400,Very Low,0,929,0.000000,Very Low,,,,,,525440.000000,123,,,23.4089524969549,,,High,,,32,0,0,0,0.000000,0.000000,0.000000,,,
2024/2025,0-17 yrs,Rural North,10/05/2024,40,2024,11,267,4.119850187265917,Low,2,223,0.896900,Very Low,1,157,0.636900,Very Low,,,,,,147863.000000,0,,,0,,,Very Low,,,1,0,0,0,0.000000,0.000000,0.000000,,,
2024/2025,0-17 yrs,Los Angeles,10/12/2024,41,2024,85,3918,2.169474221541603,Very Low,56,2670,2.097400,Low,26,1814,1.433300,Low,,,,,,1934637.000000,8,,,0.41351426650064099,,,Very Low,,,10,0,0,0,0.000000,0.000000,0.000000,,,
2024/2025,18-64 yrs,Los Angeles,10/12/2024,41,2024,426,16359,2.6040711534934902,Very Low,78,6091,1.280600,Very Low,7,3845,0.182100,Very Low,,,,,,6240953.000000,77,,,1.2337859298091201,,,Very Low,,,300,5,0,0,1.666667,0.000000,0.000000,,,
2024/2025,0-17 yrs,Central California,10/26/2024,43,2024,39,3346,1.1655708308427972,Very Low,36,1869,1.926200,Very Low,28,1470,1.904800,Low,,,,,,1224522.000000,2,,,0.16332903777964,,,Very Low,,,4,0,0,0,0.000000,0.000000,0.000000,,,
2024/2025,>64 yrs,Los Angeles,10/26/2024,43,2024,202,10374,1.9471756313861575,Very Low,40,4652,0.859800,Very Low,5,3272,0.152800,Very Low,,,,,,1608433.000000,111,,,6.9011267488294497,,,Low,,,965,6,0,0,0.621762,0.000000,0.000000,,,
2024/2025,18-64 yrs,Rural North,10/26/2024,43,2024,28,417,6.7146282973621103,Low,0,371,0.000000,Very Low,1,193,0.518100,Very Low,,,,,,384002.000000,4,,,1.0416612413477,,,Very Low,,,28,0,0,0,0.000000,0.000000,0.000000,,,
2024/2025,0-17 yrs,Bay Area,11/02/2024,44,2024,104,7236,1.4372581536760642,Very Low,192,4373,4.390600,Low,245,3536,6.928700,Moderate,,,,,,1670512.000000,1,1,4,0.059861886655109331,0.059861886655109331,0.23944754662043732,Very Low,Very Low,Very Low,12,0,0,0,0.000000,0.000000,0.000000,,,
2024/2025,0-17 yrs,Greater Sierra-Sacramento,11/02/2024,44,2024,42,1651,2.5439127801332528,Very Low,58,1399,4.145800,Low,40,1023,3.910100,Low,,,,,,662349.000000,0,0,2,0,0,0.30195561554407119,Very Low,Very Low,Very Low,1,0,0,0,0.000000,0.000000,0.000000,,,
2024/2025,18-64 yrs,Rural North,11/02/2024,44,2024,17,375,4.5333333333333332,Low,2,344,0.581400,Very Low,1,166,0.602400,Very Low,,,,,,384002.000000,1,0,0,0.26041531033692533,0,0,Very Low,Very Low,Very Low,42,0,0,0,0.000000,0.000000,0.000000,,,
2024/2025,0-17 yrs,Southern California,11/02/2024,44,2024,64,5158,1.240791004265219,Very Low,131,3510,3.732200,Low,61,2493,2.446900,Low,,,,,,2904951.000000,10,12,11,0.34423988562974039,0.41308786275568843,0.37866387419271441,Very Low,Very Low,Very Low,13,0,0,0,0.000000,0.000000,0.000000,,,
2024/2025,18-64 yrs,Bay Area,11/09/2024,45,2024,276,15930,1.7325800376647833,Very Low,293,7875,3.720600,Low,57,6092,0.935700,Very Low,,,,,,5222531.000000,45,19,6,0.86165118024191711,0.36380827610214284,0.11488682403225561,Very Low,Very Low,Very Low,195,1,0,0,0.512821,0.000000,0.000000,,,
2024/2025,0-17 yrs,Rural North,11/09/2024,45,2024,4,225,1.7777777777777777,Very Low,4,239,1.673600,Very Low,4,140,2.857100,Low,,,,,,147863.000000,1,0,0,0.67630171171963227,0,0,Very Low,Very Low,Very Low,2,0,0,0,0.000000,0.000000,0.000000,,,
2024/2025,>64 yrs,Rural North,11/09/2024,45,2024,20,156,12.820512820512819,Moderate,3,233,1.287600,Very Low,1,152,0.657900,Very Low,,,,,,148325.000000,5,4,2,3.3709758975223325,2.696780718017866,1.348390359008933,Low,Low,Low,120,1,0,0,0.833333,0.000000,0.000000,,,
2024/2025,0-17 yrs,Southern California,11/09/2024,45,2024,69,5770,1.1958405545927209,Very Low,182,3745,4.859800,Low,86,2662,3.230700,Low,,,,,,2904951.000000,12,14,21,0.41308786275568843,0.48193583988163652,0.72290375982245481,Very Low,Very Low,Low,18,0,0,0,0.000000,0.000000,0.000000,,,
2024/2025,18-64 yrs,Greater Sierra-Sacramento,11/16/2024,46,2024,111,3476,3.1933256616800922,Low,102,2762,3.693000,Low,11,1818,0.605100,Very Low,,,,,,1793656.000000,18,9,3,1.0035369100875529,0.50176845504377643,0.16725615168125885,Very Low,Very Low,Very Low,15,0,0,0,0.000000,0.000000,0.000000,,,
2024/2025,18-64 yrs,Rural North,11/16/2024,46,2024,16,437,3.6613272311212817,Low,10,407,2.457000,Low,1,196,0.510200,Very Low,,,,,,384002.000000,6,1,0,1.5624918620215522,0.26041531033692533,0,Very Low,Very Low,Very Low,38,0,0,0,0.000000,0.000000,0.000000,,,
2024/2025,18-64 yrs,Southern California,11/16/2024,46,2024,308,18519,1.6631567579242938,Very Low,445,7215,6.167700,Low,20,2999,0.666900,Very Low,,,,,,7875686.000000,52,49,3,0.66025994434008672,0.62216802447431252,0.038091919865774232,Very Low,Very Low,Very Low,383,1,1,0,0.261097,0.261097,0.000000,,,
2024/2025,>64 yrs,Southern California,11/16/2024,46,2024,263,6108,4.3058284217419782,Low,157,4878,3.218500,Low,8,2459,0.325300,Very Low,,,,,,2059864.000000,123,58,2,5.9712680060431174,2.8157198727682995,0.097093788716148266,Low,Low,Very Low,1421,13,1,1,0.914849,0.070373,0.070373,,,
2024/2025,18-64 yrs,Los Angeles,11/23/2024,47,2024,300,16755,1.7905102954341987,Very Low,887,8476,10.464800,Moderate,44,4707,0.934800,Very Low,,,,,,6240953.000000,56,50,10,0.89729885804299447,0.80115969468124493,0.16023193893624899,Very Low,Very Low,Very Low,335,0,0,0,0.000000,0.000000,0.000000,,,
2024/2025,0-17 yrs,Bay Area,12/07/2024,49,2024,75,7902,0.94912680334092636,Very Low,887,6138,14.451000,Moderate,1050,5017,20.928800,Very High,,,,,,1670512.000000,8,8,56,0.47889509324087465,0.47889509324087465,3.3522656526861225,Very Low,Very Low,Very High,8,1,0,0,12.500000,0.000000,0.000000,,,
2024/2025,18-64 yrs,Greater Sierra-Sacramento,12/07/2024,49,2024,121,3959,3.0563273553927761,Low,329,3491,9.424200,Moderate,31,2172,1.427300,Low,,,,,,1793656.000000,13,26,3,0.72477665728545493,1.4495533145709099,0.16725615168125885,Very Low,Low,Very Low,10,0,1,0,0.000000,10.000000,0.000000,,,
2024/2025,0-17 yrs,Los Angeles,12/07/2024,49,2024,74,5930,1.2478920741989883,Very Low,1042,4581,22.746100,Very High,420,3047,13.784000,Very High,,,,,,1934637.000000,20,91,117,1.0337856662516018,4.7037247814447882,6.0476461475718706,Very Low,Moderate,Very High,16,1,0,0,6.250000,0.000000,0.000000,,,
2024/2025,>64 yrs,Los Angeles,12/07/2024,49,2024,274,11570,2.3681936041486602,Very Low,418,6397,6.534300,Low,42,4421,0.950000,Very Low,,,,,,1608433.000000,174,153,13,10.817982471138057,9.5123638970351898,0.80824006968272843,Low,Very High,Low,1082,6,3,0,0.554529,0.277264,0.000000,,,
2024/2025,0-17 yrs,Bay Area,12/14/2024,50,2024,99,9238,1.0716605325828101,Very Low,1685,7597,22.179800,Very High,1401,6292,22.266400,Very High,,,,,,1670512.000000,2,20,47,0.11972377331021866,1.1972377331021866,2.8135086727901384,Very Low,Low,High,7,0,1,0,0.000000,14.285714,0.000000,,,
2024/2025,18-64 yrs,Greater Sierra-Sacramento,12/14/2024,50,2024,102,3842,2.6548672566371683,Very Low,487,3594,13.550400,Moderate,51,2226,2.291100,Low,,,,,,1793656.000000,27,28,5,1.5053053651313295,1.5610574156917489,0.27876025280209804,Very Low,Low,Very Low,11,0,0,0,0.000000,0.000000,0.000000,,,
2024/2025,18-64 yrs,Los Angeles,12/14/2024,50,2024,334,18255,1.8296357162421253,Very Low,2348,10779,21.783100,Very High,94,5938,1.583000,Low,,,,,,6240953.000000,76,147,16,1.2177627359154923,2.3554095023628601,0.25637110229799842,Very Low,Low,Very Low,311,1,0,0,0.321543,0.000000,0.000000,,,
2024/2025,>64 yrs,Bay Area,12/28/2024,52,2024,278,7637,3.6401728427392954,Low,1136,7523,15.100400,High,269,6473,4.155700,Moderate,,,,,,1498910.000000,109,303,99,7.2719509510244116,20.214689340921069,6.6047994876276768,Low,Very High,Very High,941,9,3,0,0.956429,0.318810,0.000000,,,
2024/2025,0-17 yrs,Central California,12/28/2024,52,2024,57,4752,1.1994949494949494,Very Low,1571,4880,32.192600,Very High,895,3881,23.061100,Very High,,,,,,1224522.000000,1,15,40,0.081664518889819862,1.2249677833472978,3.2665807555927944,Very Low,Low,Very High,8,0,1,0,0.000000,12.500000,0.000000,,,
2024/2025,>64 yrs,Greater Sierra-Sacramento,12/28/2024,52,2024,109,2061,5.2886948083454639,Low,329,2679,12.280700,Moderate,58,1996,2.905800,Low,,,,,,525440.000000,57,113,15,10.848051157125457,21.505785627283799,2.8547503045066991,Low,Very High,High,45,0,0,0,0.000000,0.000000,0.000000,,,
2024/2025,0-17 yrs,Central California,01/11/2025,2,2025,38,4080,0.93137254901960786,Very Low,1101,3862,28.508500,Very High,813,3239,25.100300,Very High,,,,,,1224522.000000,1,15,30,0.081664518889819862,1.2249677833472978,2.4499355666945957,Very Low,Low,High,15,0,0,0,0.000000,0.000000,0.000000,,,
2024/2025,0-17 yrs,Central California,01/18/2025,3,2025,56,4542,1.2329370321444297,Very Low,1721,4546,37.857500,Very High,705,3622,19.464400,Very High,,,,,,1224522.000000,1,12,15,0.081664518889819862,0.9799742266778384,1.2249677833472978,Very Low,Very Low,Low,8,0,0,0,0.000000,0.000000,0.000000,,,
2024/2025,>64 yrs,Central California,01/18/2025,3,2025,84,2454,3.4229828850855744,Low,423,3249,13.019400,Moderate,116,2489,4.660500,Moderate,,,,,,580446.000000,34,135,31,5.8575647002477407,23.257977486277792,5.3407207561082339,Low,Very High,Very High,530,2,4,1,0.377358,0.754717,0.188679,,,
2024/2025,0-17 yrs,Los Angeles,01/18/2025,3,2025,149,6309,2.361705500079252,Very Low,2498,5851,42.693600,Very High,424,3387,12.518500,Very High,,,,,,1934637.000000,14,79,35,0.72364996637612122,4.0834533816938263,1.8091249159403029,Very Low,Moderate,Moderate,12,0,0,0,0.000000,0.000000,0.000000,,,
2024/2025,>64 yrs,Southern California,01/18/2025,3,2025,458,9307,4.9210271838401205,Low,1829,9661,18.931800,High,190,4694,4.047700,Moderate,,,,,,2059864.000000,195,759,72,9.4666443998244549,36.847092817778261,3.4953763937813367,Low,Very High,Very High,1646,17,44,4,1.032807,2.673147,0.243013,,,
2024/2025,18-64 yrs,Rural North,01/25/2025,4,2025,19,659,2.8831562974203337,Very Low,272,1010,26.930700,Very High,19,444,4.279300,Moderate,,,,,,384002.000000,1,28,3,0.26041531033692533,7.2916286894339084,0.78124593101077611,Very Low,High,Low,43,0,1,0,0.000000,2.325581,0.000000,,,
2024/2025,>64 yrs,Rural North,01/25/2025,4,2025,11,271,4.0590405904059041,Low,123,631,19.492900,High,14,290,4.827600,Moderate,,,,,,148325.000000,8,25,3,5.393561436035732,16.854879487611665,2.0225855385133995,Low,Very High,High,129,0,0,1,0.000000,0.000000,0.775194,,,
2024/2025,0-17 yrs,Los Angeles,02/01/2025,5,2025,190,8206,2.3153789909822078,Very Low,3035,7240,41.919900,Very High,523,4548,11.499600,Very High,,,,,,1934637.000000,14,85,59,0.72364996637612122,4.3935890815693073,3.0496677154422249,Very Low,Moderate,Very High,8,0,2,0,0.000000,25.000000,0.000000,,,
2024/2025,>64 yrs,Greater Sierra-Sacramento,02/08/2025,6,2025,104,2488,4.180064308681672,Low,713,3472,20.535700,High,113,2552,4.427900,Moderate,,,,,,525440.000000,62,260,42,11.799634591961023,49.48233861144945,7.9933008526187574,Low,Very High,Very High,43,0,1,0,0.000000,2.325581,0.000000,,,
2024/2025,>64 yrs,Los Angeles,02/08/2025,6,2025,445,15431,2.883805326939278,Very Low,989,9869,10.021300,Moderate,151,7167,2.106900,Low,,,,,,1608433.000000,216,429,57,13.429219619343796,26.671922299530038,3.5438218439935021,Moderate,Very High,Very High,1138,21,19,3,1.845343,1.669596,0.263620,,,
2024/2025,0-17 yrs,Southern California,02/08/2025,6,2025,217,9663,2.245679395632826,Very Low,2860,8339,34.296700,Very High,951,5321,17.872600,Very High,,,,,,2904951.000000,22,125,162,0.75732774838542882,4.3029985703717557,5.5766861472017943,Very Low,Moderate,Very High,22,1,1,0,4.545455,4.545455,0.000000,,,
2024/2025,18-64 yrs,Bay Area,02/15/2025,7,2025,342,21022,1.6268670916183046,Very Low,4584,16604,27.607800,Very High,359,12673,2.832800,Low,,,,,,5222531.000000,27,237,27,0.51699070814515036,4.5380295492740972,0.51699070814515036,Very Low,Moderate,Low,231,0,7,0,0.000000,3.030303,0.000000,,,
2024/2025,>64 yrs,Bay Area,02/15/2025,7,2025,274,9306,2.9443369868901783,Very Low,1447,8813,16.418900,High,215,7553,2.846600,Low,,,,,,1498910.000000,107,418,72,7.1385206583450644,27.886931169983523,4.8034905364564917,Low,Very High,Very High,1011,7,22,7,0.692384,2.176063,0.692384,,,
2024/2025,0-17 yrs,Southern California,02/15/2025,7,2025,133,7726,1.7214600051773232,Very Low,1990,7309,27.226700,Very High,852,4454,19.128900,Very High,,,,,,2904951.000000,19,133,169,0.65405578269650677,4.578390478875547,5.8176540671426125,Very Low,Moderate,Very High,19,1,3,0,5.263158,15.789474,0.000000,,,
2024/2025,>64 yrs,Rural North,02/22/2025,8,2025,11,427,2.5761124121779861,Very Low,142,852,16.666700,High,26,456,5.701800,Moderate,,,,,,148325.000000,8,41,8,5.393561436035732,27.642002359683129,5.393561436035732,Low,Very High,Very High,138,3,7,0,2.173913,5.072464,0.000000,,,
2024/2025,>64 yrs,Greater Sierra-Sacramento,03/01/2025,9,2025,68,2159,3.1496062992125982,Low,315,2913,10.813600,Moderate,74,2036,3.634600,Low,,,,,,525440.000000,44,107,24,8.3739342265529846,20.363885505481122,4.5676004872107185,Low,Very High,Very High,61,1,1,1,1.639344,1.639344,1.639344,,,
2024/2025,>64 yrs,Los Angeles,03/01/2025,9,2025,265,12242,2.1646789740238521,Very Low,322,7661,4.203100,Low,100,5575,1.793700,Low,,,,,,1608433.000000,188,118,29,11.688394853873305,7.3363329401970745,1.8029970785230096,Low,High,Moderate,1053,7,9,0,0.664767,0.854701,0.000000,,,
2024/2025,>64 yrs,Bay Area,03/08/2025,10,2025,167,7012,2.381631488876212,Very Low,453,6315,7.173400,Low,156,5612,2.779800,Low,,,,,,1498910.000000,66,125,42,4.4031996584184503,8.3393932924591869,2.8020361462662868,Low,High,High,902,5,10,1,0.554324,1.108647,0.110865,,,
2024/2025,>64 yrs,Central California,03/08/2025,10,2025,66,1960,3.3673469387755102,Low,145,2732,5.307500,Low,97,2082,4.659000,Moderate,,,,,,580446.000000,29,65,20,4.9961581266818964,11.198285456355974,3.4456262942633766,Low,Very High,Very High,484,1,6,2,0.206612,1.239669,0.413223,,,
2024/2025,0-17 yrs,Rural North,03/08/2025,10,2025,5,429,1.1655011655011656,Very Low,83,581,14.285700,Moderate,91,377,24.137900,Very High,,,,,,147863.000000,1,0,3,0.67630171171963227,0,2.0289051351588969,Very Low,Very Low,High,1,0,0,0,0.000000,0.000000,0.000000,,,
2024/2025,18-64 yrs,Bay Area,03/22/2025,12,2025,332,15159,2.1901180816676562,Very Low,1215,10460,11.615700,Moderate,120,8416,1.425900,Low,,,,,,5222531.000000,27,51,17,0.51699070814515036,0.97653800427417281,0.32551266809139096,Very Low,Very Low,Very Low,214,2,2,1,0.934579,0.934579,0.467290,,,
2024/2025,>64 yrs,Los Angeles,03/22/2025,12,2025,271,14036,1.9307495012824165,Very Low,283,7560,3.743400,Low,62,5717,1.084500,Low,,,,,,1608433.000000,174,84,29,10.817982471138057,5.2224742964114768,1.8029970785230096,Low,Moderate,Moderate,1000,4,4,1,0.400000,0.400000,0.100000,,,
2023/2024,>64 yrs,Rural North,03/30/2024,13,2024,17,349,4.8710601719197708,Low,9,406,2.216700,Low,0,324,0.000000,Very Low,,,,,,146162.000000,14,,,9.5784129938014004,,,Low,,,111,2,0,0,1.801802,0.000000,0.000000,,,
2023/2024,18-64 yrs,Bay Area,04/06/2024,14,2024,398,30974,1.2849486666236198,Very Low,494,12051,4.099200,Low,35,10422,0.335800,Very Low,,,,,,5244977.000000,86,,,1.63966400615293,,,Very Low,,,216,2,0,0,0.925926,0.000000,0.000000,,,
2023/2024,18-64 yrs,Greater Sierra-Sacramento,04/13/2024,15,2024,145,4198,3.4540257265364458,Low,175,2574,6.798800,Low,12,1827,0.656800,Very Low,,,,,,1788686.000000,40,,,2.23627847481335,,,Very Low,,,7,0,0,0,0.000000,0.000000,0.000000,,,
2023/2024,>64 yrs,Greater Sierra-Sacramento,04/13/2024,15,2024,96,1877,5.1145444858817255,Low,33,1649,2.001200,Low,6,1313,0.457000,Very Low,,,,,,510647.000000,70,,,13.7080997244672,,,Moderate,,,51,1,1,0,1.960784,1.960784,0.000000,,,
2023/2024,18-64 yrs,Southern California,04/13/2024,15,2024,228,14404,1.5828936406553733,Very Low,333,6323,5.266500,Low,21,3029,0.693300,Very Low,,,,,,7861790.000000,39,,,0.496070233369245,,,Very Low,,,429,4,1,0,0.932401,0.233100,0.000000,,,
2023/2024,>64 yrs,Southern California,04/13/2024,15,2024,228,7076,3.2221594120972301,Low,105,5032,2.086600,Low,20,2917,0.685600,Very Low,,,,,,1990514.000000,94,,,4.7223983353043497,,,Low,,,1326,12,0,0,0.904977,0.000000,0.000000,,,
2023/2024,18-64 yrs,Central California,04/20/2024,16,2024,166,8204,2.0234032179424672,Very Low,164,2927,5.603000,Low,7,2158,0.324400,Very Low,,,,,,2620187.000000,28,,,1.0686260179139899,,,Very Low,,,168,0,0,0,0.000000,0.000000,0.000000,,,
2023/2024,0-17 yrs,Los Angeles,04/20/2024,16,2024,59,4385,1.3454960091220067,Very Low,192,2747,6.989400,Low,22,1708,1.288100,Low,,,,,,1975596.000000,3,,,0.15185290919803399,,,Very Low,,,11,0,0,0,0.000000,0.000000,0.000000,,,
2023/2024,>64 yrs,Los Angeles,04/20/2024,16,2024,210,9473,2.2168267708223373,Very Low,76,4055,1.874200,Very Low,19,2678,0.709500,Very Low,,,,,,1558959.000000,85,,,5.45235634805021,,,Low,,,952,5,0,1,0.525210,0.000000,0.105042,,,
2023/2024,18-64 yrs,Rural North,04/20/2024,16,2024,22,652,3.3742331288343559,Low,27,463,5.831500,Low,0,315,0.000000,Very Low,,,,,,386509.000000,0,,,0,,,Very Low,,,26,0,0,0,0.000000,0.000000,0.000000,,,
2023/2024,>64 yrs,Rural North,04/20/2024,16,2024,9,307,2.9315960912052117,Very Low,2,337,0.593500,Very Low,2,283,0.706700,Very Low,,,,,,146162.000000,18,,,12.3151024206018,,,Low,,,132,1,1,0,0.757576,0.757576,0.000000,,,
2023/2024,>64 yrs,Bay Area,04/27/2024,17,2024,354,9478,3.7349651825279593,Low,109,6432,1.694700,Very Low,7,5855,0.119600,Very Low,,,,,,1450195.000000,171,,,11.7915176924483,,,Low,,,801,8,1,1,0.998752,0.124844,0.124844,,,
2023/2024,>64 yrs,Rural North,04/27/2024,17,2024,16,270,5.9259259259259265,Low,6,331,1.812700,Very Low,1,247,0.404900,Very Low,,,,,,146162.000000,13,,,8.8942406371012996,,,Low,,,109,1,0,0,0.917431,0.000000,0.000000,,,
2023/2024,18-64 yrs,Bay Area,05/04/2024,18,2024,545,26480,2.0581570996978851,Very Low,235,9414,2.496300,Low,9,8310,0.108300,Very Low,,,,,,5244977.000000,58,,,1.1058199111264,,,Very Low,,,216,1,0,0,0.462963,0.000000,0.000000,,,
2023/2024,18-64 yrs,Los Angeles,05/04/2024,18,2024,258,14329,1.8005443506176284,Very Low,236,5808,4.063400,Low,4,3222,0.124100,Very Low,,,,,,6291153.000000,39,,,0.61991816126551003,,,Very Low,,,321,0,0,0,0.000000,0.000000,0.000000,,,
2023/2024,>64 yrs,Central California,05/11/2024,19,2024,104,2128,4.8872180451127818,Low,19,1329,1.429600,Very Low,4,887,0.451000,Very Low,,,,,,565180.000000,79,,,13.977847765313699,,,Moderate,,,476,3,0,0,0.630252,0.000000,0.000000,,,
2023/2024,>64 yrs,Southern California,05/11/2024,19,2024,194,5884,3.2970768184908223,Low,111,4398,2.523900,Low,7,2430,0.288100,Very Low,,,,,,1990514.000000,45,,,2.2607226073265498,,,Very Low,,,1277,8,0,0,0.626468,0.000000,0.000000,,,
2023/2024,0-17 yrs,Los Angeles,05/18/2024,20,2024,74,3933,1.8815153826595474,Very Low,131,2491,5.258900,Low,11,1584,0.694400,Very Low,,,,,,1975596.000000,5,,,0.253088181996724,,,Very Low,,,18,0,0,0,0.000000,0.000000,0.000000,,,
2023/2024,>64 yrs,Rural North,05/25/2024,21,2024,22,207,10.628019323671497,Moderate,2,217,0.921700,Very Low,3,149,2.013400,Low,,,,,,146162.000000,4,,,2.7366894268004001,,,Very Low,,,107,0,0,1,0.000000,0.000000,0.934579,,,
2023/2024,>64 yrs,Greater Sierra-Sacramento,06/08/2024,23,2024,186,1535,12.117263843648209,Moderate,22,1042,2.111300,Low,1,711,0.140600,Very Low,,,,,,510647.000000,95,,,18.603849626062601,,,Moderate,,,37,0,0,0,0.000000,0.000000,0.000000,,,
2023/2024,>64 yrs,Rural North,06/08/2024,23,2024,28,197,14.213197969543149,High,4,243,1.646100,Very Low,0,149,0.000000,Very Low,,,,,,146162.000000,2,,,1.3683447134002,,,Very Low,,,112,0,0,0,0.000000,0.000000,0.000000,,,
2023/2024,0-17 yrs,Southern California,06/08/2024,23,2024,102,3833,2.6611009653013307,Very Low,101,2517,4.012700,Low,9,1959,0.459400,Very Low,,,,,,2950125.000000,2,,,0.067793737553492994,,,Very Low,,,25,0,0,0,0.000000,0.000000,0.000000,,,
2023/2024,>64 yrs,Rural North,06/15/2024,24,2024,35,217,16.129032258064516,High,1,227,0.440500,Very Low,0,141,0.000000,Very Low,,,,,,146162.000000,7,,,4.7892064969007002,,,Low,,,87,1,0,0,1.149425,0.000000,0.000000,,,
2023/2024,>64 yrs,Southern California,06/15/2024,24,2024,569,6346,8.9662779703750388,Moderate,73,4435,1.646000,Very Low,3,2304,0.130200,Very Low,,,,,,1990514.000000,141,,,7.0835975029565201,,,Low,,,1334,8,1,1,0.599700,0.074963,0.074963,,,
2023/2024,>64 yrs,Central California,06/29/2024,26,2024,328,2165,15.150115473441108,High,23,1252,1.837100,Very Low,0,869,0.000000,Very Low,,,,,,565180.000000,117,,,20.701369475211401,,,Moderate,,,430,7,1,0,1.627907,0.232558,0.000000,,,
2023/2024,18-64 yrs,Los Angeles,06/29/2024,26,2024,1042,18436,5.6519852462573228,Low,164,5528,2.966700,Low,3,3312,0.090600,Very Low,,,,,,6291153.000000,91,,,1.44647570961952,,,Very Low,,,318,1,0,0,0.314465,0.000000,0.000000,,,
2023/2024,18-64 yrs,Rural North,06/29/2024,26,2024,73,640,11.40625,Moderate,3,327,0.917400,Very Low,0,223,0.000000,Very Low,,,,,,386509.000000,1,,,0.258726187488519,,,Very Low,,,31,0,0,0,0.000000,0.000000,0.000000,,,
2024/2025,>64 yrs,Central California,07/06/2024,27,2024,334,2073,16.111915098890499,High,16,1322,1.210300,Very Low,0,897,0.000000,Very Low,,,,,,580446.000000,126,,,21.707445653859299,,,Moderate,,,464,6,0,0,1.293103,0.000000,0.000000,,,
2024/2025,18-64 yrs,Greater Sierra-Sacramento,07/06/2024,27,2024,540,3575,15.104895104895105,High,34,1436,2.367700,Low,1,870,0.114900,Very Low,,,,,,1793656.000000,47,,,2.6203463763397199,,,Very Low,,,14,0,0,0,0.000000,0.000000,0.000000,,,
2024/2025,>64 yrs,Greater Sierra-Sacramento,07/06/2024,27,2024,381,1723,22.112594312246081,Very High,16,1050,1.523800,Very Low,1,675,0.148100,Very Low,,,,,,525440.000000,176,,,33.495736906211903,,,Very High,,,44,1,0,0,2.272727,0.000000,0.000000,,,
2024/2025,18-64 yrs,Rural North,07/06/2024,27,2024,63,466,13.519313304721031,High,4,279,1.433700,Very Low,0,156,0.000000,Very Low,,,,,,384002.000000,0,,,0,,,Very Low,,,29,0,0,0,0.000000,0.000000,0.000000,,,
2024/2025,0-17 yrs,Bay Area,07/13/2024,28,2024,519,9283,5.5908650220833778,Low,83,2311,3.591500,Low,7,1891,0.370200,Very Low,,,,,,1670512.000000,12,,,0.71834263986131197,,,Very Low,,,8,0,0,0,0.000000,0.000000,0.000000,,,
2024/2025,18-64 yrs,Central California,07/13/2024,28,2024,876,7727,11.336870713083991,Moderate,49,2361,2.075400,Low,1,1588,0.063000,Very Low,,,,,,2636654.000000,88,,,3.33756344215054,,,Low,,,202,0,0,0,0.000000,0.000000,0.000000,,,
2024/2025,>64 yrs,Rural North,07/13/2024,28,2024,67,294,22.789115646258505,Very High,3,266,1.127800,Very Low,0,195,0.000000,Very Low,,,,,,148325.000000,2,,,1.3483903590089299,,,Very Low,,,119,1,0,0,0.840336,0.000000,0.000000,,,
2024/2025,0-17 yrs,Southern California,07/13/2024,28,2024,435,3655,11.901504787961697,Moderate,58,2155,2.691400,Low,9,1646,0.546800,Very Low,,,,,,2904951.000000,18,,,0.61963179413353298,,,Very Low,,,12,0,0,0,0.000000,0.000000,0.000000,,,
2024/2025,>64 yrs,Bay Area,07/20/2024,29,2024,1471,9867,14.90828012567143,High,43,4373,0.983300,Very Low,14,3649,0.383700,Very Low,,,,,,1498910.000000,466,,,31.0892581942879,,,High,,,840,24,0,0,2.857143,0.000000,0.000000,,,
2024/2025,18-64 yrs,Central California,07/20/2024,29,2024,965,8049,11.989066964840353,Moderate,39,2262,1.724100,Very Low,0,1505,0.000000,Very Low,,,,,,2636654.000000,66,,,2.50317258161291,,,Very Low,,,200,1,1,0,0.500000,0.500000,0.000000,,,
2024/2025,>64 yrs,Bay Area,07/27/2024,30,2024,1411,10033,14.06359015249676,High,34,4452,0.763700,Very Low,9,3842,0.234300,Very Low,,,,,,1498910.000000,556,,,37.0936213648585,,,Very High,,,806,24,1,1,2.977667,0.124069,0.124069,,,
2024/2025,18-64 yrs,Central California,07/27/2024,30,2024,1050,8384,12.523854961832063,Moderate,24,2598,0.923800,Very Low,1,1734,0.057700,Very Low,,,,,,2636654.000000,93,,,3.52719772863637,,,Low,,,175,1,0,0,0.571429,0.000000,0.000000,,,
2024/2025,18-64 yrs,Greater Sierra-Sacramento,07/27/2024,30,2024,640,3964,16.145307769929364,High,13,1392,0.933900,Very Low,0,809,0.000000,Very Low,,,,,,1793656.000000,63,,,3.5123791853064401,,,Low,,,10,0,0,0,0.000000,0.000000,0.000000,,,
2024/2025,>64 yrs,Greater Sierra-Sacramento,08/03/2024,31,2024,451,2143,21.04526364909006,Very High,2,1067,0.187400,Very Low,0,678,0.000000,Very Low,,,,,,525440.000000,200,,,38.0633373934226,,,Very High,,,51,2,0,0,3.921569,0.000000,0.000000,,,
2024/2025,>64 yrs,Rural North,08/03/2024,31,2024,77,332,23.192771084337348,Very High,2,267,0.749100,Very Low,0,175,0.000000,Very Low,,,,,,148325.000000,10,,,6.7419517950446597,,,Low,,,128,5,0,0,3.906250,0.000000,0.000000,,,
2024/2025,18-64 yrs,Southern California,08/03/2024,31,2024,2576,17085,15.077553409423473,High,105,7249,1.448500,Very Low,7,3266,0.214300,Very Low,,,,,,7875686.000000,201,,,2.5521586310068698,,,Very Low,,,382,2,0,0,0.523560,0.000000,0.000000,,,
2024/2025,0-17 yrs,Bay Area,08/10/2024,32,2024,544,7551,7.204343795523771,Low,56,1682,3.329400,Low,12,1351,0.888200,Very Low,,,,,,1670512.000000,15,,,0.89792829982664002,,,Very Low,,,12,0,0,0,0.000000,0.000000,0.000000,,,
2024/2025,18-64 yrs,Los Angeles,08/10/2024,32,2024,2268,21649,10.476234468104764,Moderate,73,6254,1.167300,Very Low,1,3631,0.027500,Very Low,,,,,,6240953.000000,224,,,3.5891954321719801,,,Low,,,284,2,1,0,0.704225,0.352113,0.000000,,,
2024/2025,18-64 yrs,Rural North,08/10/2024,32,2024,134,744,18.010752688172044,Very High,1,347,0.288200,Very Low,0,195,0.000000,Very Low,,,,,,384002.000000,3,,,0.781245931010776,,,Very Low,,,32,0,0,0,0.000000,0.000000,0.000000,,,
2024/2025,>64 yrs,Rural North,08/10/2024,32,2024,73,357,20.448179271708682,Very High,2,284,0.704200,Very Low,0,183,0.000000,Very Low,,,,,,148325.000000,13,,,8.7645373335580707,,,Low,,,95,3,0,0,3.157895,0.000000,0.000000,,,
2024/2025,18-64 yrs,Los Angeles,08/17/2024,33,2024,1960,22676,8.6434997354030685,Moderate,73,6251,1.167800,Very Low,2,3799,0.052600,Very Low,,,,,,6240953.000000,221,,,3.5411258504910998,,,Low,,,320,5,0,0,1.562500,0.000000,0.000000,,,
2024/2025,>64 yrs,Rural North,08/17/2024,33,2024,104,384,27.083333333333332,Very High,0,264,0.000000,Very Low,0,172,0.000000,Very Low,,,,,,148325.000000,9,,,6.0677566155402003,,,Low,,,114,2,0,0,1.754386,0.000000,0.000000,,,
2024/2025,0-17 yrs,Southern California,08/17/2024,33,2024,845,4432,19.065884476534293,Very High,28,2580,1.085300,Very Low,3,1875,0.160000,Very Low,,,,,,2904951.000000,49,,,1.68677543958573,,,Very Low,,,14,0,0,0,0.000000,0.000000,0.000000,,,
2024/2025,18-64 yrs,Southern California,08/17/2024,33,2024,2430,18796,12.928282613321985,Moderate,79,7232,1.092400,Very Low,4,3369,0.118700,Very Low,,,,,,7875686.000000,266,,,3.3774835614319798,,,Low,,,371,6,0,0,1.617251,0.000000,0.000000,,,
2024/2025,18-64 yrs,Central California,09/07/2024,36,2024,862,7916,10.88933804951996,Moderate,29,2764,1.049200,Very Low,0,1858,0.000000,Very Low,,,,,,2636654.000000,73,,,2.7686605826930601,,,Very Low,,,172,6,0,0,3.488372,0.000000,0.000000,,,
2024/2025,>64 yrs,Greater Sierra-Sacramento,09/07/2024,36,2024,376,1946,19.321685508735868,Very High,6,1061,0.565500,Very Low,0,668,0.000000,Very Low,,,,,,525440.000000,165,,,31.402253349573702,,,High,,,43,2,0,0,4.651163,0.000000,0.000000,,,
2024/2025,>64 yrs,Rural North,09/07/2024,36,2024,91,365,24.93150684931507,Very High,1,317,0.315500,Very Low,0,205,0.000000,Very Low,,,,,,148325.000000,9,,,6.0677566155402003,,,Low,,,104,4,0,0,3.846154,0.000000,0.000000,,,
2024/2025,0-17 yrs,Southern California,09/07/2024,36,2024,609,5331,11.423747889701746,Moderate,55,3273,1.680400,Very Low,17,2241,0.758600,Very Low,,,,,,2904951.000000,37,,,1.27368757683004,,,Very Low,,,23,0,0,0,0.000000,0.000000,0.000000,,,
2024/2025,18-64 yrs,Central California,09/14/2024,37,2024,657,7761,8.4654039427908785,Moderate,22,2385,0.922400,Very Low,2,1704,0.117400,Very Low,,,,,,2636654.000000,53,,,2.01012343674976,,,Very Low,,,154,0,0,0,0.000000,0.000000,0.000000,,,
2024/2025,18-64 yrs,Bay Area,09/21/2024,38,2024,655,15889,4.1223487947636732,Low,75,3535,2.121600,Low,4,2422,0.165200,Very Low,,,,,,5222531.000000,122,,,2.3360320886558599,,,Very Low,,,208,4,0,0,1.923077,0.000000,0.000000,,,
2024/2025,18-64 yrs,Central California,09/28/2024,39,2024,342,7046,4.8538177689469206,Low,21,2323,0.904000,Very Low,0,1545,0.000000,Very Low,,,,,,2636654.000000,53,,,2.01012343674976,,,Very Low,,,149,1,0,0,0.671141,0.000000,0.000000,,,
2024/2025,18-64 yrs,Southern California,09/28/2024,39,2024,659,17270,3.8158656629994208,Low,69,6105,1.130200,Very Low,5,2720,0.183800,Very Low,,,,,,7875686.000000,110,,,1.3967037284117201,,,Very Low,,,389,2,0,0,0.514139,0.000000,0.000000,,,
2024/2025,>64 yrs,Bay Area,10/12/2024,41,2024,368,6256,5.8823529411764701,Low,31,3998,0.775400,Very Low,11,3524,0.312100,Very Low,,,,,,1498910.000000,139,,,9.2734053412146196,,,Low,,,847,14,0,0,1.652893,0.000000,0.000000,,,
2024/2025,18-64 yrs,Central California,10/12/2024,41,2024,189,6568,2.8775883069427528,Very Low,18,2828,0.636500,Very Low,3,1941,0.154600,Very Low,,,,,,2636654.000000,37,,,1.4032937199951201,,,Very Low,,,162,0,0,0,0.000000,0.000000,0.000000,,,
2024/2025,18-64 yrs,Rural North,10/19/2024,42,2024,21,439,4.7835990888382689,Low,4,377,1.061000,Very Low,0,196,0.000000,Very Low,,,,,,384002.000000,4,,,1.0416612413477,,,Very Low,,,27,0,0,0,0.000000,0.000000,0.000000,,,
2024/2025,18-64 yrs,Bay Area,10/26/2024,43,2024,339,16085,2.1075536213863848,Very Low,184,6916,2.660500,Low,33,5374,0.614100,Very Low,,,,,,5222531.000000,43,,,0.82335557223116496,,,Very Low,,,207,0,0,0,0.000000,0.000000,0.000000,,,
2024/2025,>64 yrs,Bay Area,10/26/2024,43,2024,292,6407,4.5575152177306073,Low,48,4448,1.079100,Very Low,23,3968,0.579600,Very Low,,,,,,1498910.000000,99,,,6.6047994876276803,,,Low,,,818,11,0,0,1.344743,0.000000,0.000000,,,
2024/2025,>64 yrs,Central California,10/26/2024,43,2024,106,1874,5.656350053361793,Low,13,1635,0.795100,Very Low,3,1216,0.246700,Very Low,,,,,,580446.000000,50,,,8.6140657356584391,,,Low,,,422,5,0,0,1.184834,0.000000,0.000000,,,
2024/2025,18-64 yrs,Greater Sierra-Sacramento,10/26/2024,43,2024,136,3727,3.6490474912798501,Low,48,2511,1.911600,Very Low,6,1674,0.358400,Very Low,,,,,,1793656.000000,16,,,0.892032808966714,,,Very Low,,,12,0,0,0,0.000000,0.000000,0.000000,,,
2024/2025,0-17 yrs,Greater Sierra-Sacramento,11/09/2024,45,2024,28,1800,1.5555555555555556,Very Low,76,1527,4.977100,Low,30,1123,2.671400,Low,,,,,,662349.000000,3,1,3,0.45293342331610675,0.15097780777203559,0.45293342331610675,Very Low,Very Low,Very Low,2,0,0,0,0.000000,0.000000,0.000000,,,
2024/2025,0-17 yrs,Los Angeles,11/09/2024,45,2024,55,4926,1.1165245635403978,Very Low,216,3375,6.400000,Low,160,2385,6.708600,Moderate,,,,,,1934637.000000,4,2,33,0.20675713325032033,0.10337856662516016,1.7057463493151428,Very Low,Very Low,Moderate,15,0,0,0,0.000000,0.000000,0.000000,,,
2024/2025,0-17 yrs,Bay Area,11/16/2024,46,2024,75,6537,1.1473152822395594,Very Low,398,5340,7.453200,Low,526,4402,11.949100,Very High,,,,,,1670512.000000,5,4,25,0.29930943327554665,0.23944754662043732,1.4965471663777334,Very Low,Very Low,Low,7,0,0,0,0.000000,0.000000,0.000000,,,
2024/2025,>64 yrs,Bay Area,11/16/2024,46,2024,220,5770,3.8128249566724435,Low,113,4675,2.417100,Low,32,4162,0.768900,Very Low,,,,,,1498910.000000,117,27,12,7.8056721217417993,1.8013089511711844,0.80058175607608195,Low,Low,Low,842,6,0,0,0.712589,0.000000,0.000000,,,
2024/2025,18-64 yrs,Central California,11/16/2024,46,2024,149,5241,2.8429688990650641,Very Low,145,3513,4.127500,Low,11,2318,0.474500,Very Low,,,,,,2636654.000000,12,5,6,0.45512228756598327,0.18963428648582636,0.22756114378299164,Very Low,Very Low,Very Low,190,1,0,0,0.526316,0.000000,0.000000,,,
2024/2025,18-64 yrs,Bay Area,11/23/2024,47,2024,247,13100,1.885496183206107,Very Low,487,8723,5.582900,Low,114,6900,1.652200,Low,,,,,,5222531.000000,39,56,13,0.74676435620966153,1.0722770243010524,0.24892145206988719,Very Low,Low,Very Low,217,0,1,0,0.000000,0.460829,0.000000,,,
2024/2025,18-64 yrs,Central California,11/23/2024,47,2024,150,5592,2.6824034334763951,Very Low,221,3941,5.607700,Low,20,2558,0.781900,Very Low,,,,,,2636654.000000,17,11,9,0.64475657405180964,0.417195430268818,0.3413417156744874,Very Low,Very Low,Very Low,190,0,0,0,0.000000,0.000000,0.000000,,,
2024/2025,>64 yrs,Central California,11/23/2024,47,2024,85,1705,4.9853372434017595,Low,21,1920,1.093800,Very Low,8,1392,0.574700,Very Low,,,,,,580446.000000,25,17,12,4.3070328678292213,2.9287823501238703,2.0673757765580261,Low,Low,High,469,6,0,1,1.279318,0.000000,0.213220,,,
2024/2025,>64 yrs,Greater Sierra-Sacramento,11/23/2024,47,2024,97,1631,5.9472716125076639,Low,61,1774,3.438600,Low,12,1388,0.864600,Very Low,,,,,,525440.000000,56,25,5,10.657734470158344,4.7579171741778312,0.95158343483556629,Low,Moderate,Low,55,0,0,0,0.000000,0.000000,0.000000,,,
2024/2025,>64 yrs,Greater Sierra-Sacramento,11/30/2024,48,2024,78,1657,4.7073023536511771,Low,78,1859,4.195800,Low,11,1418,0.775700,Very Low,,,,,,525440.000000,38,23,3,7.2320341047503049,4.377283800243605,0.57095006090133982,Low,Moderate,Low,39,0,0,0,0.000000,0.000000,0.000000,,,
2024/2025,18-64 yrs,Southern California,11/30/2024,48,2024,300,19904,1.507234726688103,Very Low,1126,8235,13.673300,Moderate,36,3532,1.019300,Low,,,,,,7875686.000000,36,106,9,0.45710303838929078,1.3459145019240228,0.1142757595973227,Very Low,Low,Very Low,386,0,4,0,0.000000,1.036269,0.000000,,,
2024/2025,18-64 yrs,Los Angeles,12/07/2024,49,2024,324,18776,1.7256071580741372,Very Low,1595,10110,15.776500,High,83,5760,1.441000,Low,,,,,,6240953.000000,101,125,8,1.6183425832561149,2.0028992367031124,0.12818555114899921,Very Low,Low,Very Low,319,1,2,0,0.313480,0.626959,0.000000,,,
2024/2025,18-64 yrs,Bay Area,12/14/2024,50,2024,270,15688,1.7210606833248341,Very Low,1618,10449,15.484700,High,286,8149,3.509600,Low,,,,,,5222531.000000,31,100,40,0.59358192416665401,1.9147804005375937,0.76591216021503761,Very Low,Low,Low,225,1,2,0,0.444444,0.888889,0.000000,,,
2024/2025,18-64 yrs,Central California,12/14/2024,50,2024,144,5048,2.8526148969889067,Very Low,541,4417,12.248100,Moderate,64,2846,2.248800,Low,,,,,,2636654.000000,17,37,3,0.64475657405180964,1.403293719995115,0.11378057189149582,Very Low,Low,Very Low,177,1,0,0,0.564972,0.000000,0.000000,,,
2024/2025,0-17 yrs,Los Angeles,12/14/2024,50,2024,110,6760,1.6272189349112427,Very Low,2167,6254,34.649800,Very High,531,3767,14.096100,Very High,,,,,,1934637.000000,7,171,118,0.36182498318806061,8.8388674464511947,6.0993354308844498,Very Low,High,Very High,15,0,1,0,0.000000,6.666667,0.000000,,,
2024/2025,0-17 yrs,Rural North,12/14/2024,50,2024,3,260,1.153846153846154,Very Low,113,444,25.450500,Very High,19,223,8.520200,High,,,,,,147863.000000,1,1,2,0.67630171171963227,0.67630171171963227,1.3526034234392645,Very Low,Very Low,Low,1,0,0,0,0.000000,0.000000,0.000000,,,
2024/2025,0-17 yrs,Bay Area,12/21/2024,51,2024,97,11391,0.85154946887893956,Very Low,3402,10231,33.251900,Very High,2005,8197,24.460200,Very High,,,,,,1670512.000000,6,19,80,0.35917131993065599,1.1373758464470773,4.7889509324087465,Very Low,Low,Very High,12,0,1,0,0.000000,8.333333,0.000000,,,
2024/2025,>64 yrs,Bay Area,12/21/2024,51,2024,244,7532,3.2395114179500797,Low,634,6641,9.546800,Moderate,250,5788,4.319300,Moderate,,,,,,1498910.000000,97,158,62,6.4713691949483296,10.540993121668413,4.1363390730597569,Low,Very High,Very High,895,4,4,0,0.446927,0.446927,0.000000,,,
2024/2025,>64 yrs,Central California,12/21/2024,51,2024,124,1978,6.2689585439838211,Low,219,2642,8.289200,Low,72,1974,3.647400,Low,,,,,,580446.000000,43,57,21,7.4080965326662591,9.8200349386506236,3.6179076089765458,Low,Very High,Very High,497,5,2,1,1.006036,0.402414,0.201207,,,
2024/2025,0-17 yrs,Greater Sierra-Sacramento,12/28/2024,52,2024,47,3035,1.5485996705107083,Very Low,881,3135,28.102100,Very High,551,2281,24.156100,Very High,,,,,,662349.000000,0,19,33,0,2.8685783476686759,4.9822676564771742,Very Low,Low,Very High,1,0,0,0,0.000000,0.000000,0.000000,,,
2024/2025,0-17 yrs,Rural North,12/28/2024,52,2024,7,293,2.3890784982935154,Very Low,148,535,27.663600,Very High,55,285,19.298200,Very High,,,,,,147863.000000,1,0,5,0.67630171171963227,0,3.3815085585981621,Very Low,Very Low,Very High,3,0,0,0,0.000000,0.000000,0.000000,,,
2024/2025,>64 yrs,Southern California,12/28/2024,52,2024,531,8946,5.9356136820925549,Low,2231,10063,22.170300,Very High,133,4813,2.763300,Low,,,,,,2059864.000000,213,771,57,10.340488498269789,37.429655550075147,2.7671729784102252,Low,Very High,High,1498,13,20,1,0.867824,1.335113,0.066756,,,
2024/2025,18-64 yrs,Bay Area,01/04/2025,1,2025,394,19457,2.0249781569615046,Very Low,4456,15173,29.368000,Very High,677,12120,5.585800,Moderate,,,,,,5222531.000000,44,258,62,0.84250337623654126,4.9401334333869915,1.187163848333308,Very Low,Moderate,Low,242,1,3,1,0.413223,1.239669,0.413223,,,
2024/2025,18-64 yrs,Central California,01/04/2025,1,2025,169,6804,2.4838330393885952,Very Low,1702,6947,24.499800,Very High,204,4688,4.351500,Moderate,,,,,,2636654.000000,15,110,23,0.56890285945747909,4.1719543026881798,0.87231771783480117,Very Low,Moderate,Low,174,1,1,0,0.574713,0.574713,0.000000,,,
2024/2025,18-64 yrs,Rural North,01/04/2025,1,2025,8,617,1.2965964343598055,Very Low,157,998,15.731500,High,11,436,2.522900,Low,,,,,,384002.000000,4,22,1,1.0416612413477013,5.7291368274123569,0.26041531033692533,Very Low,Moderate,Very Low,43,0,1,0,0.000000,2.325581,0.000000,,,
2024/2025,18-64 yrs,Greater Sierra-Sacramento,01/18/2025,3,2025,105,4730,2.2198731501057085,Very Low,1088,4624,23.529400,Very High,124,2866,4.326600,Moderate,,,,,,1793656.000000,17,77,13,0.94778485952713343,4.2929078931523099,0.72477665728545493,Very Low,Moderate,Low,16,0,0,0,0.000000,0.000000,0.000000,,,
2024/2025,0-17 yrs,Southern California,01/18/2025,3,2025,146,8165,1.7881200244947948,Very Low,2892,7138,40.515600,Very High,717,4501,15.929800,Very High,,,,,,2904951.000000,20,138,132,0.68847977125948079,4.7505104216904179,4.5439664903125729,Very Low,Moderate,Very High,23,0,2,0,0.000000,8.695652,0.000000,,,
2024/2025,18-64 yrs,Bay Area,01/25/2025,4,2025,409,20896,1.957312404287902,Very Low,5750,16174,35.550900,Very High,451,12280,3.672600,Low,,,,,,5222531.000000,37,286,37,0.7084687481989097,5.4762719455375182,0.7084687481989097,Very Low,Moderate,Low,241,1,7,1,0.414938,2.904564,0.414938,,,
2024/2025,>64 yrs,Central California,01/25/2025,4,2025,102,2543,4.0110106173810456,Low,606,3215,18.849100,High,101,2400,4.208300,Moderate,,,,,,580446.000000,37,212,31,6.3744086443872465,36.523638719191794,5.3407207561082339,Low,Very High,Very High,561,4,7,2,0.713012,1.247772,0.356506,,,
2024/2025,0-17 yrs,Greater Sierra-Sacramento,01/25/2025,4,2025,49,3574,1.3710128707330722,Very Low,1626,3843,42.310700,Very High,482,2699,17.858500,Very High,,,,,,662349.000000,3,17,36,0.45293342331610675,2.5666227321246051,5.4352010797932806,Very Low,Low,Very High,1,0,0,0,0.000000,0.000000,0.000000,,,
2024/2025,18-64 yrs,Greater Sierra-Sacramento,01/25/2025,4,2025,120,4898,2.4499795835034708,Very Low,1719,5166,33.275300,Very High,131,3224,4.063300,Moderate,,,,,,1793656.000000,14,120,14,0.78052870784587447,6.6902460672503539,0.78052870784587447,Very Low,High,Low,12,0,0,0,0.000000,0.000000,0.000000,,,
2024/2025,0-17 yrs,Bay Area,02/01/2025,5,2025,155,12892,1.2022959975178404,Very Low,6819,13141,51.891000,Very High,933,9866,9.456700,High,,,,,,1670512.000000,6,75,60,0.35917131993065599,4.4896414991332003,3.5917131993065601,Very Low,Moderate,Very High,9,0,1,0,0.000000,11.111111,0.000000,,,
2024/2025,>64 yrs,Central California,02/01/2025,5,2025,95,2543,3.7357451828548958,Low,744,3576,20.805400,High,100,2656,3.765100,Low,,,,,,580446.000000,49,234,22,8.4417844209452717,40.313827642881513,3.7901889236897146,Low,Very High,Very High,549,2,14,2,0.364299,2.550091,0.364299,,,
2024/2025,>64 yrs,Greater Sierra-Sacramento,02/01/2025,5,2025,107,2384,4.4882550335570466,Low,812,3462,23.454700,Very High,106,2359,4.493400,Moderate,,,,,,525440.000000,46,254,36,8.7545676004872099,48.340438489646772,6.8514007308160778,Low,Very High,Very High,43,0,1,0,0.000000,2.325581,0.000000,,,
2024/2025,>64 yrs,Bay Area,02/08/2025,6,2025,339,9496,3.5699241786015161,Low,1756,8888,19.757000,High,302,7973,3.787800,Low,,,,,,1498910.000000,124,536,102,8.2726781461195138,35.759318438064994,6.8049449266466961,Low,Very High,Very High,1034,11,29,2,1.063830,2.804642,0.193424,,,
2024/2025,18-64 yrs,Greater Sierra-Sacramento,02/15/2025,7,2025,127,5517,2.3019757114373753,Very Low,1663,5871,28.325700,Very High,121,3650,3.315100,Low,,,,,,1793656.000000,16,132,15,0.89203280896671377,7.3592706739753888,0.83628075840629423,Very Low,High,Low,10,0,1,0,0.000000,10.000000,0.000000,,,
2024/2025,>64 yrs,Greater Sierra-Sacramento,02/15/2025,7,2025,104,2583,4.0263259775454898,Low,575,3553,16.183500,High,136,2483,5.477200,Moderate,,,,,,525440.000000,58,202,42,11.038367844092571,38.44397076735688,7.9933008526187574,Low,Very High,Very High,54,0,2,1,0.000000,3.703704,1.851852,,,
2024/2025,>64 yrs,Bay Area,02/22/2025,8,2025,238,8906,2.6723557152481474,Very Low,1101,8431,13.058900,Moderate,227,7340,3.092600,Low,,,,,,1498910.000000,81,354,71,5.4039268535135534,23.617161804244418,4.7367753901168177,Low,Very High,Very High,984,12,19,6,1.219512,1.930894,0.609756,,,
2024/2025,>64 yrs,Bay Area,03/01/2025,9,2025,217,7853,2.7632751814593148,Very Low,747,7220,10.346300,Moderate,185,6467,2.860700,Low,,,,,,1498910.000000,70,229,44,4.6700602437771446,15.277768511785231,2.9354664389456335,Low,Very High,High,977,5,23,5,0.511771,2.354145,0.511771,,,
2024/2025,>64 yrs,Central California,03/01/2025,9,2025,74,2187,3.383630544124371,Low,250,3018,8.283600,Low,94,2249,4.179600,Moderate,,,,,,580446.000000,31,80,31,5.3407207561082339,13.782505177053507,5.3407207561082339,Low,Very High,Very High,473,1,8,2,0.211416,1.691332,0.422833,,,
2024/2025,0-17 yrs,Greater Sierra-Sacramento,03/01/2025,9,2025,21,2981,0.70446159007044618,Very Low,876,3052,28.702500,Very High,287,2271,12.637600,Very High,,,,,,662349.000000,4,13,26,0.60391123108814238,1.9627115010364626,3.9254230020729253,Very Low,Low,Very High,1,0,0,0,0.000000,0.000000,0.000000,,,
2024/2025,18-64 yrs,Los Angeles,03/01/2025,9,2025,384,20926,1.8350377520787535,Very Low,1205,13377,9.008000,Moderate,121,7842,1.543000,Low,,,,,,6240953.000000,93,87,24,1.4901570321071156,1.3940178687453664,0.38455665344699763,Very Low,Low,Very Low,292,0,3,0,0.000000,1.027397,0.000000,,,
2024/2025,0-17 yrs,Southern California,03/08/2025,10,2025,91,5998,1.5171723907969323,Very Low,877,5499,15.948400,High,500,3540,14.124300,Very High,,,,,,2904951.000000,13,59,105,0.44751185131866256,2.0310153252154683,3.6145187991122745,Very Low,Low,Very High,16,0,0,0,0.000000,0.000000,0.000000,,,
2024/2025,18-64 yrs,Southern California,03/08/2025,10,2025,270,15495,1.7424975798644726,Very Low,964,9612,10.029100,Moderate,141,4403,3.202400,Low,,,,,,7875686.000000,48,123,27,0.60947071785238771,1.5617687144967434,0.34282727879196806,Very Low,Low,Very Low,408,0,2,0,0.000000,0.490196,0.000000,,,
2024/2025,0-17 yrs,Southern California,03/15/2025,11,2025,84,6221,1.3502652306703102,Very Low,906,5660,16.007100,High,422,3743,11.274400,Very High,,,,,,2904951.000000,12,47,72,0.41308786275568843,1.6179274624597797,2.4785271765341306,Very Low,Low,High,17,0,0,0,0.000000,0.000000,0.000000,,,
2024/2025,18-64 yrs,Southern California,03/15/2025,11,2025,331,23517,1.4074924522685717,Very Low,856,10007,8.554000,Low,117,4082,2.866200,Low,,,,,,7875686.000000,52,103,33,0.66025994434008672,1.3078225820582488,0.41901111852351652,Very Low,Low,Very Low,388,0,7,2,0.000000,1.804124,0.515464,,,
2023/2024,0-17 yrs,Los Angeles,03/30/2024,13,2024,36,4485,0.80267558528428085,Very Low,185,2968,6.233200,Low,19,1973,0.963000,Very Low,,,,,,1975596.000000,9,,,0.45555872759410299,,,Very Low,,,10,0,0,0,0.000000,0.000000,0.000000,,,
2023/2024,18-64 yrs,Central California,04/06/2024,14,2024,189,9955,1.8985434455047714,Very Low,188,3713,5.063300,Low,9,2957,0.304400,Very Low,,,,,,2620187.000000,32,,,1.22128687761599,,,Very Low,,,145,0,0,0,0.000000,0.000000,0.000000,,,
2023/2024,>64 yrs,Greater Sierra-Sacramento,04/06/2024,14,2024,104,1956,5.3169734151329244,Low,29,1774,1.634700,Very Low,21,1434,1.464400,Low,,,,,,510647.000000,69,,,13.5122697284034,,,Moderate,,,36,0,0,0,0.000000,0.000000,0.000000,,,
2023/2024,0-17 yrs,Southern California,04/06/2024,14,2024,80,5922,1.3508949679162445,Very Low,168,3236,5.191600,Low,44,2566,1.714700,Low,,,,,,2950125.000000,11,,,0.37286555654421399,,,Very Low,,,19,0,0,0,0.000000,0.000000,0.000000,,,
2023/2024,18-64 yrs,Bay Area,04/20/2024,16,2024,432,27300,1.5824175824175823,Very Low,460,11647,3.949500,Low,16,10153,0.157600,Very Low,,,,,,5244977.000000,77,,,1.46807126132298,,,Very Low,,,212,1,0,0,0.471698,0.000000,0.000000,,,
2023/2024,18-64 yrs,Greater Sierra-Sacramento,04/20/2024,16,2024,122,4396,2.775250227479527,Very Low,149,2721,5.475900,Low,13,2057,0.632000,Very Low,,,,,,1788686.000000,28,,,1.5653949323693499,,,Very Low,,,15,0,0,0,0.000000,0.000000,0.000000,,,
2023/2024,0-17 yrs,Bay Area,04/27/2024,17,2024,106,9996,1.0604241696678671,Very Low,311,5101,6.096800,Low,28,4195,0.667500,Very Low,,,,,,1696702.000000,4,,,0.235751475509547,,,Very Low,,,9,0,0,0,0.000000,0.000000,0.000000,,,
2023/2024,18-64 yrs,Rural North,04/27/2024,17,2024,14,653,2.1439509954058193,Very Low,16,422,3.791500,Low,0,279,0.000000,Very Low,,,,,,386509.000000,0,,,0,,,Very Low,,,45,0,0,0,0.000000,0.000000,0.000000,,,
2023/2024,0-17 yrs,Southern California,04/27/2024,17,2024,76,6269,1.2123145637262722,Very Low,174,3220,5.403700,Low,18,2546,0.707000,Very Low,,,,,,2950125.000000,9,,,0.305071818990721,,,Very Low,,,17,0,0,0,0.000000,0.000000,0.000000,,,
2023/2024,>64 yrs,Southern California,04/27/2024,17,2024,175,5870,2.9812606473594547,Very Low,66,4175,1.580800,Very Low,10,2321,0.430800,Very Low,,,,,,1990514.000000,85,,,4.27025381383904,,,Low,,,1281,8,1,0,0.624512,0.078064,0.000000,,,
2023/2024,18-64 yrs,Central California,05/11/2024,19,2024,193,7425,2.599326599326599,Very Low,103,2384,4.320500,Low,0,1506,0.000000,Very Low,,,,,,2620187.000000,22,,,0.83963472836099096,,,Very Low,,,161,1,0,0,0.621118,0.000000,0.000000,,,
2023/2024,>64 yrs,Los Angeles,05/18/2024,20,2024,202,8902,2.269152999325994,Very Low,40,3532,1.132500,Very Low,2,2277,0.087800,Very Low,,,,,,1558959.000000,88,,,5.6447924544519799,,,Low,,,945,5,1,0,0.529101,0.105820,0.000000,,,
2023/2024,0-17 yrs,Southern California,05/18/2024,20,2024,99,5335,1.8556701030927836,Very Low,130,3108,4.182800,Low,11,2377,0.462800,Very Low,,,,,,2950125.000000,22,,,0.74573111308842799,,,Very Low,,,18,1,0,0,5.555556,0.000000,0.000000,,,
2023/2024,0-17 yrs,Bay Area,05/25/2024,21,2024,149,8057,1.8493235695668364,Very Low,189,3420,5.526300,Low,21,2645,0.794000,Very Low,,,,,,1696702.000000,9,,,0.53044081989648195,,,Very Low,,,9,0,0,0,0.000000,0.000000,0.000000,,,
2023/2024,>64 yrs,Greater Sierra-Sacramento,05/25/2024,21,2024,140,1561,8.9686098654708513,Moderate,21,1028,2.042800,Low,1,685,0.146000,Very Low,,,,,,510647.000000,86,,,16.8413796614883,,,Moderate,,,33,0,0,1,0.000000,0.000000,3.030303,,,
2023/2024,>64 yrs,Southern California,06/08/2024,23,2024,459,6052,7.5842696629213489,Low,75,4402,1.703800,Very Low,4,2304,0.173600,Very Low,,,,,,1990514.000000,118,,,5.9281170592118402,,,Low,,,1297,16,1,0,1.233616,0.077101,0.000000,,,
2023/2024,0-17 yrs,Bay Area,06/15/2024,24,2024,317,9249,3.4273975564925938,Low,177,2915,6.072000,Low,7,2367,0.295700,Very Low,,,,,,1696702.000000,9,,,0.53044081989648195,,,Very Low,,,15,0,0,0,0.000000,0.000000,0.000000,,,
2023/2024,18-64 yrs,Greater Sierra-Sacramento,06/15/2024,24,2024,384,3614,10.625345877144438,Moderate,63,1475,4.271200,Low,2,878,0.227800,Very Low,,,,,,1788686.000000,22,,,1.22995316114735,,,Very Low,,,13,0,0,0,0.000000,0.000000,0.000000,,,
2023/2024,18-64 yrs,Southern California,06/15/2024,24,2024,745,13761,5.4138507375917442,Low,194,5501,3.526600,Low,2,2435,0.082100,Very Low,,,,,,7861790.000000,45,,,0.57238873081066799,,,Very Low,,,360,1,0,0,0.277778,0.000000,0.000000,,,
2023/2024,>64 yrs,Southern California,06/22/2024,25,2024,758,6537,11.595533119167815,Moderate,65,4619,1.407200,Very Low,7,2389,0.293000,Very Low,,,,,,1990514.000000,173,,,8.6912224681665204,,,Low,,,1338,16,0,0,1.195815,0.000000,0.000000,,,
2023/2024,18-64 yrs,Bay Area,06/29/2024,26,2024,1868,24499,7.6248010122862153,Low,246,8586,2.865100,Low,7,7301,0.095900,Very Low,,,,,,5244977.000000,125,,,2.3832325670827501,,,Very Low,,,202,3,1,0,1.485149,0.495050,0.000000,,,
2023/2024,0-17 yrs,Central California,06/29/2024,26,2024,156,2669,5.8448857249906334,Low,35,1152,3.038200,Low,0,882,0.000000,Very Low,,,,,,1246767.000000,4,,,0.32082979417966601,,,Very Low,,,8,0,0,0,0.000000,0.000000,0.000000,,,
2023/2024,>64 yrs,Southern California,06/29/2024,26,2024,826,6671,12.381951731374606,Moderate,74,4563,1.621700,Very Low,1,2350,0.042600,Very Low,,,,,,1990514.000000,166,,,8.3395545070268309,,,Low,,,1363,12,0,0,0.880411,0.000000,0.000000,,,
2024/2025,0-17 yrs,Los Angeles,07/06/2024,27,2024,222,2713,8.182823442683377,Moderate,68,1717,3.960400,Low,3,1105,0.271500,Very Low,,,,,,1934637.000000,12,,,0.62027139975096102,,,Very Low,,,18,0,0,0,0.000000,0.000000,0.000000,,,
2024/2025,>64 yrs,Southern California,07/06/2024,27,2024,896,6162,14.5407335280753,High,61,4617,1.321200,Very Low,2,2341,0.085400,Very Low,,,,,,2059864.000000,255,,,12.379458061308901,,,Low,,,1343,21,2,0,1.563663,0.148920,0.000000,,,
2024/2025,0-17 yrs,Central California,07/13/2024,28,2024,240,2787,8.611410118406889,Moderate,23,1080,2.129600,Low,3,855,0.350900,Very Low,,,,,,1224522.000000,5,,,0.40832259444909902,,,Very Low,,,14,0,0,0,0.000000,0.000000,0.000000,,,
2024/2025,18-64 yrs,Greater Sierra-Sacramento,07/13/2024,28,2024,701,4045,17.330037082818293,Very High,21,1519,1.382500,Very Low,0,897,0.000000,Very Low,,,,,,1793656.000000,44,,,2.4530902246584598,,,Very Low,,,16,0,0,0,0.000000,0.000000,0.000000,,,
2024/2025,>64 yrs,Greater Sierra-Sacramento,07/13/2024,28,2024,449,1922,23.36108220603538,Very High,10,1112,0.899300,Very Low,0,748,0.000000,Very Low,,,,,,525440.000000,173,,,32.924786845310599,,,Very High,,,41,0,0,0,0.000000,0.000000,0.000000,,,
2024/2025,>64 yrs,Los Angeles,07/13/2024,28,2024,1019,13409,7.5993735550749495,Low,57,3976,1.433600,Very Low,2,2550,0.078400,Very Low,,,,,,1608433.000000,329,,,20.454690994278302,,,Moderate,,,880,10,0,0,1.136364,0.000000,0.000000,,,
2024/2025,0-17 yrs,Rural North,07/13/2024,28,2024,21,183,11.475409836065573,Moderate,2,125,1.600000,Very Low,0,87,0.000000,Very Low,,,,,,147863.000000,1,,,0.67630171171963205,,,Very Low,,,3,0,0,0,0.000000,0.000000,0.000000,,,
2024/2025,>64 yrs,Rural North,07/20/2024,29,2024,79,323,24.458204334365323,Very High,3,286,1.049000,Very Low,0,183,0.000000,Very Low,,,,,,148325.000000,5,,,3.3709758975223298,,,Low,,,119,1,0,0,0.840336,0.000000,0.000000,,,
2024/2025,>64 yrs,Greater Sierra-Sacramento,07/27/2024,30,2024,421,1913,22.007318348144274,Very High,12,1053,1.139600,Very Low,1,710,0.140800,Very Low,,,,,,525440.000000,192,,,36.540803897685699,,,Very High,,,38,0,0,0,0.000000,0.000000,0.000000,,,
2024/2025,18-64 yrs,Los Angeles,07/27/2024,30,2024,2132,21060,10.123456790123457,Moderate,85,6094,1.394800,Very Low,0,3541,0.000000,Very Low,,,,,,6240953.000000,170,,,2.7239429619162299,,,Very Low,,,290,0,0,0,0.000000,0.000000,0.000000,,,
2024/2025,18-64 yrs,Southern California,07/27/2024,30,2024,2267,16733,13.548078646984999,High,85,6759,1.257600,Very Low,1,3010,0.033200,Very Low,,,,,,7875686.000000,178,,,2.2601205787026002,,,Very Low,,,399,2,1,0,0.501253,0.250627,0.000000,,,
2024/2025,>64 yrs,Bay Area,08/10/2024,32,2024,1250,9268,13.487268018990072,High,37,3035,1.219100,Very Low,13,2642,0.492100,Very Low,,,,,,1498910.000000,550,,,36.6933304868204,,,Very High,,,792,21,0,0,2.651515,0.000000,0.000000,,,
2024/2025,0-17 yrs,Rural North,08/10/2024,32,2024,31,183,16.939890710382514,High,0,110,0.000000,Very Low,0,80,0.000000,Very Low,,,,,,147863.000000,0,,,0,,,Very Low,,,1,0,0,0,0.000000,0.000000,0.000000,,,
2024/2025,18-64 yrs,Southern California,08/10/2024,32,2024,2474,17992,13.750555802578923,High,75,7308,1.026300,Very Low,2,3400,0.058800,Very Low,,,,,,7875686.000000,245,,,3.11084012237156,,,Low,,,388,6,1,0,1.546392,0.257732,0.000000,,,
2024/2025,0-17 yrs,Bay Area,08/24/2024,34,2024,606,8218,7.3740569481625702,Low,89,2080,4.278800,Low,8,1400,0.571400,Very Low,,,,,,1670512.000000,14,,,0.83806641317153097,,,Very Low,,,3,0,0,0,0.000000,0.000000,0.000000,,,
2024/2025,>64 yrs,Bay Area,08/24/2024,34,2024,1071,8740,12.254004576659039,Moderate,23,2568,0.895600,Very Low,0,1921,0.000000,Very Low,,,,,,1498910.000000,494,,,32.957282291798698,,,Very High,,,822,32,1,0,3.892944,0.121655,0.000000,,,
2024/2025,18-64 yrs,Greater Sierra-Sacramento,08/24/2024,34,2024,614,4506,13.626276076342656,High,20,1421,1.407500,Very Low,1,864,0.115700,Very Low,,,,,,1793656.000000,55,,,3.0663627808230798,,,Low,,,7,0,0,0,0.000000,0.000000,0.000000,,,
2024/2025,>64 yrs,Greater Sierra-Sacramento,08/24/2024,34,2024,356,2170,16.40552995391705,High,4,931,0.429600,Very Low,0,602,0.000000,Very Low,,,,,,525440.000000,195,,,37.111753958587101,,,Very High,,,38,0,0,0,0.000000,0.000000,0.000000,,,
2024/2025,0-17 yrs,Rural North,08/24/2024,34,2024,48,227,21.145374449339208,Very High,1,158,0.632900,Very Low,0,111,0.000000,Very Low,,,,,,147863.000000,0,,,0,,,Very Low,,,1,0,0,0,0.000000,0.000000,0.000000,,,
2024/2025,0-17 yrs,Southern California,08/24/2024,34,2024,964,5282,18.250662627792501,Very High,47,3043,1.544500,Very Low,8,2127,0.376100,Very Low,,,,,,2904951.000000,80,,,2.75391908503792,,,Very Low,,,16,1,0,0,6.250000,0.000000,0.000000,,,
2024/2025,0-17 yrs,Bay Area,08/31/2024,35,2024,484,7544,6.4156945917285251,Low,87,2288,3.802400,Low,13,1559,0.833900,Very Low,,,,,,1670512.000000,24,,,1.4366852797226199,,,Very Low,,,11,0,0,0,0.000000,0.000000,0.000000,,,
2024/2025,>64 yrs,Bay Area,08/31/2024,35,2024,969,8171,11.859013584628563,Moderate,30,2646,1.133800,Very Low,4,2062,0.194000,Very Low,,,,,,1498910.000000,458,,,30.555537023570501,,,High,,,835,29,0,0,3.473054,0.000000,0.000000,,,
2024/2025,>64 yrs,Central California,09/07/2024,36,2024,443,2497,17.741289547456947,Very High,8,1439,0.555900,Very Low,0,1048,0.000000,Very Low,,,,,,580446.000000,167,,,28.770979557099199,,,High,,,464,10,0,0,2.155172,0.000000,0.000000,,,
2024/2025,18-64 yrs,Los Angeles,09/07/2024,36,2024,1728,21008,8.2254379284082262,Moderate,303,6533,4.638000,Low,65,3835,1.694900,Low,,,,,,6240953.000000,181,,,2.9001980947461101,,,Very Low,,,344,5,1,0,1.453488,0.290698,0.000000,,,
2024/2025,18-64 yrs,Rural North,09/14/2024,37,2024,99,635,15.590551181102363,High,3,379,0.791600,Very Low,0,222,0.000000,Very Low,,,,,,384002.000000,3,,,0.781245931010776,,,Very Low,,,28,0,0,0,0.000000,0.000000,0.000000,,,
2024/2025,>64 yrs,Southern California,09/14/2024,37,2024,898,7440,12.06989247311828,Moderate,44,4982,0.883200,Very Low,2,2601,0.076900,Very Low,,,,,,2059864.000000,512,,,24.856009911333999,,,High,,,1364,29,1,0,2.126100,0.073314,0.000000,,,
2024/2025,18-64 yrs,Central California,09/21/2024,38,2024,488,7371,6.6205399538732879,Low,25,2425,1.030900,Very Low,0,1573,0.000000,Very Low,,,,,,2636654.000000,70,,,2.6548800108015702,,,Very Low,,,181,2,0,0,1.104972,0.000000,0.000000,,,
2024/2025,>64 yrs,Southern California,09/21/2024,38,2024,763,6788,11.24042427813789,Moderate,44,4878,0.902000,Very Low,0,2503,0.000000,Very Low,,,,,,2059864.000000,429,,,20.826617679613801,,,Moderate,,,1244,30,0,0,2.411576,0.000000,0.000000,,,
2024/2025,0-17 yrs,Bay Area,09/28/2024,39,2024,155,5695,2.7216856892010535,Very Low,69,2266,3.045000,Low,42,1590,2.641500,Low,,,,,,1670512.000000,8,,,0.47889509324087498,,,Very Low,,,8,0,0,0,0.000000,0.000000,0.000000,,,
2024/2025,18-64 yrs,Los Angeles,09/28/2024,39,2024,663,18450,3.5934959349593494,Low,80,5904,1.355000,Very Low,5,3768,0.132700,Very Low,,,,,,6240953.000000,112,,,1.7945977160859901,,,Very Low,,,288,1,0,0,0.347222,0.000000,0.000000,,,
2024/2025,0-17 yrs,Southern California,09/28/2024,39,2024,185,4851,3.8136466707895278,Low,47,2918,1.610700,Very Low,12,2096,0.572500,Very Low,,,,,,2904951.000000,31,,,1.0671436454522001,,,Very Low,,,16,0,0,0,0.000000,0.000000,0.000000,,,
2024/2025,18-64 yrs,Los Angeles,10/05/2024,40,2024,501,16553,3.0266416963692384,Low,99,5867,1.687400,Very Low,6,3610,0.166200,Very Low,,,,,,6240953.000000,96,,,1.5382266137879901,,,Very Low,,,290,2,0,0,0.689655,0.000000,0.000000,,,
2024/2025,0-17 yrs,Central California,10/12/2024,41,2024,53,2950,1.7966101694915255,Very Low,17,1633,1.041000,Very Low,13,1279,1.016400,Low,,,,,,1224522.000000,2,,,0.16332903777964,,,Very Low,,,12,0,0,0,0.000000,0.000000,0.000000,,,
2024/2025,>64 yrs,Rural North,10/12/2024,41,2024,50,257,19.45525291828794,Very High,2,257,0.778200,Very Low,0,163,0.000000,Very Low,,,,,,148325.000000,12,,,8.0903421540535998,,,Low,,,116,4,0,0,3.448276,0.000000,0.000000,,,
2024/2025,0-17 yrs,Southern California,10/12/2024,41,2024,81,4791,1.6906700062617408,Very Low,46,2993,1.536900,Very Low,18,2102,0.856300,Very Low,,,,,,2904951.000000,22,,,0.75732774838542904,,,Very Low,,,23,0,0,0,0.000000,0.000000,0.000000,,,
2024/2025,>64 yrs,Los Angeles,10/19/2024,42,2024,274,10012,2.7367159408709547,Very Low,32,4470,0.715900,Very Low,5,3056,0.163600,Very Low,,,,,,1608433.000000,133,,,8.26891763598484,,,Low,,,829,7,0,0,0.844391,0.000000,0.000000,,,
2024/2025,>64 yrs,Southern California,10/19/2024,42,2024,351,6157,5.7008283254831902,Low,46,4451,1.033500,Very Low,3,2272,0.132000,Very Low,,,,,,2059864.000000,175,,,8.4957065126629701,,,Low,,,1274,14,1,0,1.098901,0.078493,0.000000,,,
2024/2025,18-64 yrs,Southern California,10/26/2024,43,2024,305,16443,1.8548926594903605,Very Low,126,6364,1.979900,Very Low,4,2766,0.144600,Very Low,,,,,,7875686.000000,64,,,0.81262762380318398,,,Very Low,,,378,1,0,0,0.264550,0.000000,0.000000,,,
2024/2025,>64 yrs,Greater Sierra-Sacramento,11/02/2024,44,2024,101,1649,6.1249241964827164,Low,16,1573,1.017200,Very Low,4,1233,0.324400,Very Low,,,,,,525440.000000,28,1,1,5.3288672350791719,0.19031668696711329,0.19031668696711329,Low,Very Low,Very Low,49,1,0,0,2.040816,0.000000,0.000000,,,
2024/2025,>64 yrs,Los Angeles,11/02/2024,44,2024,189,10244,1.8449824287387739,Very Low,48,4511,1.064100,Very Low,8,3180,0.251600,Very Low,,,,,,1608433.000000,129,15,2,8.0202283837747679,0.9325846957877636,0.12434462610503515,Low,Very Low,Very Low,873,3,0,1,0.343643,0.000000,0.114548,,,
2024/2025,>64 yrs,Greater Sierra-Sacramento,11/09/2024,45,2024,125,1613,7.7495350278983262,Low,26,1560,1.666700,Very Low,9,1259,0.714900,Very Low,,,,,,525440.000000,49,4,0,9.3255176613885506,0.76126674786845316,0,Low,Very Low,Very Low,30,0,0,0,0.000000,0.000000,0.000000,,,
2024/2025,>64 yrs,Los Angeles,11/16/2024,46,2024,214,10258,2.0861766426203938,Very Low,104,5054,2.057800,Low,12,3446,0.348200,Very Low,,,,,,1608433.000000,136,42,5,8.4554345751423909,2.6112371482057384,0.3108615652625879,Low,Low,Very Low,973,9,1,1,0.924974,0.102775,0.102775,,,
2024/2025,>64 yrs,Rural North,11/16/2024,46,2024,22,211,10.42654028436019,Moderate,5,289,1.730100,Very Low,1,181,0.552500,Very Low,,,,,,148325.000000,23,3,0,15.50648912860273,2.0225855385133995,0,Moderate,Low,Very Low,134,3,1,0,2.238806,0.746269,0.000000,,,
2024/2025,0-17 yrs,Southern California,12/07/2024,49,2024,107,6910,1.5484804630969609,Very Low,1021,5090,20.058900,High,415,3557,11.667100,Very High,,,,,,2904951.000000,19,62,89,0.65405578269650677,2.1342872909043904,3.0637349821046898,Very Low,Low,Very High,19,0,0,0,0.000000,0.000000,0.000000,,,
2024/2025,>64 yrs,Bay Area,12/14/2024,50,2024,192,7430,2.5841184387617768,Very Low,395,5935,6.655400,Low,174,5312,3.275600,Low,,,,,,1498910.000000,87,114,49,5.8042177315515939,7.6055266827227781,3.2690421706440014,Low,High,Very High,953,8,4,1,0.839454,0.419727,0.104932,,,
2024/2025,0-17 yrs,Los Angeles,12/21/2024,51,2024,141,9163,1.5387973371166648,Very Low,3290,7827,42.034000,Very High,824,4802,17.159500,Very High,,,,,,1934637.000000,17,154,104,0.87871781631386148,7.9601496301373329,5.3756854645083294,Very Low,High,Very High,14,0,1,1,0.000000,7.142857,7.142857,,,
2024/2025,18-64 yrs,Rural North,12/21/2024,51,2024,23,569,4.0421792618629171,Low,138,795,17.358500,High,9,346,2.601200,Low,,,,,,384002.000000,5,14,4,1.3020765516846267,3.6458143447169542,1.0416612413477013,Very Low,Low,Low,36,0,0,0,0.000000,0.000000,0.000000,,,
2024/2025,18-64 yrs,Bay Area,12/28/2024,52,2024,356,17394,2.0466827641715533,Very Low,4070,13653,29.810300,Very High,486,10338,4.701100,Moderate,,,,,,5222531.000000,26,316,56,0.49784290413977439,6.0507060656987965,1.0722770243010524,Very Low,High,Low,209,0,3,0,0.000000,1.435407,0.000000,,,
2024/2025,0-17 yrs,Los Angeles,12/28/2024,52,2024,123,7275,1.6907216494845363,Very Low,2998,6755,44.381900,Very High,780,4274,18.249900,Very High,,,,,,1934637.000000,12,92,52,0.62027139975096102,4.7554140647573675,2.6878427322541647,Very Low,Moderate,High,10,0,0,0,0.000000,0.000000,0.000000,,,
2024/2025,>64 yrs,Bay Area,01/04/2025,1,2025,328,9010,3.6403995560488345,Low,1243,8697,14.292300,Moderate,441,7790,5.661100,Moderate,,,,,,1498910.000000,141,406,129,9.406835633893964,27.086349413907438,8.6062538778178812,Low,Very High,Very High,893,9,12,4,1.007839,1.343785,0.447928,,,
2024/2025,0-17 yrs,Los Angeles,01/04/2025,1,2025,103,5747,1.7922394292674437,Very Low,1829,4936,37.054300,Very High,627,3285,19.086800,Very High,,,,,,1934637.000000,21,78,56,1.0854749495641818,4.0317640983812471,2.8945998655044849,Very Low,Moderate,High,14,0,1,0,0.000000,7.142857,0.000000,,,
2024/2025,>64 yrs,Los Angeles,01/04/2025,1,2025,484,14132,3.4248514010755731,Low,1537,9105,16.880800,High,155,5861,2.644600,Low,,,,,,1608433.000000,235,545,66,14.610493567341631,33.883910613622078,4.1033726614661603,Moderate,Very High,Very High,1129,11,18,0,0.974314,1.594331,0.000000,,,
2024/2025,>64 yrs,Rural North,01/04/2025,1,2025,17,346,4.9132947976878611,Low,67,697,9.612600,Moderate,28,357,7.843100,High,,,,,,148325.000000,24,20,3,16.180684308107196,13.48390359008933,2.0225855385133995,Moderate,Very High,High,127,2,3,0,1.574803,2.362205,0.000000,,,
2024/2025,18-64 yrs,Greater Sierra-Sacramento,01/11/2025,2,2025,130,5448,2.3861967694566815,Very Low,1083,5022,21.565100,Very High,156,3393,4.597700,Moderate,,,,,,1793656.000000,35,70,15,1.9513217696146863,3.9026435392293726,0.83628075840629423,Very Low,Low,Low,12,0,0,0,0.000000,0.000000,0.000000,,,
2024/2025,18-64 yrs,Southern California,01/11/2025,2,2025,524,24571,2.1325953359651622,Very Low,4041,14595,27.687600,Very High,228,5711,3.992300,Low,,,,,,7875686.000000,70,515,49,0.88881146353473206,6.5391129102912426,0.62216802447431252,Very Low,High,Low,413,2,14,1,0.484262,3.389831,0.242131,,,
2024/2025,0-17 yrs,Greater Sierra-Sacramento,01/18/2025,3,2025,31,2970,1.0437710437710439,Very Low,1015,2985,34.003400,Very High,484,2238,21.626500,Very High,,,,,,662349.000000,3,16,42,0.45293342331610675,2.4156449243525695,6.3410679264254943,Very Low,Low,Very High,1,0,0,0,0.000000,0.000000,0.000000,,,
2024/2025,>64 yrs,Bay Area,01/25/2025,4,2025,340,9026,3.7668956348327058,Low,1737,8479,20.485900,High,316,7280,4.340700,Moderate,,,,,,1498910.000000,104,506,86,6.9383752193260433,33.75786404787479,5.7375025852119208,Low,Very High,Very High,911,7,22,3,0.768386,2.414929,0.329308,,,
2024/2025,>64 yrs,Los Angeles,01/25/2025,4,2025,443,15020,2.9494007989347537,Very Low,1424,8741,16.291000,High,182,5710,3.187400,Low,,,,,,1608433.000000,245,545,58,15.232216697866804,33.883910613622078,3.6059941570460192,Moderate,Very High,Very High,1186,13,25,1,1.096121,2.107926,0.084317,,,
2024/2025,>64 yrs,Los Angeles,02/01/2025,5,2025,464,15717,2.9522173442768977,Very Low,1524,9576,15.914800,High,159,6515,2.440500,Low,,,,,,1608433.000000,237,564,44,14.734838193446667,35.065184561619915,2.7355817743107735,Moderate,Very High,High,1258,18,27,1,1.430843,2.146264,0.079491,,,
2024/2025,18-64 yrs,Rural North,02/01/2025,5,2025,13,835,1.5568862275449102,Very Low,407,1327,30.670700,Very High,31,593,5.227700,Moderate,,,,,,384002.000000,55,34,1,14.322842068530893,8.8541205514554608,0.26041531033692533,Moderate,High,Very Low,35,0,1,0,0.000000,2.857143,0.000000,,,
2024/2025,18-64 yrs,Southern California,02/01/2025,5,2025,505,30365,1.6630989626214392,Very Low,4499,15509,29.009000,Very High,211,6031,3.498600,Low,,,,,,7875686.000000,85,588,50,1.0792710628636033,7.4660162936917489,0.63486533109623722,Very Low,High,Low,460,3,20,0,0.652174,4.347826,0.000000,,,
2024/2025,18-64 yrs,Bay Area,02/08/2025,6,2025,570,22300,2.5560538116591927,Very Low,5846,17481,33.442000,Very High,459,14234,3.224700,Low,,,,,,5222531.000000,34,301,29,0.65102533618278191,5.7634890056181574,0.55528631615590218,Very Low,Moderate,Low,234,0,9,0,0.000000,3.846154,0.000000,,,
2024/2025,18-64 yrs,Central California,02/08/2025,6,2025,207,8114,2.5511461671185605,Very Low,2614,8082,32.343500,Very High,204,5705,3.575800,Low,,,,,,2636654.000000,13,163,18,0.49304914486314849,6.1820777394379398,0.6826834313489748,Very Low,High,Low,202,0,6,0,0.000000,2.970297,0.000000,,,
2024/2025,18-64 yrs,Greater Sierra-Sacramento,02/08/2025,6,2025,139,5712,2.4334733893557425,Very Low,1993,5920,33.665500,Very High,130,3844,3.381900,Low,,,,,,1793656.000000,18,140,14,1.0035369100875529,7.8052870784587451,0.78052870784587447,Very Low,High,Low,12,0,0,0,0.000000,0.000000,0.000000,,,
2024/2025,>64 yrs,Rural North,02/08/2025,6,2025,12,394,3.0456852791878175,Low,175,821,21.315500,Very High,17,450,3.777800,Low,,,,,,148325.000000,6,54,0,4.045171077026799,36.406539693241193,0,Low,Very High,Very Low,142,0,6,0,0.000000,4.225352,0.000000,,,
2024/2025,18-64 yrs,Southern California,02/15/2025,7,2025,387,16584,2.3335745296671493,Very Low,2043,12582,16.237500,High,190,5304,3.582200,Low,,,,,,7875686.000000,85,271,57,1.0792710628636033,3.4409700945416057,0.72374647744971043,Very Low,Low,Low,404,2,10,0,0.495050,2.475248,0.000000,,,
2024/2025,0-17 yrs,Los Angeles,02/22/2025,8,2025,113,5624,2.0092460881934566,Very Low,1279,5788,22.097400,Very High,434,3540,12.259900,Very High,,,,,,1934637.000000,12,25,35,0.62027139975096102,1.2922320828145022,1.8091249159403029,Very Low,Low,Moderate,15,0,0,0,0.000000,0.000000,0.000000,,,
2024/2025,18-64 yrs,Central California,03/01/2025,9,2025,120,6225,1.9277108433734942,Very Low,1093,6028,18.132100,High,139,4181,3.324600,Low,,,,,,2636654.000000,21,63,9,0.79646400324047062,2.3893920097214121,0.3413417156744874,Very Low,Low,Very Low,169,1,1,0,0.591716,0.591716,0.000000,,,
2024/2025,>64 yrs,Rural North,03/01/2025,9,2025,16,339,4.71976401179941,Low,89,715,12.447600,Moderate,21,363,5.785100,Moderate,,,,,,148325.000000,5,25,1,3.3709758975223325,16.854879487611665,0.6741951795044665,Low,Very High,Low,130,3,4,1,2.307692,3.076923,0.769231,,,
2024/2025,18-64 yrs,Southern California,03/01/2025,9,2025,341,17370,1.9631548647092687,Very Low,1285,10621,12.098700,Moderate,160,4317,3.706300,Low,,,,,,7875686.000000,54,164,48,0.68565455758393612,2.082358285995658,0.60947071785238771,Very Low,Low,Low,376,3,6,0,0.797872,1.595745,0.000000,,,
2024/2025,>64 yrs,Southern California,03/01/2025,9,2025,262,7690,3.4070221066319899,Low,463,7108,6.513800,Low,147,3436,4.278200,Moderate,,,,,,2059864.000000,111,197,59,5.3887052737462282,9.5637381885406025,2.8642667671263733,Low,Very High,High,1475,11,12,2,0.745763,0.813559,0.135593,,,
2024/2025,>64 yrs,Greater Sierra-Sacramento,03/08/2025,10,2025,55,1875,2.9333333333333331,Very Low,172,2526,6.809200,Low,65,1750,3.714300,Low,,,,,,525440.000000,41,73,19,7.8029841656516448,13.893118148599269,3.6160170523751525,Low,Very High,Very High,57,0,3,1,0.000000,5.263158,1.754386,,,
2024/2025,18-64 yrs,Rural North,03/08/2025,10,2025,12,600,2,Very Low,108,791,13.653600,Moderate,26,387,6.718300,Moderate,,,,,,384002.000000,0,10,12,0,2.6041531033692533,3.1249837240431044,Very Low,Low,Very High,29,0,1,0,0.000000,3.448276,0.000000,,,
2024/2025,>64 yrs,Southern California,03/08/2025,10,2025,230,7086,3.2458368614168789,Low,371,6662,5.568900,Low,112,3450,3.246400,Low,,,,,,2059864.000000,117,155,58,5.6799866398946728,7.5247686255014896,2.8157198727682995,Low,High,High,1477,16,11,5,1.083277,0.744753,0.338524,,,
2024/2025,0-17 yrs,Greater Sierra-Sacramento,03/15/2025,11,2025,15,2560,0.5859375,Very Low,523,2727,19.178600,High,166,1929,8.605500,High,,,,,,662349.000000,0,14,17,0,2.1136893088084983,2.5666227321246051,Very Low,Low,High,2,0,0,0,0.000000,0.000000,0.000000,,,
2024/2025,0-17 yrs,Los Angeles,03/15/2025,11,2025,73,5473,1.3338205737255617,Very Low,931,5056,18.413800,High,252,3166,7.959600,High,,,,,,1934637.000000,11,26,17,0.56858211643838097,1.3439213661270824,0.87871781631386148,Very Low,Low,Low,20,0,1,0,0.000000,5.000000,0.000000,,,
2024/2025,>64 yrs,Rural North,03/15/2025,11,2025,16,376,4.2553191489361701,Low,34,575,5.913000,Low,27,331,8.157100,High,,,,,,148325.000000,14,6,5,9.4387325130625328,4.045171077026799,3.3709758975223325,Low,Moderate,Very High,133,0,1,1,0.000000,0.751880,0.751880,,,
2024/2025,18-64 yrs,Los Angeles,03/22/2025,12,2025,341,23338,1.4611363441597394,Very Low,887,12410,7.147500,Low,88,8093,1.087400,Low,,,,,,6240953.000000,77,53,13,1.2337859298091172,0.84922927636211964,0.2083015206171237,Very Low,Very Low,Very Low,301,0,2,0,0.000000,0.664452,0.000000,,,
2024/2025,18-64 yrs,Rural North,03/22/2025,12,2025,15,518,2.8957528957528957,Very Low,57,662,8.610300,Low,24,330,7.272700,High,,,,,,384002.000000,1,4,1,0.26041531033692533,1.0416612413477013,0.26041531033692533,Very Low,Low,Very Low,26,0,0,0,0.000000,0.000000,0.000000,,,
2024/2025,0-17 yrs,Bay Area,03/29/2025,13,2025,64,8224,0.77821011673151752,Very Low,1912,7150,26.741300,Very High,190,5466,3.476000,Low,,,,,,1670512.000000,1,14,12,0.059861886655109331,0.83806641317153063,0.71834263986131197,Very Low,Very Low,Low,3,0,0,0,0.000000,0.000000,0.000000,,,
2024/2025,>64 yrs,Rural North,03/29/2025,13,2025,15,308,4.8701298701298708,Low,15,467,3.212000,Low,13,262,4.961800,Moderate,,,,,,148325.000000,6,5,5,4.045171077026799,3.3709758975223325,3.3709758975223325,Low,Low,Very High,129,0,2,1,0.000000,1.550388,0.775194,,,
2024/2025,18-64 yrs,Bay Area,04/05/2025,14,2025,258,13460,1.9167904903417534,Very Low,940,9304,10.103200,Moderate,84,7479,1.123100,Low,,,,,,5222531.000000,18,36,11,0.34466047209676687,0.68932094419353374,0.21062584405913531,Very Low,Very Low,Very Low,214,0,1,0,0.000000,0.467290,0.000000,,,
2024/2025,>64 yrs,Greater Sierra-Sacramento,04/05/2025,14,2025,54,1516,3.5620052770448551,Low,54,1990,2.713600,Low,23,1397,1.646400,Low,,,,,,525440.000000,25,27,7,4.7579171741778312,5.1385505481120584,1.332216808769793,Low,Moderate,Low,51,0,0,0,0.000000,0.000000,0.000000,,,
2024/2025,18-64 yrs,Los Angeles,04/05/2025,14,2025,269,22649,1.1876904057574287,Very Low,589,11455,5.141900,Low,47,6889,0.682200,Very Low,,,,,,6240953.000000,71,48,9,1.137646766447368,0.76911330689399526,0.1442087450426241,Very Low,Very Low,Very Low,328,2,0,0,0.609756,0.000000,0.000000,,,
2024/2025,0-17 yrs,Greater Sierra-Sacramento,04/12/2025,15,2025,26,2095,1.2410501193317423,Very Low,250,2257,11.076700,Moderate,50,1568,3.188800,Low,,,,,,662349.000000,1,3,8,0.15097780777203559,0.45293342331610675,1.2078224621762848,Very Low,Very Low,Low,1,0,0,0,0.000000,0.000000,0.000000,,,
2024/2025,18-64 yrs,Rural North,04/12/2025,15,2025,10,467,2.1413276231263381,Very Low,30,651,4.608300,Low,9,317,2.839100,Low,,,,,,384002.000000,2,9,1,0.52083062067385066,2.3437377930323282,0.26041531033692533,Very Low,Low,Very Low,33,0,0,0,0.000000,0.000000,0.000000,,,
2024/2025,18-64 yrs,Bay Area,04/19/2025,16,2025,266,13388,1.9868538990140423,Very Low,699,8471,8.251700,Low,28,6848,0.408900,Very Low,,,,,,5222531.000000,19,21,7,0.36380827610214284,0.40210388411289472,0.13403462803763155,Very Low,Very Low,Very Low,206,3,0,1,1.456311,0.000000,0.485437,,,
2024/2025,18-64 yrs,Central California,04/19/2025,16,2025,102,4796,2.126772310258549,Very Low,172,3742,4.596500,Low,19,2616,0.726300,Very Low,,,,,,2636654.000000,9,19,0,0.3413417156744874,0.72061028864614018,0,Very Low,Very Low,Very Low,157,0,1,0,0.000000,0.636943,0.000000,,,
2024/2025,>64 yrs,Central California,04/19/2025,16,2025,50,1733,2.8851702250432774,Very Low,41,1985,2.065500,Low,13,1434,0.906600,Very Low,,,,,,580446.000000,29,18,7,4.9961581266818964,3.1010636648370391,1.2059692029921818,Low,Low,Low,461,3,0,0,0.650759,0.000000,0.000000,,,
2024/2025,18-64 yrs,Southern California,04/19/2025,16,2025,255,14887,1.7129038758648487,Very Low,337,7784,4.329400,Low,34,3498,0.972000,Very Low,,,,,,7875686.000000,31,36,10,0.39361650527966707,0.45710303838929078,0.12697306621924745,Very Low,Very Low,Very Low,336,1,1,1,0.297619,0.297619,0.297619,,,
2024/2025,18-64 yrs,Rural North,04/26/2025,17,2025,6,348,1.7241379310344827,Very Low,11,483,2.277400,Low,0,252,0.000000,Very Low,,,,,,384002.000000,0,1,0,0,0.26041531033692533,0,Very Low,Very Low,Very Low,31,0,0,0,0.000000,0.000000,0.000000,,,
2024/2025,18-64 yrs,Los Angeles,05/03/2025,18,2025,260,19715,1.3187927973624143,Very Low,246,8583,2.866100,Low,19,5275,0.360200,Very Low,,,,,,6240953.000000,56,18,3,0.89729885804299447,0.2884174900852482,0.048069581680874704,Very Low,Very Low,Very Low,275,0,1,0,0.000000,0.363636,0.000000,,,
2024/2025,18-64 yrs,Bay Area,05/10/2025,19,2025,466,11206,4.158486525075852,Low,297,5330,5.572200,Low,18,3899,0.461700,Very Low,,,,,,5222531.000000,32,15,2,0.61272972817202997,0.28721706008063908,0.038295608010751873,Very Low,Very Low,Very Low,185,0,0,0,0.000000,0.000000,0.000000,,,
2024/2025,0-17 yrs,Central California,05/17/2025,20,2025,53,2443,2.1694637740483009,Very Low,111,2164,5.129400,Low,21,1520,1.381600,Low,,,,,,1224522.000000,0,2,1,0,0.16332903777963972,0.081664518889819862,Very Low,Very Low,Very Low,7,0,0,0,0.000000,0.000000,0.000000,,,
2024/2025,>64 yrs,Southern California,05/17/2025,20,2025,249,6055,4.1123038810900088,Low,66,5298,1.245800,Very Low,16,3119,0.513000,Very Low,,,,,,2059864.000000,104,41,4,5.0488770132397089,1.9904226686810389,0.19418757743229653,Low,Low,Very Low,1291,3,2,1,0.232378,0.154919,0.077459,,,
2024/2025,0-17 yrs,Greater Sierra-Sacramento,05/24/2025,21,2025,33,1304,2.5306748466257667,Very Low,72,962,7.484400,Low,15,646,2.322000,Low,,,,,,662349.000000,3,3,2,0.45293342331610675,0.45293342331610675,0.30195561554407119,Very Low,Very Low,Very Low,1,0,0,0,0.000000,0.000000,0.000000,,,
2024/2025,>64 yrs,Greater Sierra-Sacramento,05/24/2025,21,2025,74,1231,6.011372867587327,Low,13,751,1.731000,Very Low,4,555,0.720700,Very Low,,,,,,525440.000000,41,4,1,7.8029841656516448,0.76126674786845316,0.19031668696711329,Low,Very Low,Very Low,51,0,0,0,0.000000,0.000000,0.000000,,,
2024/2025,18-64 yrs,Los Angeles,05/24/2025,21,2025,272,16804,1.6186622232801713,Very Low,190,8258,2.300800,Low,17,5261,0.323100,Very Low,,,,,,6240953.000000,59,26,3,0.94536843972386908,0.41660304123424741,0.048069581680874704,Very Low,Very Low,Very Low,290,1,1,0,0.344828,0.344828,0.000000,,,
2024/2025,0-17 yrs,Southern California,05/24/2025,21,2025,145,4682,3.0969671080734731,Low,133,3612,3.682200,Low,24,2599,0.923400,Very Low,,,,,,2904951.000000,16,10,5,0.55078381700758461,0.34423988562974039,0.1721199428148702,Very Low,Very Low,Very Low,12,0,1,0,0.000000,8.333333,0.000000,,,
2024/2025,0-17 yrs,Greater Sierra-Sacramento,05/31/2025,22,2025,21,1116,1.881720430107527,Very Low,75,847,8.854800,Low,3,526,0.570300,Very Low,,,,,,662349.000000,1,7,1,0.15097780777203559,1.0568446544042491,0.15097780777203559,Very Low,Low,Very Low,1,0,0,0,0.000000,0.000000,0.000000,,,
2024/2025,>64 yrs,Southern California,05/31/2025,22,2025,314,5882,5.338320299217953,Low,73,5235,1.394500,Very Low,5,3150,0.158700,Very Low,,,,,,2059864.000000,116,32,2,5.631439745536599,1.5535006194583723,0.097093788716148266,Low,Low,Very Low,1355,7,0,0,0.516605,0.000000,0.000000,,,
2024/2025,0-17 yrs,Central California,06/07/2025,23,2025,86,2064,4.1666666666666661,Low,73,1540,4.740300,Low,5,1064,0.469900,Very Low,,,,,,1224522.000000,2,1,1,0.16332903777963972,0.081664518889819862,0.081664518889819862,Very Low,Very Low,Very Low,15,0,0,0,0.000000,0.000000,0.000000,,,
2024/2025,0-17 yrs,Bay Area,06/14/2025,24,2025,113,4211,2.6834481120873903,Very Low,178,2266,7.855300,Low,9,1629,0.552500,Very Low,,,,,,1670512.000000,5,3,0,0.29930943327554665,0.17958565996532799,0,Very Low,Very Low,Very Low,9,0,1,0,0.000000,11.111111,0.000000,,,
2024/2025,0-17 yrs,Greater Sierra-Sacramento,06/14/2025,24,2025,36,974,3.6960985626283369,Low,54,748,7.219300,Low,10,449,2.227200,Low,,,,,,662349.000000,1,5,0,0.15097780777203559,0.754889038860178,0,Very Low,Very Low,Very Low,2,0,0,0,0.000000,0.000000,0.000000,,,
2024/2025,18-64 yrs,Bay Area,06/21/2025,25,2025,443,9327,4.7496515492655735,Low,119,3730,3.190300,Low,9,2820,0.319100,Very Low,,,,,,5222531.000000,42,10,0,0.80420776822578943,0.1914780400537594,0,Very Low,Very Low,Very Low,191,2,0,0,1.047120,0.000000,0.000000,,,
2024/2025,0-17 yrs,Central California,06/28/2025,26,2025,89,1780,5,Low,27,1177,2.294000,Low,1,817,0.122400,Very Low,,,,,,1224522.000000,0,2,0,0,0.16332903777963972,0,Very Low,Very Low,Very Low,12,0,0,0,0.000000,0.000000,0.000000,,,
2024/2025,0-17 yrs,Rural North,06/28/2025,26,2025,3,134,2.2388059701492535,Very Low,3,160,1.875000,Very Low,0,117,0.000000,Very Low,,,,,,147863.000000,0,0,0,0,0,0,Very Low,Very Low,Very Low,2,0,0,0,0.000000,0.000000,0.000000,,,
2025/2026,0-17 yrs,Greater Sierra-Sacramento,07/05/2025,27,2025,36,777,4.6332046332046328,Low,8,509,1.571700,Very Low,3,301,0.996700,Very Low,2,7,,,,650543.000000,0,2,1,0,0.30743548082140609,0.15371774041070305,Very Low,Very Low,Very Low,1,0,0,0,0.000000,0.000000,0.000000,,,
2025/2026,>64 yrs,Los Angeles,07/05/2025,27,2025,206,7966,2.5859904594526739,Very Low,36,3544,1.015800,Very Low,4,2293,0.174400,Very Low,17,3,,,,1662650.000000,99,16,2,5.9543499834601388,0.96231918924608306,0.12028989865576038,Low,Very Low,Very Low,862,6,1,0,0.696056,0.116009,0.000000,,,
2025/2026,>64 yrs,Los Angeles,07/12/2025,28,2025,257,8238,3.1196892449623697,Low,34,3680,0.923900,Very Low,3,2334,0.128500,Very Low,24,1,,,,1662650.000000,117,11,1,7.0369590713619825,0.6615944426066821,0.060144949327880191,Low,Very Low,Very Low,827,4,0,0,0.483676,0.000000,0.000000,,,
2025/2026,>64 yrs,Rural North,07/12/2025,28,2025,26,155,16.7741935483871,High,2,153,1.307200,Very Low,0,104,0.000000,Very Low,1,1,,,,150862.000000,5,0,0,3.314287229388448,0,0,Low,Very Low,Very Low,115,2,1,0,1.739130,0.869565,0.000000,,,
2025/2026,0-17 yrs,Southern California,07/12/2025,28,2025,172,3269,5.2615478739675741,Low,58,2310,2.510800,Low,9,1565,0.575100,Very Low,18,18,,,,2856266.000000,14,7,3,0.49015042716609725,0.24507521358304862,0.10503223439273514,Very Low,Very Low,Very Low,16,0,0,0,0.000000,0.000000,0.000000,,,
2025/2026,18-64 yrs,Southern California,07/12/2025,28,2025,489,12252,3.9911851126346716,Low,83,5314,1.561900,Very Low,1,2401,0.041600,Very Low,29,20,,,,7896077.000000,54,13,1,0.68388390842693159,0.16463871869537242,0.012664516822720953,Very Low,Very Low,Very Low,385,1,0,0,0.259740,0.000000,0.000000,,,
2025/2026,>64 yrs,Bay Area,07/19/2025,29,2025,465,5267,8.8285551547370424,Moderate,19,2444,0.777400,Very Low,2,2069,0.096700,Very Low,15,1,,,,1548338.000000,124,4,0,8.0085872722880911,0.2583415249125191,0,Low,Very Low,Very Low,777,4,0,0,0.514801,0.000000,0.000000,,,
2025/2026,>64 yrs,Greater Sierra-Sacramento,07/19/2025,29,2025,80,1175,6.8085106382978724,Low,4,543,0.736600,Very Low,2,302,0.662300,Very Low,2,2,,,,540932.000000,36,0,0,6.6551803184134046,0,0,Low,Very Low,Very Low,39,0,0,0,0.000000,0.000000,0.000000,,,
2025/2026,0-17 yrs,Los Angeles,07/26/2025,30,2025,167,3190,5.2351097178683386,Low,26,1652,1.573800,Very Low,7,1083,0.646400,Very Low,9,3,,,,1891916.000000,7,0,0,0.36999528520293712,0,0,Very Low,Very Low,Very Low,15,0,0,0,0.000000,0.000000,0.000000,,,
2025/2026,18-64 yrs,Bay Area,08/02/2025,31,2025,942,9690,9.7213622291021675,Moderate,58,3469,1.672000,Very Low,3,2647,0.113300,Very Low,32,4,,,,5207239.000000,88,5,1,1.6899550798417355,0.096020174991007706,0.019204034998201541,Very Low,Very Low,Very Low,194,1,0,0,0.515464,0.000000,0.000000,,,
2025/2026,0-17 yrs,Central California,08/09/2025,32,2025,287,1766,16.251415628539071,High,15,995,1.507500,Very Low,1,645,0.155000,Very Low,7,1,,,,1200683.000000,2,0,0,0.16657185951662512,0,0,Very Low,Very Low,Very Low,15,0,0,0,0.000000,0.000000,0.000000,,,
2025/2026,18-64 yrs,Central California,08/09/2025,32,2025,460,3625,12.689655172413794,Moderate,24,1536,1.562500,Very Low,0,801,0.000000,Very Low,13,2,,,,2656528.000000,38,4,0,1.4304385272807214,0.15057247655586539,0,Very Low,Very Low,Very Low,168,1,0,0,0.595238,0.000000,0.000000,,,
2025/2026,0-17 yrs,Greater Sierra-Sacramento,08/09/2025,32,2025,113,809,13.967861557478367,High,14,432,3.240700,Low,6,238,2.521000,Low,13,0,,,,650543.000000,1,0,0,0.15371774041070305,0,0,Very Low,Very Low,Very Low,1,0,0,0,0.000000,0.000000,0.000000,,,
2025/2026,>64 yrs,Los Angeles,08/09/2025,32,2025,425,7433,5.7177451903672809,Low,24,3899,0.615500,Very Low,7,2531,0.276600,Very Low,12,3,,,,1662650.000000,172,16,1,10.344931284395393,0.96231918924608306,0.060144949327880191,Low,Very Low,Very Low,884,8,0,1,0.904977,0.000000,0.113122,,,
2025/2026,18-64 yrs,Bay Area,08/16/2025,33,2025,1160,9478,12.238868959696138,Moderate,61,3443,1.771700,Very Low,3,2578,0.116400,Very Low,49,3,,,,5207239.000000,100,3,1,1.9204034998201542,0.057612104994604625,0.019204034998201541,Very Low,Very Low,Very Low,196,3,0,0,1.530612,0.000000,0.000000,,,
2025/2026,18-64 yrs,Central California,08/16/2025,33,2025,568,4062,13.983259478089611,High,11,1627,0.676100,Very Low,2,902,0.221700,Very Low,3,1,,,,2656528.000000,35,3,0,1.3175091698638222,0.11292935741689906,0,Very Low,Very Low,Very Low,165,1,0,0,0.606061,0.000000,0.000000,,,
2025/2026,18-64 yrs,Los Angeles,08/16/2025,33,2025,904,18744,4.8228766538625694,Low,84,6161,1.363400,Very Low,4,3315,0.120700,Very Low,25,15,,,,6194360.000000,112,6,0,1.808096397367928,0.096862307001853304,0,Very Low,Very Low,Very Low,280,2,0,0,0.714286,0.000000,0.000000,,,
2025/2026,>64 yrs,Central California,08/23/2025,34,2025,290,1493,19.42397856664434,Very High,3,974,0.308000,Very Low,0,638,0.000000,Very Low,,,,,,597083.000000,82,4,0,13.733434045182998,0.66992361196014627,0,Moderate,Very Low,Very Low,477,10,2,0,2.096436,0.419287,0.000000,,,
2025/2026,0-17 yrs,Southern California,08/23/2025,34,2025,795,4448,17.87320143884892,Very High,49,3753,1.305600,Very Low,10,2584,0.387000,Very Low,13,5,,,,2856266.000000,38,6,1,1.3304083023079782,0.21006446878547028,0.035010744797578375,Very Low,Very Low,Very Low,20,0,1,0,0.000000,5.000000,0.000000,,,
2025/2026,18-64 yrs,Los Angeles,08/30/2025,35,2025,1220,17018,7.1688800094018097,Low,108,6518,1.656900,Very Low,4,3390,0.118000,Very Low,29,9,,,,6194360.000000,147,17,0,2.3731265215454056,0.27444320317191767,0,Very Low,Very Low,Very Low,307,4,0,0,1.302932,0.000000,0.000000,,,
2025/2026,18-64 yrs,Rural North,08/30/2025,35,2025,86,393,21.882951653944023,Very High,0,303,0.000000,Very Low,1,184,0.543500,Very Low,,,,,,381874.000000,2,0,1,0.5237329590388452,0,0.2618664795194226,Very Low,Very Low,Very Low,29,0,0,0,0.000000,0.000000,0.000000,,,
2025/2026,0-17 yrs,Central California,09/06/2025,36,2025,359,2637,13.613955252180507,High,26,1817,1.430900,Very Low,2,1355,0.147600,Very Low,4,1,,,,1200683.000000,7,1,1,0.58300150830818787,0.08328592975831256,0.08328592975831256,Very Low,Very Low,Very Low,10,0,0,0,0.000000,0.000000,0.000000,,,
2025/2026,18-64 yrs,Bay Area,09/13/2025,37,2025,940,8983,10.464210174774575,Moderate,80,3922,2.039800,Low,11,3026,0.363500,Very Low,61,4,,,,5207239.000000,128,2,2,2.4581164797697972,0.038408069996403081,0.038408069996403081,Very Low,Very Low,Very Low,180,1,0,0,0.555556,0.000000,0.000000,,,
2025/2026,>64 yrs,Bay Area,09/13/2025,37,2025,623,5293,11.770262610995655,Moderate,31,2675,1.158900,Very Low,4,2199,0.181900,Very Low,20,0,,,,1548338.000000,252,10,3,16.275516069488702,0.64585381228129768,0.19375614368438931,Moderate,Very Low,Very Low,838,9,0,0,1.073986,0.000000,0.000000,,,
2025/2026,0-17 yrs,Los Angeles,09/13/2025,37,2025,403,4101,9.826871494757377,Moderate,45,3120,1.442300,Very Low,11,2054,0.535500,Very Low,20,4,,,,1891916.000000,21,3,3,1.1099858556088114,0.15856940794411589,0.15856940794411589,Very Low,Very Low,Very Low,9,0,0,0,0.000000,0.000000,0.000000,,,
2025/2026,0-17 yrs,Rural North,09/13/2025,37,2025,33,253,13.043478260869565,High,0,260,0.000000,Very Low,1,214,0.467300,Very Low,,,,,,144328.000000,1,0,0,0.69286624909927386,0,0,Very Low,Very Low,Very Low,1,0,0,0,0.000000,0.000000,0.000000,,,
2025/2026,18-64 yrs,Greater Sierra-Sacramento,09/20/2025,38,2025,276,2629,10.498288322556105,Moderate,13,1200,1.083300,Very Low,5,648,0.771600,Very Low,9,0,,,,1800650.000000,33,2,1,1.8326715352789269,0.11107100213811678,0.055535501069058392,Very Low,Very Low,Very Low,15,0,0,0,0.000000,0.000000,0.000000,,,
2025/2026,>64 yrs,Rural North,09/20/2025,38,2025,58,250,23.200000000000003,Very High,2,219,0.913200,Very Low,0,158,0.000000,Very Low,1,0,,,,150862.000000,15,0,5,9.942861688165344,0,3.314287229388448,Low,Very Low,Very High,108,1,0,0,0.925926,0.000000,0.000000,,,
2025/2026,>64 yrs,Bay Area,09/27/2025,39,2025,408,4895,8.335035750766087,Moderate,26,2655,0.979300,Very Low,3,2108,0.142300,Very Low,22,0,,,,1548338.000000,179,10,1,11.56078323983523,0.64585381228129768,0.064585381228129776,Low,Very Low,Very Low,817,20,0,0,2.447980,0.000000,0.000000,,,
2025/2026,0-17 yrs,Central California,09/27/2025,39,2025,103,2161,4.7663118926422952,Low,15,1577,0.951200,Very Low,1,1199,0.083400,Very Low,8,0,,,,1200683.000000,4,1,1,0.33314371903325024,0.08328592975831256,0.08328592975831256,Very Low,Very Low,Very Low,8,0,0,0,0.000000,0.000000,0.000000,,,
2025/2026,>64 yrs,Los Angeles,09/27/2025,39,2025,489,7082,6.9048291443095167,Low,24,4149,0.578500,Very Low,1,2474,0.040400,Very Low,15,2,,,,1662650.000000,233,19,1,14.013773193396084,1.1427540372297236,0.060144949327880191,Moderate,Low,Very Low,892,7,0,0,0.784753,0.000000,0.000000,,,
2025/2026,>64 yrs,Southern California,10/04/2025,40,2025,422,9565,4.4119184526921069,Low,45,8306,0.541800,Very Low,4,6019,0.066500,Very Low,23,0,,,,2132361.000000,183,9,2,8.5820365313377991,0.42206737039366221,0.093792748976369383,Low,Very Low,Very Low,1217,14,1,0,1.150370,0.082169,0.000000,,,
2025/2026,18-64 yrs,Central California,10/11/2025,41,2025,142,3480,4.0804597701149428,Low,27,2297,1.175400,Very Low,1,1256,0.079600,Very Low,7,1,,,,2656528.000000,10,4,0,0.37643119138966352,0.15057247655586539,0,Very Low,Very Low,Very Low,170,0,0,0,0.000000,0.000000,0.000000,,,
2025/2026,>64 yrs,Los Angeles,10/11/2025,41,2025,306,6312,4.8479087452471479,Low,36,4058,0.887100,Very Low,7,2399,0.291800,Very Low,15,1,,,,1662650.000000,163,15,1,9.8036267404444697,0.90217423991820289,0.060144949327880191,Low,Very Low,Very Low,847,12,0,0,1.416765,0.000000,0.000000,,,
2025/2026,18-64 yrs,Rural North,10/11/2025,41,2025,23,317,7.2555205047318623,Low,3,452,0.663700,Very Low,2,190,1.052600,Low,2,0,,,,381874.000000,1,0,0,0.2618664795194226,0,0,Very Low,Very Low,Very Low,23,0,0,0,0.000000,0.000000,0.000000,,,
2025/2026,>64 yrs,Southern California,10/18/2025,42,2025,241,7402,3.2558767900567416,Low,36,6870,0.524000,Very Low,10,4052,0.246800,Very Low,22,3,,,,2132361.000000,111,12,3,5.205497568188501,0.56275649385821624,0.14068912346455406,Low,Very Low,Very Low,1215,10,0,0,0.823045,0.000000,0.000000,,,
2025/2026,18-64 yrs,Greater Sierra-Sacramento,11/01/2025,44,2025,77,2254,3.4161490683229814,Low,20,2048,0.976600,Very Low,2,1237,0.161700,Very Low,19,0,,,,1800650.000000,11,2,1,0.61089051175964237,0.11107100213811678,0.055535501069058392,Very Low,Very Low,Very Low,7,0,0,0,0.000000,0.000000,0.000000,,,
2025/2026,18-64 yrs,Southern California,11/01/2025,44,2025,184,8867,2.0751099582722454,Very Low,105,7088,1.481400,Very Low,5,3342,0.149600,Very Low,56,7,,,,7896077.000000,41,8,1,0.51924518973155909,0.10131613458176762,0.012664516822720953,Very Low,Very Low,Very Low,311,0,0,0,0.000000,0.000000,0.000000,,,
2025/2026,0-17 yrs,Bay Area,11/08/2025,45,2025,30,5740,0.52264808362369342,Very Low,117,4190,2.792400,Low,172,3192,5.388500,Moderate,87,0,,,,1642980.000000,2,1,9,0.12173002714579605,0.060865013572898023,0.54778512215608222,Very Low,Very Low,Low,3,0,0,0,0.000000,0.000000,0.000000,,,
2025/2026,>64 yrs,Central California,11/08/2025,45,2025,50,1166,4.2881646655231558,Low,18,1589,1.132800,Very Low,2,1095,0.182600,Very Low,10,1,,,,597083.000000,21,7,0,3.5170989627907683,1.1723663209302559,0,Low,Low,Very Low,289,3,0,0,1.038062,0.000000,0.000000,,,
2025/2026,>64 yrs,Bay Area,11/15/2025,46,2025,77,4325,1.7803468208092488,Very Low,56,3889,1.440000,Very Low,25,3916,0.638400,Very Low,51,1,,,,1548338.000000,25,21,6,1.6146345307032444,1.3562930057907252,0.38751228736877863,Very Low,Low,Very Low,183,0,0,0,0.000000,0.000000,0.000000,,,
2025/2026,18-64 yrs,Rural North,11/15/2025,46,2025,5,368,1.3586956521739131,Very Low,3,440,0.681800,Very Low,1,232,0.431000,Very Low,,,,,,381874.000000,2,0,0,0.5237329590388452,0,0,Very Low,Very Low,Very Low,7,0,0,0,0.000000,0.000000,0.000000,,,
2025/2026,>64 yrs,Rural North,11/15/2025,46,2025,5,181,2.7624309392265194,Very Low,2,355,0.563400,Very Low,1,233,0.429200,Very Low,1,0,,,,150862.000000,0,0,0,0,0,0,Very Low,Very Low,Very Low,15,0,0,0,0.000000,0.000000,0.000000,,,
2025/2026,>64 yrs,Southern California,11/15/2025,46,2025,121,6221,1.9450249156084232,Very Low,54,4417,1.222500,Very Low,18,2812,0.640100,Very Low,45,3,,,,2132361.000000,48,23,6,2.251025975432865,1.078616613228248,0.28137824692910812,Very Low,Low,Very Low,237,1,0,0,0.421941,0.000000,0.000000,,,
2023/2024,0-17 yrs,California,08/26/2023,34,2023,3121,24680,12.645899999999999,Moderate,145,7111,2.039100,Low,83,4685,1.771600,Low,,,,,,,,,,,,,,,,69,0,0,0,0.000000,0.000000,0.000000,11,19,7
2024/2025,0-17 yrs,California,10/05/2024,40,2024,479,19942,2.4020000000000001,Very Low,236,11782,2.003100,Low,117,8340,1.402900,Low,,,,,,8544834.000000,69,,,0.80750544715087502,,,Very Low,,,55,0,0,0,0.000000,0.000000,0.000000,9,44,8
2024/2025,>64 yrs,California,02/22/2025,8,2025,944,33243,2.8397000000000001,Very Low,3210,32803,9.785700,Moderate,669,22757,2.939800,Low,,,,,,6421418.000000,467,1098,242,7.2725370003946175,17.099027037330384,3.7686380173351117,Low,Very High,Very High,4730,44,86,16,0.930200,1.818200,0.338300,,,
2024/2025,>64 yrs,California,11/09/2024,45,2024,915,26453,3.4590000000000001,Low,221,17424,1.268400,Very Low,79,12681,0.623000,Very Low,,,,,,6421418.000000,428,81,29,6.6651945099976357,1.2614036339014216,0.45161364670544729,Low,Low,Very Low,4066,29,4,1,0.713200,0.098400,0.024600,,,
2025/2026,0-17 yrs,California,08/09/2025,32,2025,1486,13361,11.1219,Moderate,165,7591,2.173600,Low,35,4947,0.707500,Very Low,76,29,,,,8386716.000000,59,6,5,0.70349347706539722,0.071541709532074296,0.059618091276728576,Very Low,Very Low,Very Low,54,0,0,0,0.000000,0.000000,0.000000,2,0,0
2023/2024,18-64 yrs,California,07/15/2023,28,2023,4010,71234,5.6292999999999997,Low,199,6185,3.217500,Low,8,4528,0.176700,Very Low,,,,,,,,,,,,,,,,1393,16,0,0,1.148600,0.000000,0.000000,,,
2023/2024,18-64 yrs,California,12/02/2023,48,2023,7194,85887,8.3760999999999992,Moderate,5901,38059,15.504900,High,1137,23408,4.857300,Moderate,,,,,,,,,,,,,,,,1332,25,6,0,1.876900,0.450500,0.000000,,,
2023/2024,0-17 yrs,California,12/30/2023,52,2023,2235,34870,6.4095000000000004,Low,6350,23430,27.102000,Very High,4189,18397,22.770000,Very High,,,,,,,,,,,,,,,,55,0,2,2,0.000000,3.636400,3.636400,11,19,7
2023/2024,18-64 yrs,California,01/06/2024,1,2024,9452,89549,10.555099999999999,Moderate,7631,46609,16.372400,High,1621,28574,5.673000,Moderate,,,,,,,,,,,,,,,,1476,30,34,3,2.032500,2.303500,0.203300,,,
2024/2025,>64 yrs,California,08/17/2024,33,2024,4927,37174,13.2539,High,113,15065,0.750100,Very Low,3,9542,0.031400,Very Low,,,,,,6421418.000000,2134,,,33.232535243773263,,,Very High,,,3937,104,3,0,2.641600,0.076200,0.000000,,,
2024/2025,18-64 yrs,California,02/22/2025,8,2025,1279,67331,1.8996,Very Low,9920,55768,17.788000,High,1009,34841,2.896000,Low,,,,,,24153482.000000,243,781,139,1.006066123302636,3.2334882399150566,0.57548638328833912,Very Low,Low,Low,1310,6,33,3,0.458000,2.519100,0.229000,,,
2024/2025,>64 yrs,California,12/14/2024,50,2024,1066,31002,3.4384999999999999,Low,2118,24579,8.617100,Low,380,16656,2.281500,Low,,,,,,6421418.000000,523,669,111,8.1446185250672052,10.418259642963594,1.7285901649760222,Low,Very High,Moderate,4531,47,24,3,1.037300,0.529700,0.066200,,,
2024/2025,18-64 yrs,California,04/12/2025,15,2025,1212,62337,1.9442999999999999,Very Low,2293,37366,6.136600,Low,214,23823,0.898300,Very Low,,,,,,24153482.000000,191,170,40,0.79077625329548751,0.7038322673310623,0.16560759231319111,Very Low,Very Low,Very Low,1191,6,1,1,0.503800,0.084000,0.084000,,,
2025/2026,>64 yrs,California,10/18/2025,42,2025,782,20455,3.823,Low,125,18088,0.691100,Very Low,35,12142,0.288300,Very Low,83,5,,,,6632226.000000,403,54,11,6.0763912448098116,0.8142062710166994,0.16585683298488321,Low,Very Low,Very Low,3841,37,0,2,0.963300,0.000000,0.052100,,,
2023/2024,18-64 yrs,California,07/22/2023,29,2023,4462,73018,6.1108000000000002,Low,138,6289,2.194300,Low,7,4757,0.147200,Very Low,,,,,,,,,,,,,,,,1340,9,0,0,0.671600,0.000000,0.000000,,,
2023/2024,18-64 yrs,California,12/30/2023,52,2023,9926,91781,10.8149,Moderate,10012,47894,20.904500,High,1466,28831,5.084800,Moderate,,,,,,,,,,,,,,,,1374,27,19,1,1.965100,1.382800,0.072800,,,
2023/2024,0-17 yrs,California,04/20/2024,16,2024,335,26129,1.2821,Very Low,1117,15343,7.280200,Low,96,11665,0.823000,Very Low,,,,,,8694111.000000,19,,,0.21853873271229224,,,Very Low,,,57,0,0,0,0.000000,0.000000,0.000000,11,19,7
2024/2025,>64 yrs,California,11/16/2024,46,2024,891,25597,3.4809000000000001,Low,433,18425,2.350100,Low,64,12787,0.500500,Very Low,,,,,,6421418.000000,468,145,29,7.2881098847637702,2.2580682335272364,0.45161364670544729,Low,Low,Very Low,4279,44,3,2,1.028300,0.070100,0.046700,,,
2024/2025,18-64 yrs,California,01/04/2025,1,2025,1820,78805,2.3094999999999999,Very Low,17075,58974,28.953400,Very High,1547,34581,4.473600,Moderate,,,,,,24153482.000000,282,1561,206,1.1675335258079973,6.4628362900222829,0.85287910041293424,Very Low,High,Low,1376,10,31,3,0.726700,2.252900,0.218000,,,
2023/2024,0-17 yrs,California,09/30/2023,39,2023,1188,26029,4.5640999999999998,Low,202,9207,2.194000,Low,380,6197,6.132000,Moderate,,,,,,,,,,,,,,,,59,0,0,0,0.000000,0.000000,0.000000,11,19,7
2025/2026,>64 yrs,California,08/23/2025,34,2025,2635,26525,9.9339999999999993,Moderate,92,15065,0.610700,Very Low,7,10119,0.069200,Very Low,40,3,,,,6632226.000000,940,44,5,14.173220273253657,0.66342733193953285,0.075389469538583276,Moderate,Very Low,Very Low,3848,45,2,0,1.169400,0.052000,0.000000,,,
2023/2024,>64 yrs,California,02/10/2024,6,2024,2767,38829,7.1261000000000001,Low,689,22583,3.051000,Low,567,15840,3.579500,Low,,,,,,6221657.000000,1344,,,21.601962306825978,,,Moderate,,,4275,137,16,20,3.204700,0.374300,0.467800,,,
2023/2024,18-64 yrs,California,04/06/2024,14,2024,1250,75543,1.6547000000000001,Very Low,1511,32336,4.672800,Low,113,22565,0.500800,Very Low,,,,,,24193302.000000,238,,,0.98374335177562788,,,Very Low,,,1170,3,2,0,0.256400,0.170900,0.000000,,,
2024/2025,18-64 yrs,California,10/26/2024,43,2024,1228,59353,2.069,Very Low,559,25446,2.196800,Low,57,15954,0.357300,Very Low,,,,,,24153482.000000,208,,,0.86115948002859388,,,Very Low,,,1173,4,0,0,0.341000,0.000000,0.000000,,,
2024/2025,18-64 yrs,California,02/08/2025,6,2025,2438,81685,2.9845999999999999,Very Low,16967,62518,27.139400,Very High,1259,40909,3.077600,Low,,,,,,24153482.000000,270,1291,145,1.1178512481140401,5.3449850419082434,0.6003275221353177,Very Low,Moderate,Low,1369,2,40,3,0.146100,2.921800,0.219100,,,
2024/2025,18-64 yrs,California,03/15/2025,11,2025,1323,71110,1.8605,Very Low,4477,42720,10.479900,Moderate,578,26748,2.160900,Low,,,,,,24153482.000000,179,357,86,0.74109397560153023,1.4780477613952308,0.35605632347336091,Very Low,Low,Very Low,1176,4,14,3,0.340100,1.190500,0.255100,,,
2025/2026,18-64 yrs,California,08/16/2025,33,2025,3953,47322,8.3534000000000006,Moderate,225,18477,1.217700,Very Low,17,10032,0.169500,Very Low,109,29,,,,24136728.000000,373,20,1,1.545362735164435,0.082861272662972385,0.0041430636331486193,Very Low,Very Low,Very Low,1147,6,0,0,0.523100,0.000000,0.000000,,,
2025/2026,18-64 yrs,California,11/08/2025,45,2025,538,35701,1.5069999999999999,Very Low,579,27562,2.100700,Low,92,16238,0.566600,Very Low,360,43,,,,24136728.000000,116,44,10,0.48059538144523983,0.18229479985853922,0.041430636331486193,Very Low,Very Low,Very Low,557,0,0,0,0.000000,0.000000,0.000000,,,
2023/2024,>64 yrs,California,07/15/2023,28,2023,2070,32998,6.2731000000000003,Low,63,3830,1.644900,Very Low,4,2989,0.133800,Very Low,,,,,,,,,,,,,,,,3830,47,0,0,1.227200,0.000000,0.000000,,,
2023/2024,18-64 yrs,California,03/23/2024,12,2024,1620,81362,1.9911000000000001,Very Low,1891,35139,5.381500,Low,196,24249,0.808300,Very Low,,,,,,24193302.000000,336,,,1.3888141436832393,,,Very Low,,,1291,7,2,0,0.542200,0.154900,0.000000,,,
2023/2024,18-64 yrs,California,06/29/2024,26,2024,5266,69640,7.5617000000000001,Low,709,24001,2.954000,Low,15,15806,0.094900,Very Low,,,,,,24193302.000000,358,,,1.4797484030910704,,,Very Low,,,1289,7,3,0,0.543100,0.232700,0.000000,,,
2025/2026,0-17 yrs,California,08/23/2025,34,2025,2662,16855,15.7935,High,186,11231,1.656100,Very Low,47,7531,0.624100,Very Low,68,17,,,,8386716.000000,86,8,4,1.0254311699597316,0.09538894604276571,0.047694473021382855,Very Low,Very Low,Very Low,57,1,1,0,1.754400,1.754400,0.000000,2,0,0
2025/2026,0-17 yrs,California,09/13/2025,37,2025,1540,17142,8.9838000000000005,Moderate,156,12061,1.293400,Very Low,49,8456,0.579500,Very Low,60,26,,,,8386716.000000,83,11,4,0.98966031519369446,0.13115980080880288,0.047694473021382855,Very Low,Very Low,Very Low,55,1,0,0,1.818200,0.000000,0.000000,2,0,0
2023/2024,0-17 yrs,California,09/09/2023,36,2023,2633,26687,9.8661999999999992,Moderate,160,8291,1.929800,Very Low,119,5572,2.135700,Low,,,,,,,,,,,,,,,,47,0,1,1,0.000000,2.127700,2.127700,11,19,7
2023/2024,18-64 yrs,California,07/29/2023,30,2023,5497,72043,7.6302000000000003,Low,173,7317,2.364400,Low,6,3542,0.169400,Very Low,,,,,,,,,,,,,,,,1268,11,0,0,0.867500,0.000000,0.000000,,,
2023/2024,18-64 yrs,California,10/07/2023,40,2023,4973,77715,6.399,Low,328,18651,1.758600,Very Low,53,8682,0.610500,Very Low,,,,,,,,,,,,,,,,1337,15,0,0,1.121900,0.000000,0.000000,,,
2023/2024,0-17 yrs,California,12/02/2023,48,2023,1582,34858,4.5384000000000002,Low,4289,21148,20.280900,High,3820,16084,23.750300,Very High,,,,,,,,,,,,,,,,46,0,0,1,0.000000,0.000000,2.173900,11,19,7
2023/2024,0-17 yrs,California,12/23/2023,51,2023,2418,43983,5.4976000000000003,Low,9701,29846,32.503500,Very High,4520,22222,20.340200,Very High,,,,,,,,,,,,,,,,54,1,1,1,1.851900,1.851900,1.851900,11,19,7
2024/2025,18-64 yrs,California,08/10/2024,32,2024,8523,76621,11.1236,Moderate,270,22585,1.195500,Very Low,9,13793,0.065300,Very Low,,,,,,24153482.000000,818,,,3.3866752628047583,,,Low,,,1216,12,2,0,0.986800,0.164500,0.000000,,,
2024/2025,0-17 yrs,California,04/05/2025,14,2025,308,23439,1.3140000000000001,Very Low,3172,21038,15.077500,High,588,14851,3.959300,Low,,,,,,8544834.000000,30,67,68,0.35108932484820654,0.78409949216099462,0.79580246965593482,Very Low,Very Low,Low,51,1,0,2,1.960800,0.000000,3.921600,9,44,8
2025/2026,>64 yrs,California,08/16/2025,33,2025,2294,25810,8.8879999999999999,Moderate,100,14341,0.697300,Very Low,13,9419,0.138000,Very Low,57,2,,,,6632226.000000,751,48,6,11.323498324695208,0.72373890757039938,0.090467363446299923,Low,Very Low,Very Low,4007,42,2,0,1.048200,0.049900,0.000000,,,
2025/2026,0-17 yrs,California,08/30/2025,35,2025,2802,20044,13.979200000000001,High,215,13485,1.594400,Very Low,49,9136,0.536300,Very Low,70,23,,,,8386716.000000,109,11,9,1.299674389832683,0.13115980080880288,0.10731256429811145,Very Low,Very Low,Very Low,55,0,0,0,0.000000,0.000000,0.000000,2,0,0
2025/2026,>64 yrs,California,08/30/2025,35,2025,2622,27348,9.5875000000000004,Moderate,136,15247,0.892000,Very Low,15,10105,0.148400,Very Low,71,7,,,,6632226.000000,1008,39,1,15.198517058978387,0.58803786240094957,0.015077893907716656,Moderate,Very Low,Very Low,3855,54,2,0,1.400800,0.051900,0.000000,,,
2023/2024,>64 yrs,California,11/25/2023,47,2023,3586,35452,10.1151,Moderate,1264,19414,6.510800,Low,592,12676,4.670200,Moderate,,,,,,,,,,,,,,,,4243,107,8,5,2.521800,0.188500,0.117800,,,
2024/2025,0-17 yrs,California,12/21/2024,51,2024,522,38639,1.351,Very Low,12624,35565,35.495600,Very High,4774,24700,19.327900,Very High,,,,,,8544834.000000,54,348,325,0.63196078472677175,4.0726361682391961,3.8034676858555709,Very Low,Moderate,Very High,70,0,3,1,0.000000,4.285700,1.428600,9,44,8
2024/2025,0-17 yrs,California,04/12/2025,15,2025,296,23368,1.2666999999999999,Very Low,2838,20698,13.711500,Moderate,471,14422,3.265800,Low,,,,,,8544834.000000,22,67,58,0.2574655048886848,0.78409949216099462,0.67877269470653268,Very Low,Very Low,Low,69,0,1,0,0.000000,1.449300,0.000000,9,44,8
2025/2026,0-17 yrs,California,08/02/2025,31,2025,1064,12754,8.3424999999999994,Moderate,121,6852,1.765900,Very Low,27,4584,0.589000,Very Low,52,31,,,,8386716.000000,39,6,4,0.46502111195848289,0.071541709532074296,0.047694473021382855,Very Low,Very Low,Very Low,54,0,0,0,0.000000,0.000000,0.000000,2,0,0
2023/2024,All Ages,Los Angeles,08/05/2023,31,2023,3169,32286,9.8154000000000003,Moderate,107,5615,1.905600,Very Low,3,1681,0.178500,Very Low,,,,,,,,,,,,,,,,1258,18,0,0,1.430800,0.000000,0.000000,,,
2023/2024,All Ages,Bay Area,12/09/2023,49,2023,3898,52595,7.4114000000000004,Low,3737,25984,14.381900,Moderate,2238,21318,10.498200,Very High,,,,,,,,,,,,,,,,1089,30,2,6,2.754800,0.183700,0.551000,,,
2023/2024,All Ages,Central California,01/06/2024,1,2024,1491,20440,7.2945000000000002,Low,1743,11691,14.908900,Moderate,1359,9333,14.561200,Very High,,,,,,,,,,,,,,,,747,16,20,6,2.141900,2.677400,0.803200,,,
2023/2024,All Ages,Greater Sierra-Sacramento,01/13/2024,2,2024,1405,11877,11.829599999999999,Moderate,1194,8029,14.871100,Moderate,607,5821,10.427800,Very High,,,,,,2973210.000000,279,,,9.3837973099781049,,,Low,,,56,0,0,0,0.000000,0.000000,0.000000,,,
2023/2024,All Ages,Greater Sierra-Sacramento,02/17/2024,7,2024,756,10577,7.1475999999999997,Low,544,7067,7.697800,Low,294,5171,5.685600,Moderate,,,,,,2973210.000000,225,,,7.5675784757887943,,,Low,,,53,3,0,0,5.660400,0.000000,0.000000,,,
2023/2024,All Ages,Rural North,01/20/2024,3,2024,173,1696,10.2005,Moderate,194,1401,13.847300,Moderate,77,962,8.004200,High,,,,,,683715.000000,38,,,5.5578713352785885,,,Low,,,149,4,2,0,2.684600,1.342300,0.000000,,,
2023/2024,All Ages,Central California,03/30/2024,13,2024,385,16671,2.3094000000000001,Very Low,510,8189,6.227900,Low,95,6917,1.373400,Low,,,,,,4432134.000000,94,,,2.1208745042455845,,,Very Low,,,635,4,0,0,0.629900,0.000000,0.000000,,,
2023/2024,All Ages,Bay Area,05/04/2024,18,2024,991,45106,2.1970000000000001,Very Low,494,18696,2.642300,Low,29,16512,0.175600,Very Low,,,,,,8391874.000000,244,,,2.9075746370834454,,,Very Low,,,1040,14,2,0,1.346200,0.192300,0.000000,,,
2024/2025,All Ages,Southern California,07/06/2024,27,2024,2432,21984,11.0626,Moderate,303,12136,2.496700,Low,13,6325,0.205500,Very Low,,,,,,12840501.000000,347,,,2.7023867682421425,,,Very Low,,,1760,22,2,0,1.250000,0.113600,0.000000,,,
2024/2025,All Ages,Los Angeles,11/23/2024,47,2024,611,32813,1.8621000000000001,Very Low,1783,18437,9.670800,Moderate,313,11163,2.803900,Low,,,,,,9784023.000000,199,134,56,2.0339281704468601,1.3695797730647199,0.57236169620615163,Very Low,Low,Low,1456,9,2,0,0.618100,0.137400,0.000000,,,
2024/2025,All Ages,Southern California,11/30/2024,48,2024,655,31568,2.0749,Very Low,2317,18329,12.641200,Moderate,386,9501,4.062700,Moderate,,,,,,12840501.000000,162,272,81,1.2616330157211155,2.1182974091119964,0.63081650786055776,Very Low,Low,Low,1848,9,5,0,0.487000,0.270600,0.000000,,,
2024/2025,All Ages,Greater Sierra-Sacramento,06/21/2025,25,2025,210,4160,5.0480999999999998,Low,71,2274,3.122300,Low,22,1338,1.644200,Low,,,,,,2981445.000000,39,6,0,1.3080905399898373,0.20124469845997495,0,Very Low,Very Low,Very Low,50,0,0,0,0.000000,0.000000,0.000000,,,
2025/2026,All Ages,Rural North,07/05/2025,27,2025,23,509,4.5186999999999999,Low,4,475,0.842100,Very Low,1,293,0.341300,Very Low,1,3,,,,677064.000000,2,0,0,0.29539304999231975,0,0,Very Low,Very Low,Very Low,135,0,0,0,0.000000,0.000000,0.000000,,,
2025/2026,All Ages,Central California,08/02/2025,31,2025,733,6572,11.1534,Moderate,28,2966,0.944000,Very Low,1,1870,0.053500,Very Low,12,4,,,,4454294.000000,75,7,2,1.6837685164023748,0.15715172819755499,0.044900493770729993,Very Low,Very Low,Very Low,603,3,0,0,0.497500,0.000000,0.000000,,,
2025/2026,All Ages,Rural North,08/09/2025,32,2025,105,654,16.055,High,7,617,1.134500,Very Low,1,423,0.236400,Very Low,9,1,,,,677064.000000,4,0,0,0.59078609998463949,0,0,Very Low,Very Low,Very Low,141,0,0,0,0.000000,0.000000,0.000000,,,
2025/2026,All Ages,Central California,10/25/2025,43,2025,205,7378,2.7785000000000002,Very Low,60,6469,0.927500,Very Low,14,4263,0.328400,Very Low,23,2,,,,4454294.000000,37,7,1,0.83065913475850506,0.15715172819755499,0.022450246885364997,Very Low,Very Low,Very Low,592,3,0,1,0.506800,0.000000,0.168900,,,
2024/2025,All Ages,Southern California,05/17/2025,20,2025,748,25337,2.9521999999999999,Very Low,373,16185,2.304600,Low,42,9387,0.447400,Very Low,,,,,,12840501.000000,159,68,9,1.2382694413559097,0.52957435227799909,0.070090723095617521,Very Low,Very Low,Very Low,1690,4,2,1,0.236700,0.118300,0.059200,,,
2023/2024,All Ages,Central California,08/05/2023,31,2023,1230,15418,7.9776999999999996,Low,18,1780,1.011200,Very Low,2,1439,0.139000,Very Low,,,,,,,,,,,,,,,,647,8,0,0,1.236500,0.000000,0.000000,,,
2023/2024,All Ages,Los Angeles,03/09/2024,10,2024,872,35061,2.4870999999999999,Very Low,758,17388,4.359300,Low,212,10248,2.068700,Low,,,,,,9825708.000000,281,,,2.8598448071121183,,,Very Low,,,1225,17,1,2,1.387800,0.081600,0.163300,,,
2023/2024,All Ages,Greater Sierra-Sacramento,05/25/2024,21,2024,389,6588,5.9047000000000001,Low,193,3703,5.212000,Low,5,2221,0.225100,Very Low,,,,,,2973210.000000,108,,,3.6324376683786213,,,Low,,,44,0,0,1,0.000000,0.000000,2.272700,,,
2024/2025,All Ages,Southern California,08/17/2024,33,2024,4746,31426,15.1021,High,152,15413,0.986200,Very Low,7,8109,0.086300,Very Low,,,,,,12840501.000000,1036,,,8.0682210141177517,,,Low,,,1672,35,2,0,2.093300,0.119600,0.000000,,,
2024/2025,All Ages,Rural North,10/26/2024,43,2024,49,804,6.0945,Low,4,879,0.455100,Very Low,5,510,0.980400,Very Low,,,,,,680190.000000,12,,,1.7642129405019187,,,Very Low,,,140,1,0,0,0.714300,0.000000,0.000000,,,
2024/2025,All Ages,Greater Sierra-Sacramento,11/30/2024,48,2024,184,6535,2.8155999999999999,Very Low,461,6276,7.345400,Low,162,4283,3.782400,Low,,,,,,2981445.000000,58,47,12,1.9453654184464244,1.5764168046031373,0.40248939691994989,Very Low,Low,Very Low,48,0,0,0,0.000000,0.000000,0.000000,,,
2024/2025,All Ages,Greater Sierra-Sacramento,03/01/2025,9,2025,169,9673,1.7471000000000001,Very Low,2128,10753,19.789800,High,453,7266,6.234500,Moderate,,,,,,2981445.000000,75,197,62,2.5155587307496869,6.60753426610251,2.0795285507530745,Very Low,High,High,79,1,1,1,1.265800,1.265800,1.265800,,,
2025/2026,All Ages,Greater Sierra-Sacramento,07/19/2025,29,2025,290,3911,7.415,Low,18,1696,1.061300,Very Low,9,880,1.022700,Low,5,13,,,,2992125.000000,60,4,0,2.0052638175209925,0.13368425450139951,0,Very Low,Very Low,Very Low,51,0,0,0,0.000000,0.000000,0.000000,,,
2023/2024,All Ages,Greater Sierra-Sacramento,08/12/2023,32,2023,833,6912,12.051500000000001,Moderate,26,1120,2.321400,Low,3,523,0.573600,Very Low,,,,,,,,,,,,,,,,73,3,0,0,4.109600,0.000000,0.000000,,,
2023/2024,All Ages,Los Angeles,08/26/2023,34,2023,5639,43686,12.907999999999999,Moderate,101,8318,1.214200,Very Low,12,2575,0.466000,Very Low,,,,,,,,,,,,,,,,1174,29,0,0,2.470200,0.000000,0.000000,,,
2023/2024,All Ages,Southern California,11/25/2023,47,2023,2729,30479,8.9536999999999995,Moderate,1495,17654,8.468300,Low,1094,9799,11.164400,Very High,,,,,,,,,,,,,,,,1874,39,3,1,2.081100,0.160100,0.053400,,,
2023/2024,All Ages,Central California,12/30/2023,52,2023,1688,23653,7.1364999999999998,Low,3027,13659,22.161200,Very High,1543,10688,14.436800,Very High,,,,,,,,,,,,,,,,762,27,7,1,3.543300,0.918600,0.131200,,,
2024/2025,All Ages,Rural North,08/24/2024,34,2024,256,1243,20.595300000000002,Very High,6,769,0.780200,Very Low,0,486,0.000000,Very Low,,,,,,680190.000000,11,,,1.617195195460092,,,Very Low,,,160,5,0,0,3.125000,0.000000,0.000000,,,
2024/2025,All Ages,Greater Sierra-Sacramento,12/14/2024,50,2024,256,7916,3.234,Low,1126,8108,13.887500,Moderate,280,5463,5.125400,Moderate,,,,,,2981445.000000,78,82,38,2.6161810799796745,2.7503442122863242,1.2745497569131745,Very Low,Low,Low,51,0,0,0,0.000000,0.000000,0.000000,,,
2024/2025,All Ages,Greater Sierra-Sacramento,01/25/2025,4,2025,262,10624,2.4661,Very Low,3886,11971,32.461800,Very High,705,7949,8.869000,High,,,,,,2981445.000000,68,333,83,2.2807732492130492,11.16908076452861,2.7838849953629867,Very Low,Very High,High,58,0,1,0,0.000000,1.724100,0.000000,,,
2024/2025,All Ages,Los Angeles,03/08/2025,10,2025,620,38467,1.6117999999999999,Very Low,2160,22852,9.452100,Moderate,464,14999,3.093500,Low,,,,,,9784023.000000,240,193,68,2.4529786980263637,1.9726037029962009,0.69501063110746975,Very Low,Low,Low,1295,9,7,4,0.695000,0.540500,0.308900,,,
2024/2025,All Ages,Southern California,03/22/2025,12,2025,698,36454,1.9147000000000001,Very Low,2000,28941,6.910600,Low,543,17770,3.055700,Low,,,,,,12840501.000000,170,234,147,1.3239358806949979,1.822358800486056,1.1448151438950864,Very Low,Low,Low,1871,7,8,4,0.374100,0.427600,0.213800,,,
2024/2025,All Ages,Rural North,04/12/2025,15,2025,21,1046,2.0076000000000001,Very Low,87,1593,5.461400,Low,35,905,3.867400,Low,,,,,,680190.000000,5,14,3,0.73508872520913271,2.0582484305855719,0.44105323512547967,Very Low,Low,Very Low,150,0,1,1,0.000000,0.666700,0.666700,,,
2024/2025,All Ages,Los Angeles,04/19/2025,16,2025,639,37094,1.7226999999999999,Very Low,744,20496,3.630000,Low,114,12600,0.904800,Very Low,,,,,,9784023.000000,216,85,19,2.2076808282237277,0.86876328888433729,0.19419414692708714,Very Low,Very Low,Very Low,1187,7,2,0,0.589700,0.168500,0.000000,,,
2024/2025,All Ages,Los Angeles,06/07/2025,23,2025,656,31127,2.1074999999999999,Very Low,260,14768,1.760600,Very Low,29,9425,0.307700,Very Low,,,,,,9784023.000000,225,39,6,2.299667529399716,0.39860903842928419,0.061324467450659101,Very Low,Very Low,Very Low,1140,8,0,0,0.701800,0.000000,0.000000,,,
2025/2026,All Ages,Greater Sierra-Sacramento,08/23/2025,34,2025,837,4931,16.9742,High,27,2038,1.324800,Very Low,13,1040,1.250000,Low,14,1,,,,2992125.000000,124,1,0,4.144211889543385,0.033421063625349877,0,Low,Very Low,Very Low,49,1,0,0,2.040800,0.000000,0.000000,,,
2023/2024,All Ages,Bay Area,07/15/2023,28,2023,2050,41343,4.9584999999999999,Low,109,1765,6.175600,Low,15,1710,0.877200,Very Low,,,,,,,,,,,,,,,,1013,16,0,0,1.579500,0.000000,0.000000,,,
2023/2024,All Ages,Central California,07/22/2023,29,2023,807,16915,4.7709000000000001,Low,20,1492,1.340500,Very Low,1,1249,0.080100,Very Low,,,,,,,,,,,,,,,,648,4,0,0,0.617300,0.000000,0.000000,,,
2023/2024,All Ages,Los Angeles,09/02/2023,35,2023,6296,48635,12.945399999999999,Moderate,117,9754,1.199500,Very Low,16,3338,0.479300,Very Low,,,,,,,,,,,,,,,,1311,35,1,0,2.669700,0.076300,0.000000,,,
2023/2024,All Ages,Central California,11/11/2023,45,2023,1034,19074,5.4210000000000003,Low,744,7557,9.845200,Moderate,279,5492,5.080100,Moderate,,,,,,,,,,,,,,,,682,13,3,0,1.906200,0.439900,0.000000,,,
2023/2024,All Ages,Southern California,02/10/2024,6,2024,2213,32974,6.7112999999999996,Low,1542,18743,8.227100,Low,624,10784,5.786400,Moderate,,,,,,12802429.000000,541,,,4.2257605958994189,,,Low,,,1869,52,10,7,2.782200,0.535000,0.374500,,,
2023/2024,All Ages,Los Angeles,04/13/2024,15,2024,508,29416,1.7270000000000001,Very Low,520,13215,3.934900,Low,88,7809,1.126900,Low,,,,,,9825708.000000,160,,,1.6283813848325228,,,Very Low,,,1310,7,2,0,0.534400,0.152700,0.000000,,,
2023/2024,All Ages,Bay Area,05/11/2024,19,2024,1144,42538,2.6894,Very Low,471,16758,2.810600,Low,24,13914,0.172500,Very Low,,,,,,8391874.000000,282,,,3.3603936379407036,,,Low,,,1130,12,6,0,1.061900,0.531000,0.000000,,,
2023/2024,All Ages,Greater Sierra-Sacramento,05/11/2024,19,2024,281,6734,4.1729000000000003,Low,167,4032,4.141900,Low,14,2580,0.542600,Very Low,,,,,,2973210.000000,101,,,3.3970018935763027,,,Low,,,60,1,0,0,1.666700,0.000000,0.000000,,,
2023/2024,All Ages,Central California,05/18/2024,20,2024,428,12954,3.3039999999999998,Low,286,5539,5.163400,Low,5,3700,0.135100,Very Low,,,,,,4432134.000000,117,,,2.6398118829439725,,,Very Low,,,635,8,0,0,1.259800,0.000000,0.000000,,,
2023/2024,All Ages,Central California,05/25/2024,21,2024,407,12524,3.2498,Low,274,5416,5.059100,Low,3,3682,0.081500,Very Low,,,,,,4432134.000000,114,,,2.5721243987659217,,,Very Low,,,593,3,0,0,0.505900,0.000000,0.000000,,,
2024/2025,All Ages,Central California,09/14/2024,37,2024,1318,13783,9.5625,Moderate,46,5233,0.879000,Very Low,4,3821,0.104700,Very Low,,,,,,4441622.000000,272,,,6.1238889756940145,,,Low,,,634,12,0,0,1.892700,0.000000,0.000000,,,
2024/2025,All Ages,Bay Area,11/23/2024,47,2024,533,26859,1.9843999999999999,Very Low,1186,19969,5.939200,Low,897,16477,5.444000,Moderate,,,,,,8391953.000000,165,106,73,1.9661692576209615,1.2631147958049813,0.86988094428078899,Very Low,Low,Low,1101,7,5,1,0.635800,0.454100,0.090800,,,
2024/2025,All Ages,Rural North,12/14/2024,50,2024,31,1006,3.0815000000000001,Low,213,1556,13.688900,Moderate,27,763,3.538700,Low,,,,,,680190.000000,13,16,4,1.9112306855437451,2.3522839206692248,0.58807098016730619,Very Low,Low,Low,166,5,0,0,3.012000,0.000000,0.000000,,,
2024/2025,All Ages,Central California,11/30/2024,48,2024,229,9977,2.2953000000000001,Very Low,647,8249,7.843400,Low,207,5689,3.638600,Low,,,,,,4441622.000000,48,41,19,1.0806862898283554,0.92308620589505364,0.42777165639039078,Very Low,Very Low,Very Low,648,10,1,1,1.543200,0.154300,0.154300,,,
2024/2025,All Ages,Rural North,04/05/2025,14,2025,16,1020,1.5686,Very Low,79,1529,5.166800,Low,54,858,6.293700,Moderate,,,,,,680190.000000,6,10,3,0.88210647025095934,1.4701774504182654,0.44105323512547967,Very Low,Low,Very Low,156,0,0,0,0.000000,0.000000,0.000000,,,
2024/2025,All Ages,Central California,04/26/2025,17,2025,185,8679,2.1316000000000002,Very Low,360,8347,4.312900,Low,84,5851,1.435700,Low,,,,,,4441622.000000,35,27,17,0.78800041966650924,0.60788603802844998,0.3827430609808759,Very Low,Very Low,Very Low,632,2,3,0,0.316500,0.474700,0.000000,,,
2025/2026,All Ages,Greater Sierra-Sacramento,09/13/2025,37,2025,788,5266,14.963900000000001,High,25,2667,0.937400,Very Low,13,1471,0.883800,Very Low,15,1,,,,2992125.000000,151,7,1,5.0465806074278312,0.23394744537744916,0.033421063625349877,Low,Very Low,Very Low,57,1,0,0,1.754400,0.000000,0.000000,,,
2025/2026,All Ages,Greater Sierra-Sacramento,11/01/2025,44,2025,154,4951,3.1105,Low,69,5072,1.360400,Very Low,12,3405,0.352400,Very Low,59,2,,,,2992125.000000,39,4,2,1.3034214813886451,0.13368425450139951,0.066842127250699754,Very Low,Very Low,Very Low,47,0,0,0,0.000000,0.000000,0.000000,,,
2024/2025,All Ages,Bay Area,05/17/2025,20,2025,698,21864,3.1924999999999999,Low,772,11776,6.555700,Low,49,8970,0.546300,Very Low,,,,,,8391953.000000,116,30,9,1.3822765689941303,0.35748531956744756,0.10724559587023426,Very Low,Very Low,Very Low,1064,5,2,0,0.469900,0.188000,0.000000,,,
2023/2024,All Ages,Greater Sierra-Sacramento,03/09/2024,10,2024,403,9477,4.2523999999999997,Low,493,7659,6.436900,Low,155,5608,2.763900,Low,,,,,,2973210.000000,154,,,5.1795870456509965,,,Low,,,63,1,0,0,1.587300,0.000000,0.000000,,,
2023/2024,All Ages,Rural North,12/16/2023,50,2023,154,1777,8.6662999999999997,Moderate,143,1413,10.120300,Moderate,110,933,11.789900,Very High,,,,,,,,,,,,,,,,162,5,0,0,3.086400,0.000000,0.000000,,,
2023/2024,All Ages,Los Angeles,12/23/2023,51,2023,6017,50840,11.8352,Moderate,6303,25214,24.998000,Very High,1125,11912,9.444300,High,,,,,,,,,,,,,,,,1516,56,8,7,3.693900,0.527700,0.461700,,,
2024/2025,All Ages,Central California,08/31/2024,35,2024,2248,15436,14.5634,High,54,6393,0.844700,Very Low,6,4508,0.133100,Very Low,,,,,,4441622.000000,249,,,5.6060601284845948,,,Low,,,660,15,1,0,2.272700,0.151500,0.000000,,,
2024/2025,All Ages,Southern California,11/23/2024,47,2024,637,33011,1.9297,Very Low,1460,17797,8.203600,Low,281,9258,3.035200,Low,,,,,,12840501.000000,173,199,43,1.3472994550602035,1.5497837662253209,0.33487789923461708,Very Low,Low,Very Low,1874,21,5,0,1.120600,0.266800,0.000000,,,
2024/2025,All Ages,Central California,01/11/2025,2,2025,293,14089,2.0796000000000001,Very Low,3173,14545,21.815100,Very High,1186,11013,10.769100,Very High,,,,,,4441622.000000,56,275,90,1.2608006714664148,6.1914318688082872,2.0262867934281665,Very Low,High,High,749,5,9,3,0.667600,1.201600,0.400500,,,
2024/2025,All Ages,Bay Area,01/11/2025,2,2025,850,39908,2.1299000000000001,Very Low,8961,33407,26.823700,Very High,2379,27839,8.545600,High,,,,,,8391953.000000,130,597,245,1.5491030514589392,7.1139578593922055,2.9194634431341546,Very Low,High,High,1263,10,29,0,0.791800,2.296100,0.000000,,,
2024/2025,All Ages,Central California,02/01/2025,5,2025,337,17461,1.9299999999999999,Very Low,6553,18536,35.352800,Very High,1166,13390,8.708000,High,,,,,,4441622.000000,61,433,55,1.3733721599902018,9.7486909061599558,1.2382863737616574,Very Low,Very High,Low,727,3,20,2,0.412700,2.751000,0.275100,,,
2024/2025,All Ages,Los Angeles,05/17/2025,20,2025,577,31964,1.8051999999999999,Very Low,409,16592,2.465000,Low,44,10737,0.409800,Very Low,,,,,,9784023.000000,162,46,10,1.6557606211677958,0.47015425045505316,0.1022074457510985,Very Low,Very Low,Very Low,1229,4,1,0,0.325500,0.081400,0.000000,,,
2025/2026,All Ages,Greater Sierra-Sacramento,08/02/2025,31,2025,410,3982,10.2963,Moderate,10,1552,0.644300,Very Low,11,805,1.366500,Low,4,1,,,,2992125.000000,86,7,0,2.8742114717800895,0.23394744537744916,0,Very Low,Very Low,Very Low,55,0,0,0,0.000000,0.000000,0.000000,,,
2025/2026,All Ages,Southern California,10/04/2025,40,2025,1220,24346,5.0110999999999999,Low,186,19402,0.958700,Very Low,39,12236,0.318700,Very Low,81,17,,,,12884704.000000,332,35,5,2.5766986963767273,0.27163992281079957,0.038805703258685646,Very Low,Very Low,Very Low,1570,15,1,0,0.955400,0.063700,0.000000,,,
2025/2026,All Ages,Southern California,10/25/2025,43,2025,626,22593,2.7707999999999999,Very Low,230,19041,1.207900,Very Low,59,11204,0.526600,Very Low,106,23,,,,12884704.000000,160,43,6,1.2417825042779407,0.33372904802469655,0.046566843910422782,Very Low,Very Low,Very Low,1657,5,3,0,0.301800,0.181100,0.000000,,,
2023/2024,All Ages,Central California,07/08/2023,27,2023,617,17372,3.5516999999999999,Low,22,786,2.799000,Low,0,671,0.000000,Very Low,,,,,,,,,,,,,,,,637,8,0,0,1.255900,0.000000,0.000000,,,
2023/2024,All Ages,Central California,09/16/2023,37,2023,1706,17231,9.9008000000000003,Moderate,46,2918,1.576400,Very Low,6,2361,0.254100,Very Low,,,,,,,,,,,,,,,,613,12,0,0,1.957600,0.000000,0.000000,,,
2023/2024,All Ages,Los Angeles,09/16/2023,37,2023,4747,46907,10.119999999999999,Moderate,104,9882,1.052400,Very Low,32,4018,0.796400,Very Low,,,,,,,,,,,,,,,,1271,39,0,0,3.068500,0.000000,0.000000,,,
2023/2024,All Ages,Bay Area,11/11/2023,45,2023,3018,48585,6.2118000000000002,Low,2618,19770,13.242300,Moderate,2758,17442,15.812400,Very High,,,,,,,,,,,,,,,,1073,25,1,1,2.329900,0.093200,0.093200,,,
2023/2024,All Ages,Bay Area,01/13/2024,2,2024,4744,52926,8.9634999999999998,Moderate,3282,25461,12.890300,Moderate,1357,21497,6.312500,Moderate,,,,,,8391874.000000,819,,,9.7594410974235313,,,Low,,,1284,41,12,10,3.193100,0.934600,0.778800,,,
2023/2024,All Ages,Rural North,12/09/2023,49,2023,172,1699,10.1236,Moderate,67,1189,5.635000,Low,63,838,7.517900,High,,,,,,,,,,,,,,,,154,5,1,0,3.246800,0.649400,0.000000,,,
2023/2024,All Ages,Central California,05/04/2024,18,2024,319,14555,2.1917,Very Low,239,6036,3.959600,Low,11,4353,0.252700,Very Low,,,,,,4432134.000000,91,,,2.0531870200675342,,,Very Low,,,641,6,0,0,0.936000,0.000000,0.000000,,,
2023/2024,All Ages,Central California,05/11/2024,19,2024,364,12870,2.8283,Very Low,241,5540,4.350200,Low,5,3737,0.133800,Very Low,,,,,,4432134.000000,101,,,2.2788119673277025,,,Very Low,,,645,4,0,0,0.620200,0.000000,0.000000,,,
2023/2024,All Ages,Central California,06/08/2024,23,2024,604,11504,5.2503000000000002,Low,266,5273,5.044600,Low,4,3666,0.109100,Very Low,,,,,,4432134.000000,44,,,0.99274976794474168,,,Very Low,,,657,6,1,0,0.913200,0.152200,0.000000,,,
2023/2024,All Ages,Central California,06/15/2024,24,2024,720,12054,5.9730999999999996,Low,187,5084,3.678200,Low,14,3506,0.399300,Very Low,,,,,,4432134.000000,110,,,2.4818744198618545,,,Very Low,,,639,2,1,0,0.313000,0.156500,0.000000,,,
2024/2025,All Ages,Greater Sierra-Sacramento,07/06/2024,27,2024,1035,6442,16.066400000000002,High,70,3234,2.164500,Low,2,1953,0.102400,Very Low,,,,,,2981445.000000,225,,,7.5466761922490608,,,Low,,,58,1,0,0,1.724100,0.000000,0.000000,,,
2024/2025,All Ages,Bay Area,08/03/2024,31,2024,4151,48635,8.5350000000000001,Moderate,188,14853,1.265700,Very Low,28,12435,0.225200,Very Low,,,,,,8391953.000000,720,,,8.5796476696187405,,,Low,,,1059,29,1,0,2.738400,0.094400,0.000000,,,
2024/2025,All Ages,Rural North,01/11/2025,2,2025,38,1190,3.1932999999999998,Low,244,1838,13.275300,Moderate,75,939,7.987200,High,,,,,,680190.000000,30,23,3,4.4105323512547967,3.3814081359620101,0.44105323512547967,Low,Low,Very Low,162,1,4,0,0.617300,2.469100,0.000000,,,
2024/2025,All Ages,Central California,11/16/2024,46,2024,274,10252,2.6726000000000001,Very Low,327,7831,4.175700,Low,110,5505,1.998200,Low,,,,,,4441622.000000,49,11,18,1.103200587533113,0.24765727475233149,0.40525735868563328,Very Low,Very Low,Very Low,696,8,0,0,1.149400,0.000000,0.000000,,,
2025/2026,All Ages,Bay Area,09/13/2025,37,2025,1857,18556,10.0075,Moderate,153,8953,1.708900,Very Low,32,6874,0.465500,Very Low,99,12,,,,8398557.000000,396,14,6,4.7150957003685274,0.16669530253828127,0.071440843944977697,Low,Very Low,Very Low,1023,10,0,0,0.977500,0.000000,0.000000,,,
2023/2024,All Ages,Bay Area,09/30/2023,39,2023,2655,48551,5.4684999999999997,Low,165,9406,1.754200,Very Low,251,4618,5.435300,Moderate,,,,,,,,,,,,,,,,1036,32,2,1,3.088800,0.193100,0.096500,,,
2023/2024,All Ages,Los Angeles,09/23/2023,38,2023,3753,45657,8.2200000000000006,Moderate,98,10613,0.923400,Very Low,31,4615,0.671700,Very Low,,,,,,,,,,,,,,,,1164,30,0,0,2.577300,0.000000,0.000000,,,
2023/2024,All Ages,Central California,12/09/2023,49,2023,1409,23940,5.8855000000000004,Low,2641,11866,22.256900,Very High,881,8746,10.073200,Very High,,,,,,,,,,,,,,,,720,15,4,1,2.083300,0.555600,0.138900,,,
2023/2024,All Ages,Southern California,11/18/2023,46,2023,2889,35556,8.1251999999999995,Moderate,1345,17477,7.695800,Low,825,9686,8.517400,High,,,,,,,,,,,,,,,,1884,36,3,1,1.910800,0.159200,0.053100,,,
2023/2024,All Ages,Los Angeles,04/20/2024,16,2024,531,28940,1.8348,Very Low,570,12875,4.427200,Low,54,7667,0.704300,Very Low,,,,,,9825708.000000,128,,,1.3027051078660183,,,Very Low,,,1262,5,0,1,0.396200,0.000000,0.079200,,,
2023/2024,All Ages,Los Angeles,05/25/2024,21,2024,781,30347,2.5735999999999999,Very Low,356,11551,3.082000,Low,18,6868,0.262100,Very Low,,,,,,9825708.000000,145,,,1.4757206300044741,,,Very Low,,,1221,6,1,1,0.491400,0.081900,0.081900,,,
2024/2025,All Ages,Central California,07/27/2024,30,2024,1846,13950,13.233000000000001,High,49,5079,0.964800,Very Low,4,3464,0.115500,Very Low,,,,,,4441622.000000,296,,,6.664232120608192,,,Low,,,663,14,0,0,2.111600,0.000000,0.000000,,,
2024/2025,All Ages,Greater Sierra-Sacramento,09/07/2024,36,2024,1119,7736,14.4648,High,55,3767,1.460000,Very Low,4,2328,0.171800,Very Low,,,,,,2981445.000000,246,,,8.251032636858973,,,Low,,,51,2,0,0,3.921600,0.000000,0.000000,,,
2024/2025,All Ages,Los Angeles,11/16/2024,46,2024,596,31943,1.8657999999999999,Very Low,1033,16495,6.262500,Low,247,10427,2.368900,Low,,,,,,9784023.000000,222,86,27,2.2690052956743867,0.8789840334594472,0.27596010352796596,Very Low,Very Low,Very Low,1252,11,2,1,0.878600,0.159700,0.079900,,,
2024/2025,All Ages,Central California,02/22/2025,8,2025,286,15479,1.8476999999999999,Very Low,4177,16911,24.699900,Very High,1041,12089,8.611100,High,,,,,,4441622.000000,57,268,99,1.283314969171172,6.0338317848749847,2.228915472770983,Very Low,High,High,701,4,11,2,0.570600,1.569200,0.285300,,,
2023/2024,All Ages,Greater Sierra-Sacramento,06/08/2024,23,2024,535,6245,8.5669000000000004,Moderate,163,3540,4.604500,Low,2,2138,0.093500,Very Low,,,,,,2973210.000000,119,,,4.0024081716394067,,,Low,,,55,0,0,0,0.000000,0.000000,0.000000,,,
2024/2025,All Ages,Southern California,02/15/2025,7,2025,857,32184,2.6627999999999998,Very Low,4824,28182,17.117300,High,1199,13726,8.735200,High,,,,,,12840501.000000,266,785,293,2.0715702603815846,6.1134686255621951,2.2818424296684374,Very Low,High,High,2104,18,51,6,0.855500,2.424000,0.285200,,,
2024/2025,All Ages,Greater Sierra-Sacramento,04/19/2025,16,2025,157,5737,2.7366000000000001,Very Low,344,6365,5.404600,Low,61,4017,1.518500,Low,,,,,,2981445.000000,44,34,9,1.4757944553731497,1.1403866246065246,0.30186704768996242,Very Low,Low,Very Low,63,0,0,0,0.000000,0.000000,0.000000,,,
2025/2026,All Ages,Southern California,07/12/2025,28,2025,981,22441,4.3715000000000002,Low,181,12230,1.480000,Very Low,14,6720,0.208300,Very Low,76,40,,,,12884704.000000,171,37,5,1.3271550514470491,0.28716220411427379,0.038805703258685646,Very Low,Very Low,Very Low,1737,5,0,0,0.287900,0.000000,0.000000,,,
2025/2026,All Ages,Central California,08/16/2025,33,2025,1151,7396,15.5625,High,41,3533,1.160500,Very Low,2,2145,0.093200,Very Low,15,3,,,,4454294.000000,108,6,0,2.4246266636194198,0.13470148131218998,0,Very Low,Very Low,Very Low,612,4,0,0,0.653600,0.000000,0.000000,,,
2023/2024,All Ages,Rural North,03/16/2024,11,2024,73,1685,4.3323,Low,122,1530,7.973900,Low,30,1094,2.742200,Low,,,,,,683715.000000,27,,,3.9490138434874185,,,Low,,,170,8,0,0,4.705900,0.000000,0.000000,,,
2023/2024,All Ages,Greater Sierra-Sacramento,01/06/2024,1,2024,1558,12881,12.0953,Moderate,1384,8836,15.663200,High,845,6516,12.968100,Very High,,,,,,,,,,,,,,,,75,3,1,1,4.000000,1.333300,1.333300,,,
2023/2024,All Ages,Southern California,06/08/2024,23,2024,1138,23010,4.9457000000000004,Low,403,12499,3.224300,Low,21,6829,0.307500,Very Low,,,,,,12802429.000000,158,,,1.2341408024992757,,,Very Low,,,1729,16,3,0,0.925400,0.173500,0.000000,,,
2023/2024,All Ages,Southern California,06/29/2024,26,2024,2187,24871,8.7934000000000001,Moderate,304,12391,2.453400,Low,11,6497,0.169300,Very Low,,,,,,12802429.000000,243,,,1.8980773101729367,,,Very Low,,,1834,15,2,0,0.817900,0.109100,0.000000,,,
2024/2025,All Ages,Los Angeles,07/27/2024,30,2024,3978,35948,11.066000000000001,Moderate,151,12127,1.245200,Very Low,1,7308,0.013700,Very Low,,,,,,9784023.000000,610,,,6.2346541908170083,,,Low,,,1245,12,0,0,0.963900,0.000000,0.000000,,,
2024/2025,All Ages,Los Angeles,10/26/2024,43,2024,557,31148,1.7882,Very Low,294,14226,2.066600,Low,79,9425,0.838200,Very Low,,,,,,9784023.000000,172,,,1.7579680669188944,,,Very Low,,,1279,7,0,0,0.547300,0.000000,0.000000,,,
2024/2025,All Ages,Bay Area,03/01/2025,9,2025,593,34840,1.7020999999999999,Very Low,5982,28936,20.673200,High,982,23615,4.158400,Moderate,,,,,,8391953.000000,95,439,103,1.1320368452969172,5.2312018430036487,1.2273662638482365,Very Low,Moderate,Low,1195,5,28,5,0.418400,2.343100,0.418400,,,
2024/2025,All Ages,Greater Sierra-Sacramento,03/08/2025,10,2025,155,8092,1.9155,Very Low,1298,9069,14.312500,Moderate,393,6024,6.523900,Moderate,,,,,,2981445.000000,73,128,52,2.4484771645963619,4.2932202338127992,1.7441207199864495,Very Low,Moderate,Moderate,72,0,3,1,0.000000,4.166700,1.388900,,,
2024/2025,All Ages,Bay Area,05/31/2025,22,2025,745,18903,3.9411999999999998,Low,754,9793,7.699400,Low,22,7558,0.291100,Very Low,,,,,,8391953.000000,154,40,3,1.8350913071128976,0.47664709275659672,0.035748531956744753,Very Low,Very Low,Very Low,1065,6,2,0,0.563400,0.187800,0.000000,,,
2024/2025,All Ages,Bay Area,06/07/2025,23,2025,880,19146,4.5963000000000003,Low,557,9742,5.717500,Low,17,7442,0.228400,Very Low,,,,,,8391953.000000,141,27,3,1.6801810019670032,0.32173678761070279,0.035748531956744753,Very Low,Very Low,Very Low,1011,6,3,1,0.593500,0.296700,0.098900,,,
2025/2026,All Ages,Rural North,09/20/2025,38,2025,150,975,15.384600000000001,High,6,793,0.756600,Very Low,1,559,0.178900,Very Low,4,0,,,,677064.000000,18,0,5,2.6585374499308778,0,0.73848262498079942,Very Low,Very Low,Low,143,1,0,0,0.699300,0.000000,0.000000,,,
2025/2026,All Ages,Central California,11/15/2025,46,2025,95,6731,1.4114,Very Low,81,6517,1.242900,Very Low,20,5245,0.381300,Very Low,40,1,,,,4454294.000000,21,16,2,0.471455184592665,0.35920395016583995,0.044900493770729993,Very Low,Very Low,Very Low,104,0,0,0,0.000000,0.000000,0.000000,,,
2024/2025,All Ages,California,01/25/2025,4,2025,3799,163959,2.3170000000000002,Very Low,41202,128895,31.965600,Very High,5834,81585,7.150800,High,,,0.5,7.5,0.69999999999999996,39119734.000000,957,4109,790,2.4463356524867987,10.503650152631407,2.0194411342367515,Very Low,Very High,High,6436,61,162,19,0.947800,2.517100,0.295200,,,
2024/2025,All Ages,California,03/15/2025,11,2025,2517,132882,1.8942000000000001,Very Low,10887,94646,11.502900,Moderate,2573,63763,4.035300,Moderate,,,0.40000000000000002,2.6000000000000001,0.29999999999999999,39119734.000000,611,1003,397,1.5618715607831075,2.5639233641005839,1.014833076318975,Very Low,Low,Low,5508,29,48,12,0.526500,0.871500,0.217900,,,
2025/2026,All Ages,California,08/30/2025,35,2025,10438,97122,10.747299999999999,Moderate,616,49547,1.243300,Very Low,79,30667,0.257600,Very Low,249,51,2.6000000000000001,0.10000000000000001,0,39155670.000000,1639,90,12,4.1858560969586271,0.22985176859443343,0.03064690247925779,Low,Very Low,Very Low,5101,69,2,0,1.352700,0.039200,0.000000,,,
2024/2025,All Ages,California,06/28/2025,26,2025,3141,83518,3.7608999999999999,Low,733,39803,1.841600,Very Low,47,24513,0.191700,Very Low,,,0.69999999999999996,0.20000000000000001,0,39119734.000000,590,98,6,1.5081902141768142,0.25051295082936914,0.015337527601798111,Very Low,Very Low,Very Low,5168,24,5,0,0.464400,0.096700,0.000000,,,
2023/2024,All Ages,California,01/20/2024,3,2024,15232,161910,9.4077000000000002,Moderate,11306,85811,13.175500,Moderate,3759,57989,6.482300,Moderate,,,2,2.2999999999999998,0.69999999999999996,39109070.000000,3296,,,8.4277125485213542,,,Low,,,6234,192,60,35,3.079900,0.962500,0.561400,,,
2024/2025,All Ages,California,12/14/2024,50,2024,2705,125727,2.1515,Very Low,16779,92825,18.075900,High,4056,60110,6.747600,Moderate,,,0.5,1.8999999999999999,0.40000000000000002,39119734.000000,763,1521,485,1.9504222600286598,3.8880632470558214,1.2397834811453472,Very Low,Low,Low,5827,55,33,6,0.943900,0.566300,0.103000,,,
2024/2025,All Ages,California,03/08/2025,10,2025,2145,118447,1.8109,Very Low,11888,92883,12.798900,Moderate,3122,63002,4.955400,Moderate,,,0.40000000000000002,3.1000000000000001,0.5,39119734.000000,641,1075,445,1.638559198792098,2.7479736953221616,1.1375332971333598,Very Low,Low,Low,5694,38,62,18,0.667400,1.088900,0.316100,,,
2025/2026,All Ages,California,09/27/2025,39,2025,5034,82043,6.1357999999999997,Low,544,50434,1.078600,Very Low,133,31046,0.428400,Very Low,285,44,1.1000000000000001,0.10000000000000001,0,39155670.000000,1196,105,9,3.0544746137660268,0.26816039669350572,0.022985176859443346,Low,Very Low,Very Low,4986,58,0,0,1.163300,0.000000,0.000000,,,
2023/2024,All Ages,California,03/23/2024,12,2024,3331,147572,2.2572000000000001,Very Low,3932,77114,5.098900,Low,730,56517,1.291600,Low,,,0.59999999999999998,0.90000000000000002,0.10000000000000001,39109070.000000,1004,,,2.567179429221917,,,Very Low,,,5596,65,12,4,1.161500,0.214400,0.071500,,,
2024/2025,All Ages,California,01/11/2025,2,2025,3588,145038,2.4738000000000002,Very Low,29206,119322,24.476600,Very High,6671,79673,8.373000,High,,,0.5,4.5,0.80000000000000004,39119734.000000,977,3266,862,2.4974607444927925,8.3487275245787718,2.2034914654583289,Very Low,High,High,6369,52,135,9,0.816500,2.119600,0.141300,,,
2024/2025,All Ages,California,09/21/2024,38,2024,6737,113138,5.9546999999999999,Low,610,44579,1.368400,Very Low,76,27481,0.276600,Very Low,,,1.3,0.10000000000000001,0,39119734.000000,1976,,,5.0511590901921775,,,Low,,,5118,100,0,1,1.953900,0.000000,0.019500,,,
2024/2025,All Ages,California,04/19/2025,16,2025,2093,105544,1.9831000000000001,Very Low,4136,72959,5.668900,Low,546,48387,1.128400,Low,,,0.40000000000000002,0.80000000000000004,0.10000000000000001,39119734.000000,542,357,99,1.3854899933624292,0.91258289230698753,0.25306920542966882,Very Low,Very Low,Very Low,5154,29,11,9,0.562700,0.213400,0.174600,,,
2023/2024,All Ages,California,03/16/2024,11,2024,3531,151034,2.3378999999999999,Very Low,3886,79589,4.882600,Low,957,58012,1.649700,Low,,,0.69999999999999996,1,0.10000000000000001,39109070.000000,1150,,,2.940494366140642,,,Very Low,,,5501,77,3,8,1.399700,0.054500,0.145400,,,
2023/2024,All Ages,California,04/13/2024,15,2024,2503,132563,1.8882000000000001,Very Low,2759,65949,4.183500,Low,321,48425,0.662900,Very Low,,,0.5,0.69999999999999996,0.10000000000000001,39109070.000000,806,,,2.0609030079211803,,,Very Low,,,5591,38,8,3,0.679700,0.143100,0.053700,,,
2024/2025,All Ages,California,03/01/2025,9,2025,2512,130789,1.9207000000000001,Very Low,16706,107336,15.564200,High,3998,71326,5.605200,Moderate,,,0.40000000000000002,4.5,0.5,39119734.000000,699,1476,579,1.7868219656094799,3.7730317900423351,1.4800714135735178,Very Low,Low,Low,5792,34,77,11,0.587000,1.329400,0.189900,,,
2023/2024,All Ages,California,11/11/2023,45,2023,9882,148665,6.6471999999999998,Low,5577,63158,8.830200,Low,4557,43485,10.479500,Very High,,,1.3999999999999999,0.59999999999999998,0.40000000000000002,,,,,,,,,,,5544,89,10,3,1.605300,0.180400,0.054100,,,
2023/2024,All Ages,California,06/08/2024,23,2024,5540,116659,4.7488999999999999,Low,1794,49248,3.642800,Low,82,33094,0.247800,Very Low,,,1.2,0.5,0,39109070.000000,885,,,2.2629021861169285,,,Very Low,,,5331,48,10,0,0.900400,0.187600,0.000000,,,
2024/2025,0-17 yrs,Southern California,03/22/2025,12,2025,98,6285,1.5592680986475735,Very Low,880,5853,15.035000,High,332,3633,9.138500,High,,,,,,2904951.000000,12,38,74,0.41308786275568843,1.3081115653930135,2.5473751536600791,Very Low,Low,High,26,0,1,0,0.000000,3.846154,0.000000,,,
2024/2025,18-64 yrs,Greater Sierra-Sacramento,03/29/2025,13,2025,77,3369,2.2855446720094985,Very Low,333,3273,10.174200,Moderate,24,2009,1.194600,Low,,,,,,1793656.000000,13,23,5,0.72477665728545493,1.2822971628896511,0.27876025280209804,Very Low,Low,Very Low,19,0,0,0,0.000000,0.000000,0.000000,,,
2024/2025,18-64 yrs,Rural North,03/29/2025,13,2025,12,498,2.4096385542168677,Very Low,34,631,5.388300,Low,9,289,3.114200,Low,,,,,,384002.000000,1,3,1,0.26041531033692533,0.78124593101077611,0.26041531033692533,Very Low,Very Low,Very Low,30,0,0,0,0.000000,0.000000,0.000000,,,
2024/2025,0-17 yrs,Bay Area,04/05/2025,14,2025,89,7418,1.1997843084389324,Very Low,1514,6366,23.782600,Very High,115,4835,2.378500,Low,,,,,,1670512.000000,3,9,12,0.17958565996532799,0.53875697989598392,0.71834263986131197,Very Low,Very Low,Low,9,0,0,1,0.000000,0.000000,11.111111,,,
2024/2025,>64 yrs,Bay Area,04/05/2025,14,2025,174,6129,2.8389623103279491,Very Low,161,5408,2.977100,Low,70,4821,1.452000,Low,,,,,,1498910.000000,61,49,32,4.0696239267200829,3.2690421706440014,2.1348846828695516,Low,Low,High,835,6,3,2,0.718563,0.359281,0.239521,,,
2024/2025,0-17 yrs,Southern California,04/19/2025,16,2025,94,4876,1.9278096800656275,Very Low,346,4074,8.492900,Low,68,2663,2.553500,Low,,,,,,2904951.000000,15,21,16,0.51635982844461059,0.72290375982245481,0.55078381700758461,Very Low,Very Low,Low,11,0,0,0,0.000000,0.000000,0.000000,,,
2024/2025,18-64 yrs,Central California,04/26/2025,17,2025,103,4454,2.3125280646609787,Very Low,167,3757,4.445000,Low,16,2453,0.652300,Very Low,,,,,,2636654.000000,4,13,3,0.15170742918866109,0.49304914486314849,0.11378057189149582,Very Low,Very Low,Very Low,177,2,2,0,1.129944,1.129944,0.000000,,,
2024/2025,0-17 yrs,Rural North,04/26/2025,17,2025,4,224,1.7857142857142856,Very Low,14,311,4.501600,Low,7,227,3.083700,Low,,,,,,147863.000000,0,0,0,0,0,0,Very Low,Very Low,Very Low,1,0,0,0,0.000000,0.000000,0.000000,,,
2024/2025,18-64 yrs,Bay Area,05/03/2025,18,2025,302,12631,2.3909429182170849,Very Low,441,6411,6.878800,Low,25,5285,0.473000,Very Low,,,,,,5222531.000000,28,27,1,0.53613851215052621,0.51699070814515036,0.019147804005375937,Very Low,Very Low,Very Low,229,2,0,0,0.873362,0.000000,0.000000,,,
2024/2025,18-64 yrs,Rural North,05/03/2025,18,2025,11,393,2.7989821882951653,Very Low,19,456,4.166700,Low,4,253,1.581000,Low,,,,,,384002.000000,0,2,0,0,0.52083062067385066,0,Very Low,Very Low,Very Low,31,0,0,0,0.000000,0.000000,0.000000,,,
2024/2025,>64 yrs,Central California,05/10/2025,19,2025,65,1297,5.0115651503469545,Low,23,1343,1.712600,Very Low,3,1053,0.284900,Very Low,,,,,,580446.000000,24,8,3,4.1347515531160521,1.3782505177053508,0.51684394413950652,Low,Low,Low,456,5,2,0,1.096491,0.438596,0.000000,,,
2024/2025,18-64 yrs,Los Angeles,05/10/2025,19,2025,254,18488,1.373864128083081,Very Low,209,9251,2.259200,Low,16,5834,0.274300,Very Low,,,,,,6240953.000000,69,23,4,1.1056003786601181,0.36853345955337269,0.064092775574499605,Very Low,Very Low,Very Low,321,0,0,0,0.000000,0.000000,0.000000,,,
2024/2025,>64 yrs,Rural North,05/10/2025,19,2025,5,183,2.7322404371584699,Very Low,1,286,0.349700,Very Low,5,198,2.525300,Low,,,,,,148325.000000,5,3,2,3.3709758975223325,2.0225855385133995,1.348390359008933,Low,Low,Low,124,0,0,0,0.000000,0.000000,0.000000,,,
2024/2025,18-64 yrs,Greater Sierra-Sacramento,05/17/2025,20,2025,87,2174,4.0018399264029441,Low,49,1299,3.772100,Low,3,705,0.425500,Very Low,,,,,,1793656.000000,17,4,0,0.94778485952713343,0.22300820224167844,0,Very Low,Very Low,Very Low,15,0,0,0,0.000000,0.000000,0.000000,,,
2024/2025,>64 yrs,Greater Sierra-Sacramento,05/17/2025,20,2025,76,1215,6.2551440329218106,Low,10,867,1.153400,Very Low,6,642,0.934600,Very Low,,,,,,525440.000000,19,3,2,3.6160170523751525,0.57095006090133982,0.38063337393422658,Low,Very Low,Very Low,38,0,0,0,0.000000,0.000000,0.000000,,,
2024/2025,18-64 yrs,Central California,05/24/2025,21,2025,133,3204,4.1510611735330833,Low,75,2106,3.561300,Low,4,1372,0.291500,Very Low,,,,,,2636654.000000,11,8,0,0.417195430268818,0.30341485837732218,0,Very Low,Very Low,Very Low,145,0,0,0,0.000000,0.000000,0.000000,,,
2024/2025,>64 yrs,Central California,05/24/2025,21,2025,88,1092,8.0586080586080584,Moderate,8,1086,0.736600,Very Low,0,828,0.000000,Very Low,,,,,,580446.000000,35,12,0,6.029846014960909,2.0673757765580261,0,Low,Low,Very Low,476,3,0,0,0.630252,0.000000,0.000000,,,
2024/2025,0-17 yrs,Los Angeles,05/24/2025,21,2025,104,3577,2.907464355605256,Very Low,145,2958,4.902000,Low,15,1947,0.770400,Very Low,,,,,,1934637.000000,2,3,1,0.10337856662516016,0.15506784993774025,0.051689283312580082,Very Low,Very Low,Very Low,18,0,1,0,0.000000,5.555556,0.000000,,,
2024/2025,>64 yrs,Central California,05/31/2025,22,2025,89,1312,6.7835365853658542,Low,14,1111,1.260100,Very Low,0,771,0.000000,Very Low,,,,,,580446.000000,35,16,0,6.029846014960909,2.7565010354107016,0,Low,Low,Very Low,450,2,0,0,0.444444,0.000000,0.000000,,,
2024/2025,>64 yrs,Los Angeles,05/31/2025,22,2025,226,9108,2.4813350900307425,Very Low,49,4533,1.081000,Very Low,2,3206,0.062400,Very Low,,,,,,1608433.000000,106,17,3,6.5902651835668635,1.0569293218927989,0.18651693915755274,Low,Low,Very Low,956,3,0,0,0.313808,0.000000,0.000000,,,
2024/2025,0-17 yrs,Greater Sierra-Sacramento,06/07/2025,23,2025,24,1103,2.1758839528558478,Very Low,65,849,7.656100,Low,5,487,1.026700,Low,,,,,,662349.000000,1,3,1,0.15097780777203559,0.45293342331610675,0.15097780777203559,Very Low,Very Low,Very Low,2,0,0,0,0.000000,0.000000,0.000000,,,
2024/2025,18-64 yrs,Greater Sierra-Sacramento,06/07/2025,23,2025,109,2042,5.3379040156709108,Low,56,913,6.133600,Low,3,521,0.575800,Very Low,,,,,,1793656.000000,8,7,0,0.44601640448335689,0.39026435392293723,0,Very Low,Very Low,Very Low,12,0,0,0,0.000000,0.000000,0.000000,,,
2024/2025,0-17 yrs,Southern California,06/07/2025,23,2025,108,3997,2.7020265198899174,Very Low,118,3045,3.875200,Low,6,2112,0.284100,Very Low,,,,,,2904951.000000,10,12,0,0.34423988562974039,0.41308786275568843,0,Very Low,Very Low,Very Low,17,0,0,0,0.000000,0.000000,0.000000,,,
2024/2025,0-17 yrs,Southern California,06/14/2025,24,2025,122,3660,3.3333333333333335,Low,92,2869,3.206700,Low,23,1947,1.181300,Low,,,,,,2904951.000000,11,10,5,0.37866387419271441,0.34423988562974039,0.1721199428148702,Very Low,Very Low,Very Low,14,0,0,0,0.000000,0.000000,0.000000,,,
2024/2025,18-64 yrs,Los Angeles,06/21/2025,25,2025,380,17480,2.1739130434782608,Very Low,93,6225,1.494000,Very Low,7,3581,0.195500,Very Low,,,,,,6240953.000000,67,10,0,1.0735539908728684,0.16023193893624899,0,Very Low,Very Low,Very Low,309,0,0,0,0.000000,0.000000,0.000000,,,
2024/2025,>64 yrs,Rural North,06/21/2025,25,2025,9,139,6.4748201438848918,Low,0,171,0.000000,Very Low,0,113,0.000000,Very Low,,,,,,148325.000000,3,1,1,2.0225855385133995,0.6741951795044665,0.6741951795044665,Very Low,Very Low,Low,121,0,0,0,0.000000,0.000000,0.000000,,,
2024/2025,18-64 yrs,Southern California,06/21/2025,25,2025,313,10913,2.8681389168881148,Very Low,92,5813,1.582700,Very Low,2,2595,0.077100,Very Low,,,,,,7875686.000000,41,13,0,0.52058957149891449,0.16506498608502168,0,Very Low,Very Low,Very Low,368,2,0,0,0.543478,0.000000,0.000000,,,
2024/2025,18-64 yrs,Greater Sierra-Sacramento,06/28/2025,26,2025,107,1961,5.4563997960224375,Low,16,828,1.932400,Very Low,3,462,0.649400,Very Low,,,,,,1793656.000000,8,2,0,0.44601640448335689,0.11150410112083922,0,Very Low,Very Low,Very Low,6,0,0,0,0.000000,0.000000,0.000000,,,
2024/2025,0-17 yrs,Los Angeles,06/28/2025,26,2025,73,3240,2.2530864197530862,Very Low,47,1935,2.428900,Low,9,1233,0.729900,Very Low,,,,,,1934637.000000,5,5,0,0.25844641656290046,0.25844641656290046,0,Very Low,Very Low,Very Low,13,0,0,0,0.000000,0.000000,0.000000,,,
2024/2025,18-64 yrs,Southern California,06/28/2025,26,2025,346,10670,3.2427366447985002,Low,98,5827,1.681800,Very Low,2,2649,0.075500,Very Low,,,,,,7875686.000000,36,14,0,0.45710303838929078,0.17776229270694641,0,Very Low,Very Low,Very Low,352,0,0,0,0.000000,0.000000,0.000000,,,
2025/2026,>64 yrs,Bay Area,07/05/2025,27,2025,345,5417,6.3688388406867276,Low,23,2506,0.917800,Very Low,2,2145,0.093200,Very Low,15,2,,,,1548338.000000,138,5,1,8.9127826094819085,0.32292690614064884,0.064585381228129776,Low,Very Low,Very Low,831,10,0,0,1.203369,0.000000,0.000000,,,
2025/2026,18-64 yrs,Greater Sierra-Sacramento,07/05/2025,27,2025,113,1938,5.8307533539731686,Low,10,766,1.305500,Very Low,5,380,1.315800,Low,2,10,,,,1800650.000000,17,2,0,0.94410351817399263,0.11107100213811678,0,Very Low,Very Low,Very Low,7,0,0,0,0.000000,0.000000,0.000000,,,
2025/2026,0-17 yrs,Los Angeles,07/05/2025,27,2025,80,3178,2.5173064820641913,Very Low,45,1748,2.574400,Low,4,1117,0.358100,Very Low,17,11,,,,1891916.000000,4,1,0,0.2114258772588212,0.0528564693147053,0,Very Low,Very Low,Very Low,14,0,0,0,0.000000,0.000000,0.000000,,,
2025/2026,>64 yrs,Rural North,07/05/2025,27,2025,13,146,8.9041095890410951,Moderate,2,153,1.307200,Very Low,0,85,0.000000,Very Low,1,1,,,,150862.000000,2,0,0,1.3257148917553789,0,0,Very Low,Very Low,Very Low,111,0,0,0,0.000000,0.000000,0.000000,,,
2025/2026,18-64 yrs,Central California,07/12/2025,28,2025,282,3792,7.4367088607594933,Low,20,1547,1.292800,Very Low,2,894,0.223700,Very Low,6,0,,,,2656528.000000,8,4,0,0.30114495311173078,0.15057247655586539,0,Very Low,Very Low,Very Low,189,1,0,0,0.529101,0.000000,0.000000,,,
2025/2026,>64 yrs,Central California,07/19/2025,29,2025,131,1191,10.999160369437448,Moderate,6,748,0.802100,Very Low,0,535,0.000000,Very Low,2,1,,,,597083.000000,38,4,0,6.3642743136213902,0.66992361196014627,0,Low,Very Low,Very Low,410,1,0,0,0.243902,0.000000,0.000000,,,
2025/2026,0-17 yrs,Los Angeles,07/19/2025,29,2025,139,2865,4.8516579406631761,Low,37,1638,2.258900,Low,4,1074,0.372400,Very Low,12,8,,,,1891916.000000,6,6,0,0.31713881588823178,0.31713881588823178,0,Very Low,Very Low,Very Low,10,0,0,0,0.000000,0.000000,0.000000,,,
2025/2026,0-17 yrs,Central California,07/26/2025,30,2025,155,1604,9.6633416458852874,Moderate,15,943,1.590700,Very Low,1,612,0.163400,Very Low,5,4,,,,1200683.000000,1,0,0,0.08328592975831256,0,0,Very Low,Very Low,Very Low,8,0,0,0,0.000000,0.000000,0.000000,,,
2025/2026,18-64 yrs,Central California,07/26/2025,30,2025,305,3607,8.4557804269476033,Moderate,17,1448,1.174000,Very Low,2,848,0.235800,Very Low,4,4,,,,2656528.000000,13,1,1,0.48936054880656255,0.037643119138966348,0.037643119138966348,Very Low,Very Low,Very Low,147,0,0,0,0.000000,0.000000,0.000000,,,
2025/2026,18-64 yrs,Southern California,07/26/2025,30,2025,501,9365,5.3497063534436737,Low,63,5272,1.195000,Very Low,0,2473,0.000000,Very Low,15,10,,,,7896077.000000,54,12,0,0.68388390842693159,0.15197420187265145,0,Very Low,Very Low,Very Low,346,1,0,0,0.289017,0.000000,0.000000,,,
2025/2026,>64 yrs,Southern California,07/26/2025,30,2025,359,6801,5.2786354947801799,Low,41,5599,0.732300,Very Low,2,3971,0.050400,Very Low,24,3,,,,2132361.000000,149,16,0,6.987559798739519,0.75034199181095507,0,Low,Very Low,Very Low,1200,7,0,0,0.583333,0.000000,0.000000,,,
2025/2026,0-17 yrs,Los Angeles,08/02/2025,31,2025,191,3278,5.8267236119585109,Low,39,1757,2.219700,Low,10,1136,0.880300,Very Low,15,13,,,,1891916.000000,5,3,0,0.26428234657352651,0.15856940794411589,0,Very Low,Very Low,Very Low,7,0,0,0,0.000000,0.000000,0.000000,,,
2025/2026,>64 yrs,Central California,08/09/2025,32,2025,196,1269,15.445232466509061,High,7,765,0.915000,Very Low,0,476,0.000000,Very Low,3,0,,,,597083.000000,69,7,0,11.556182306312522,1.1723663209302559,0,Low,Low,Very Low,424,3,0,0,0.707547,0.000000,0.000000,,,
2025/2026,18-64 yrs,Greater Sierra-Sacramento,08/09/2025,32,2025,270,2185,12.356979405034325,Moderate,23,749,3.070800,Low,1,355,0.281700,Very Low,14,0,,,,1800650.000000,21,0,0,1.1662455224502264,0,0,Very Low,Very Low,Very Low,9,0,0,0,0.000000,0.000000,0.000000,,,
2025/2026,18-64 yrs,Southern California,08/09/2025,32,2025,790,10792,7.320237212750186,Low,79,6105,1.294000,Very Low,4,2723,0.146900,Very Low,46,5,,,,7896077.000000,98,6,1,1.2411226486266536,0.075987100936325727,0.012664516822720953,Very Low,Very Low,Very Low,359,2,0,0,0.557103,0.000000,0.000000,,,
2025/2026,18-64 yrs,Greater Sierra-Sacramento,08/16/2025,33,2025,296,2236,13.237924865831843,High,7,729,0.960200,Very Low,1,328,0.304900,Very Low,6,0,,,,1800650.000000,28,1,0,1.5549940299336353,0.055535501069058392,0,Very Low,Very Low,Very Low,14,0,0,0,0.000000,0.000000,0.000000,,,
2025/2026,>64 yrs,Los Angeles,08/16/2025,33,2025,547,8317,6.5768907057833355,Low,31,3946,0.785600,Very Low,5,2450,0.204100,Very Low,13,2,,,,1662650.000000,199,18,3,11.968844916248157,1.0826090879018435,0.18043484798364057,Low,Low,Very Low,899,7,1,0,0.778643,0.111235,0.000000,,,
2025/2026,0-17 yrs,Bay Area,08/23/2025,34,2025,583,4627,12.599956775448454,Moderate,63,2269,2.776600,Low,12,1524,0.787400,Very Low,29,2,,,,1642980.000000,16,0,1,0.97384021716636837,0,0.060865013572898023,Very Low,Very Low,Very Low,11,0,0,0,0.000000,0.000000,0.000000,,,
2025/2026,0-17 yrs,Central California,08/23/2025,34,2025,511,2629,19.437048307341197,Very High,19,1763,1.077700,Very Low,3,1250,0.240000,Very Low,6,1,,,,1200683.000000,2,0,1,0.16657185951662512,0,0.08328592975831256,Very Low,Very Low,Very Low,4,0,0,0,0.000000,0.000000,0.000000,,,
2025/2026,18-64 yrs,Central California,08/23/2025,34,2025,653,4093,15.954067920840458,High,18,1793,1.003900,Very Low,0,1016,0.000000,Very Low,6,0,,,,2656528.000000,36,2,0,1.3551522890027887,0.075286238277932696,0,Very Low,Very Low,Very Low,164,1,0,0,0.609756,0.000000,0.000000,,,
2025/2026,0-17 yrs,Bay Area,08/30/2025,35,2025,595,4903,12.135427289414643,Moderate,57,2677,2.129200,Low,8,1845,0.433600,Very Low,28,4,,,,1642980.000000,16,0,1,0.97384021716636837,0,0.060865013572898023,Very Low,Very Low,Very Low,8,0,0,0,0.000000,0.000000,0.000000,,,
2025/2026,>64 yrs,Central California,08/30/2025,35,2025,254,1561,16.271620755925689,High,17,899,1.891000,Very Low,0,542,0.000000,Very Low,5,0,,,,597083.000000,79,7,0,13.230991336212888,1.1723663209302559,0,Moderate,Low,Very Low,430,4,0,0,0.930233,0.000000,0.000000,,,
2025/2026,>64 yrs,Rural North,08/30/2025,35,2025,43,213,20.187793427230048,Very High,0,189,0.000000,Very Low,0,136,0.000000,Very Low,,,,,,150862.000000,18,0,0,11.931434025798412,0,0,Low,Very Low,Very Low,118,3,0,0,2.542373,0.000000,0.000000,,,
2025/2026,18-64 yrs,Bay Area,09/06/2025,36,2025,1202,9099,13.21024288383339,High,59,4043,1.459300,Very Low,8,3116,0.256700,Very Low,38,2,,,,5207239.000000,128,3,2,2.4581164797697972,0.057612104994604625,0.038408069996403081,Very Low,Very Low,Very Low,178,1,0,0,0.561798,0.000000,0.000000,,,
2025/2026,>64 yrs,Los Angeles,09/06/2025,36,2025,685,8328,8.225264169068204,Moderate,29,3860,0.751300,Very Low,3,2219,0.135200,Very Low,13,2,,,,1662650.000000,293,23,1,17.622470153068896,1.3833338345412445,0.060144949327880191,Moderate,Low,Very Low,866,13,1,0,1.501155,0.115473,0.000000,,,
2025/2026,0-17 yrs,Southern California,09/06/2025,36,2025,618,4917,12.568639414276998,Moderate,42,4017,1.045600,Very Low,8,2860,0.279700,Very Low,16,6,,,,2856266.000000,52,5,1,1.8205587294740755,0.17505372398789187,0.035010744797578375,Very Low,Very Low,Very Low,13,0,0,0,0.000000,0.000000,0.000000,,,
2025/2026,0-17 yrs,Southern California,09/13/2025,37,2025,435,4888,8.8993453355155481,Moderate,47,4012,1.171500,Very Low,10,2873,0.348100,Very Low,14,14,,,,2856266.000000,34,6,0,1.1903653231176647,0.21006446878547028,0,Very Low,Very Low,Very Low,18,0,0,0,0.000000,0.000000,0.000000,,,
2025/2026,>64 yrs,Bay Area,09/20/2025,38,2025,521,5349,9.7401383436156284,Moderate,20,2440,0.819700,Very Low,5,2051,0.243800,Very Low,17,0,,,,1548338.000000,192,7,3,12.400393195800916,0.45209766859690842,0.19375614368438931,Low,Very Low,Very Low,813,12,0,1,1.476015,0.000000,0.123001,,,
2025/2026,0-17 yrs,Central California,09/20/2025,38,2025,146,2265,6.445916114790287,Low,13,1550,0.838700,Very Low,2,1200,0.166700,Very Low,8,0,,,,1200683.000000,4,1,0,0.33314371903325024,0.08328592975831256,0,Very Low,Very Low,Very Low,7,0,0,0,0.000000,0.000000,0.000000,,,
2025/2026,0-17 yrs,Los Angeles,09/27/2025,39,2025,226,4072,5.5500982318271124,Low,42,2998,1.400900,Very Low,18,1998,0.900900,Very Low,9,11,,,,1891916.000000,17,1,0,0.89855997834999024,0.0528564693147053,0,Very Low,Very Low,Very Low,5,0,0,0,0.000000,0.000000,0.000000,,,
2025/2026,>64 yrs,Rural North,09/27/2025,39,2025,44,216,20.37037037037037,Very High,1,251,0.398400,Very Low,0,158,0.000000,Very Low,1,0,,,,150862.000000,8,0,2,5.3028595670215157,0,1.3257148917553789,Low,Very Low,Low,126,1,0,0,0.793651,0.000000,0.000000,,,
2025/2026,0-17 yrs,Southern California,09/27/2025,39,2025,246,4518,5.4448871181938907,Low,37,3818,0.969100,Very Low,30,2714,1.105400,Low,15,5,,,,2856266.000000,15,11,2,0.52516117196367562,0.38511819277336218,0.07002148959515675,Very Low,Very Low,Very Low,20,0,0,0,0.000000,0.000000,0.000000,,,
2025/2026,18-64 yrs,Southern California,09/27/2025,39,2025,694,12087,5.7417059650864566,Low,69,7051,0.978600,Very Low,9,3245,0.277300,Very Low,30,9,,,,7896077.000000,125,14,1,1.583064602840119,0.17730323551809335,0.012664516822720953,Very Low,Very Low,Very Low,317,1,0,0,0.315457,0.000000,0.000000,,,
2025/2026,0-17 yrs,Bay Area,10/04/2025,40,2025,103,4189,2.4588207209357842,Very Low,58,3017,1.922400,Very Low,38,2186,1.738300,Low,25,10,,,,1642980.000000,3,1,2,0.18259504071869406,0.060865013572898023,0.12173002714579605,Very Low,Very Low,Very Low,11,0,0,0,0.000000,0.000000,0.000000,,,
2025/2026,18-64 yrs,Rural North,10/04/2025,40,2025,33,326,10.122699386503067,Moderate,2,356,0.561800,Very Low,0,170,0.000000,Very Low,0,1,,,,381874.000000,3,0,0,0.78559943855826786,0,0,Very Low,Very Low,Very Low,21,0,0,0,0.000000,0.000000,0.000000,,,
2025/2026,>64 yrs,Bay Area,10/11/2025,41,2025,228,4421,5.1572042524315762,Low,33,4026,0.819700,Very Low,17,3574,0.475700,Very Low,33,0,,,,1548338.000000,93,5,5,6.0064404542160688,0.32292690614064884,0.32292690614064884,Low,Very Low,Very Low,841,9,1,0,1.070155,0.118906,0.000000,,,
2025/2026,0-17 yrs,Los Angeles,10/11/2025,41,2025,117,3974,2.9441368897835933,Very Low,42,3375,1.244400,Very Low,13,2235,0.581700,Very Low,14,6,,,,1891916.000000,5,4,0,0.26428234657352651,0.2114258772588212,0,Very Low,Very Low,Very Low,11,0,0,0,0.000000,0.000000,0.000000,,,
2025/2026,18-64 yrs,Bay Area,10/25/2025,43,2025,177,9204,1.9230769230769231,Very Low,98,6302,1.555100,Very Low,32,4953,0.646100,Very Low,75,5,,,,5207239.000000,25,7,2,0.48010087495503856,0.13442824498741079,0.038408069996403081,Very Low,Very Low,Very Low,199,4,0,0,2.010050,0.000000,0.000000,,,
2025/2026,>64 yrs,Central California,10/25/2025,43,2025,63,1241,5.0765511684125704,Low,9,1509,0.596400,Very Low,1,959,0.104300,Very Low,5,0,,,,597083.000000,20,3,0,3.349618059800731,0.50244270897010967,0,Low,Very Low,Very Low,430,2,0,0,0.465116,0.000000,0.000000,,,
2025/2026,>64 yrs,Los Angeles,10/25/2025,43,2025,173,5951,2.9070744412703751,Very Low,34,4098,0.829700,Very Low,6,2404,0.249600,Very Low,22,0,,,,1662650.000000,106,13,2,6.3753646287552996,0.78188434126244244,0.12028989865576038,Low,Very Low,Very Low,878,3,1,0,0.341686,0.113895,0.000000,,,
2025/2026,0-17 yrs,Southern California,10/25/2025,43,2025,107,4825,2.2176165803108812,Very Low,77,4498,1.711900,Very Low,40,3158,1.266600,Low,32,17,,,,2856266.000000,16,10,3,0.560171916761254,0.35010744797578375,0.10503223439273514,Very Low,Very Low,Very Low,18,0,0,0,0.000000,0.000000,0.000000,,,
2025/2026,>64 yrs,Greater Sierra-Sacramento,11/01/2025,44,2025,47,1240,3.790322580645161,Low,11,1562,0.704200,Very Low,1,1140,0.087700,Very Low,8,0,,,,540932.000000,26,2,0,4.8065191188541254,0.36973223991185583,0,Low,Very Low,Very Low,40,0,0,0,0.000000,0.000000,0.000000,,,
2025/2026,>64 yrs,Southern California,11/01/2025,44,2025,181,7475,2.4214046822742477,Very Low,78,7216,1.080900,Very Low,10,4708,0.212400,Very Low,53,1,,,,2132361.000000,79,38,3,3.7048135845665908,1.7820622305510185,0.14068912346455406,Low,Low,Very Low,1292,10,1,0,0.773994,0.077399,0.000000,,,
2025/2026,18-64 yrs,Central California,11/08/2025,45,2025,60,3764,1.5940488841657812,Very Low,31,3016,1.027900,Very Low,0,1864,0.000000,Very Low,12,2,,,,2656528.000000,7,6,0,0.26350183397276444,0.22585871483379813,0,Very Low,Very Low,Very Low,91,0,0,0,0.000000,0.000000,0.000000,,,
2025/2026,18-64 yrs,Central California,11/15/2025,46,2025,44,3273,1.3443324167430493,Very Low,32,2841,1.126400,Very Low,0,2059,0.000000,Very Low,20,1,,,,2656528.000000,6,8,0,0.22585871483379813,0.30114495311173078,0,Very Low,Very Low,Very Low,21,0,0,0,0.000000,0.000000,0.000000,,,
2023/2024,0-17 yrs,California,10/14/2023,41,2023,880,26206,3.3580000000000001,Low,272,9856,2.759700,Low,568,6919,8.209300,High,,,,,,,,,,,,,,,,49,1,0,0,2.040800,0.000000,0.000000,11,19,7
2023/2024,0-17 yrs,California,01/27/2024,4,2024,1867,33264,5.6127000000000002,Low,3344,19425,17.214900,High,1758,14694,11.964100,Very High,,,,,,8694111.000000,127,,,1.4607588976032166,,,Very Low,,,63,0,1,0,0.000000,1.587300,0.000000,11,19,7
2024/2025,0-17 yrs,California,07/27/2024,30,2024,2228,20499,10.8688,Moderate,173,8336,2.075300,Low,25,5921,0.422200,Very Low,,,,,,8544834.000000,81,,,0.94794117709015768,,,Very Low,,,68,1,0,0,1.470600,0.000000,0.000000,9,44,8
2024/2025,18-64 yrs,California,08/24/2024,34,2024,7503,74024,10.135899999999999,Moderate,281,21146,1.328900,Very Low,13,11946,0.108800,Very Low,,,,,,24153482.000000,913,,,3.7799932945485875,,,Low,,,1184,20,0,0,1.689200,0.000000,0.000000,,,
2024/2025,>64 yrs,California,01/11/2025,2,2025,1393,37262,3.7383999999999999,Low,4970,34563,14.379500,Moderate,1171,24179,4.843000,Moderate,,,,,,6421418.000000,673,1794,351,10.480551180440209,27.937754558261119,5.4660824135728276,Low,Very High,Very High,4964,49,106,7,0.987100,2.135400,0.141000,,,
2024/2025,18-64 yrs,California,11/23/2024,47,2024,1120,59702,1.8759999999999999,Very Low,2477,32357,7.655200,Low,222,19567,1.134600,Low,,,,,,24153482.000000,169,220,37,0.69969207752323248,0.91084175772255116,0.15318702288970176,Very Low,Very Low,Very Low,1235,2,3,0,0.161900,0.242900,0.000000,,,
2025/2026,18-64 yrs,California,08/30/2025,35,2025,5014,49689,10.0908,Moderate,264,20812,1.268500,Very Low,15,11422,0.131300,Very Low,108,20,,,,24136728.000000,522,40,2,2.1626792165035789,0.16572254532594477,0.0082861272662972385,Very Low,Very Low,Very Low,1191,15,0,0,1.259400,0.000000,0.000000,,,
2023/2024,0-17 yrs,California,04/13/2024,15,2024,302,26419,1.1431,Very Low,980,14978,6.542900,Low,146,11652,1.253000,Low,,,,,,8694111.000000,29,,,0.33355911835034086,,,Very Low,,,71,0,1,0,0.000000,1.408500,0.000000,11,19,7
2024/2025,0-17 yrs,California,01/04/2025,1,2025,445,30009,1.4829000000000001,Very Low,8416,26147,32.187200,Very High,4900,20357,24.070300,Very High,,,,,,8544834.000000,64,303,446,0.74899055967617401,3.546002180966886,5.2195279627433369,Very Low,Low,Very High,58,0,4,1,0.000000,6.896600,1.724100,9,44,8
2024/2025,>64 yrs,California,06/07/2025,23,2025,1023,22717,4.5031999999999996,Low,197,14590,1.350200,Very Low,25,9563,0.261400,Very Low,,,,,,6421418.000000,415,68,14,6.4627470131986415,1.0589561371024281,0.21802038116814695,Low,Low,Very Low,3867,27,2,1,0.698200,0.051700,0.025900,,,
2025/2026,0-17 yrs,California,09/27/2025,39,2025,844,16567,5.0945,Low,151,12080,1.250000,Very Low,89,8317,1.070100,Low,65,19,,,,8386716.000000,49,16,4,0.58425729451194008,0.19077789208553142,0.047694473021382855,Very Low,Very Low,Very Low,49,0,0,0,0.000000,0.000000,0.000000,2,0,0
2023/2024,>64 yrs,California,07/22/2023,29,2023,2350,33613,6.9912999999999998,Low,51,3959,1.288200,Very Low,3,3053,0.098300,Very Low,,,,,,,,,,,,,,,,3910,50,0,1,1.278800,0.000000,0.025600,,,
2024/2025,0-17 yrs,California,10/26/2024,43,2024,333,21662,1.5373000000000001,Very Low,442,14547,3.038400,Low,380,10615,3.579800,Low,,,,,,8544834.000000,30,,,0.35108932484820654,,,Very Low,,,58,0,0,0,0.000000,0.000000,0.000000,9,44,8
2024/2025,0-17 yrs,California,03/08/2025,10,2025,309,26831,1.1516999999999999,Very Low,5445,25158,21.643200,Very High,1906,17715,10.759200,Very High,,,,,,8544834.000000,26,121,176,0.30427741486844567,1.4160602768877664,2.0597240391094784,Very Low,Low,High,50,0,0,2,0.000000,0.000000,4.000000,9,44,8
2024/2025,0-17 yrs,California,01/18/2025,3,2025,520,33298,1.5617000000000001,Very Low,12884,31125,41.394400,Very High,3461,21785,15.887100,Very High,,,,,,8544834.000000,45,293,286,0.52663398727230981,3.4289724060174835,3.3470515635529021,Very Low,Low,Very High,58,0,3,1,0.000000,5.172400,1.724100,9,44,8
2025/2026,0-17 yrs,California,11/08/2025,45,2025,195,18974,1.0277000000000001,Very Low,458,16829,2.721500,Low,276,12340,2.236600,Low,255,30,,,,8386716.000000,16,22,18,0.19077789208553142,0.26231960161760576,0.2146251285962229,Very Low,Very Low,Very Low,12,0,0,0,0.000000,0.000000,0.000000,2,0,0
2025/2026,18-64 yrs,California,11/01/2025,44,2025,660,33726,1.9569000000000001,Very Low,397,25793,1.539200,Very Low,60,15201,0.394700,Very Low,212,18,,,,24136728.000000,149,34,11,0.6173164813391443,0.14086416352705303,0.045573699964634805,Very Low,Very Low,Very Low,912,1,0,0,0.109600,0.000000,0.000000,,,
2023/2024,0-17 yrs,California,07/22/2023,29,2023,820,16520,4.9637000000000002,Low,119,1992,5.973900,Low,25,1634,1.530000,Low,,,,,,,,,,,,,,,,63,0,0,0,0.000000,0.000000,0.000000,11,19,7
2023/2024,>64 yrs,California,07/29/2023,30,2023,2673,32718,8.1698000000000004,Moderate,70,5199,1.346400,Very Low,7,2823,0.248000,Very Low,,,,,,,,,,,,,,,,3790,73,0,0,1.926100,0.000000,0.000000,,,
2024/2025,0-17 yrs,California,09/21/2024,38,2024,873,19435,4.4919000000000002,Low,213,10331,2.061800,Low,59,7030,0.839300,Very Low,,,,,,8544834.000000,76,,,0.88942628961545644,,,Very Low,,,48,2,0,0,4.166700,0.000000,0.000000,9,44,8
2023/2024,>64 yrs,California,12/02/2023,48,2023,4650,43127,10.7821,Moderate,1933,23714,8.151300,Low,762,15707,4.851300,Moderate,,,,,,,,,,,,,,,,4465,127,15,4,2.844300,0.335900,0.089600,,,
2023/2024,18-64 yrs,California,01/20/2024,3,2024,7893,85768,9.2027000000000001,Moderate,5501,40461,13.595800,Moderate,1062,25823,4.112600,Moderate,,,,,,24193302.000000,997,,,4.1209753013458021,,,Low,,,1364,22,20,8,1.612900,1.466300,0.586500,,,
2023/2024,0-17 yrs,California,06/29/2024,26,2024,998,17965,5.5552000000000001,Low,303,8689,3.487200,Low,27,6300,0.428600,Very Low,,,,,,8694111.000000,35,,,0.40257134973316994,,,Very Low,,,59,0,0,0,0.000000,0.000000,0.000000,11,19,7
2024/2025,0-17 yrs,California,11/30/2024,48,2024,275,21986,1.2507999999999999,Very Low,2727,17849,15.278200,High,1884,13345,14.117600,Very High,,,,,,8544834.000000,57,118,198,0.66706971721159236,1.3809513444029455,2.3171895439981633,Very Low,Low,High,52,0,0,0,0.000000,0.000000,0.000000,9,44,8
2024/2025,0-17 yrs,California,06/07/2025,23,2025,415,15666,2.649,Very Low,652,10857,6.005300,Low,40,7337,0.545200,Very Low,,,,,,8544834.000000,29,27,3,0.33938634735326634,0.31598039236338588,0.035108932484820658,Very Low,Very Low,Very Low,50,0,1,0,0.000000,2.000000,0.000000,9,44,8
2025/2026,>64 yrs,California,08/02/2025,31,2025,1610,23222,6.9330999999999996,Low,92,13734,0.669900,Very Low,10,9377,0.106600,Very Low,46,7,,,,6632226.000000,592,43,3,8.9261131933682591,0.64834943803181622,0.045233681723149961,Low,Very Low,Very Low,3905,27,1,0,0.691400,0.025600,0.000000,,,
2023/2024,18-64 yrs,California,08/12/2023,32,2023,8558,77183,11.087899999999999,Moderate,223,11380,1.959600,Very Low,17,4507,0.377200,Very Low,,,,,,,,,,,,,,,,1296,13,0,0,1.003100,0.000000,0.000000,,,
2023/2024,>64 yrs,California,12/16/2023,50,2023,5939,45821,12.9613,Moderate,2333,25872,9.017500,Moderate,1025,17028,6.019500,Moderate,,,,,,,,,,,,,,,,4622,143,23,14,3.093900,0.497600,0.302900,,,
2024/2025,18-64 yrs,California,01/18/2025,3,2025,1642,79748,2.0590000000000002,Very Low,16176,55132,29.340500,Very High,1248,32467,3.843900,Low,,,,,,24153482.000000,252,1397,187,1.043327831573104,5.7838451615382001,0.77421549406416845,Very Low,Moderate,Low,1374,9,27,4,0.655000,1.965100,0.291100,,,
2024/2025,18-64 yrs,California,02/01/2025,5,2025,1886,94004,2.0063,Very Low,21077,66493,31.698100,Very High,1267,40342,3.140600,Low,,,,,,24153482.000000,333,1647,167,1.378683206007316,6.8188926134956436,0.69141169790757295,Very Low,High,Low,1413,7,48,2,0.495400,3.397000,0.141500,,,
2023/2024,>64 yrs,California,09/02/2023,35,2023,5177,42563,12.1631,Moderate,89,9704,0.917100,Very Low,16,4471,0.357900,Very Low,,,,,,,,,,,,,,,,4050,111,0,1,2.740700,0.000000,0.024700,,,
2023/2024,18-64 yrs,California,05/25/2024,21,2024,2048,63515,3.2244000000000002,Low,731,23514,3.108800,Low,23,15196,0.151400,Very Low,,,,,,24193302.000000,217,,,0.89694246779542541,,,Very Low,,,1160,5,1,0,0.431000,0.086200,0.000000,,,
2023/2024,>64 yrs,California,06/15/2024,24,2024,2534,30569,8.2894000000000005,Moderate,235,15113,1.555000,Very Low,16,10284,0.155600,Very Low,,,,,,6221657.000000,811,,,13.035112671752879,,,Moderate,,,4007,33,2,2,0.823600,0.049900,0.049900,,,
2024/2025,0-17 yrs,California,10/12/2024,41,2024,380,19195,1.9797,Very Low,273,12444,2.193800,Low,186,9123,2.038800,Low,,,,,,8544834.000000,42,,,0.49152505478748915,,,Very Low,,,57,0,0,0,0.000000,0.000000,0.000000,9,44,8
2025/2026,0-17 yrs,California,11/01/2025,44,2025,276,18285,1.5094000000000001,Very Low,362,16052,2.255200,Low,212,11645,1.820500,Low,206,29,,,,8386716.000000,24,15,18,0.28616683812829719,0.17885427383018573,0.2146251285962229,Very Low,Very Low,Very Low,43,0,0,0,0.000000,0.000000,0.000000,2,0,0
2023/2024,0-17 yrs,California,01/06/2024,1,2024,1765,27072,6.5197000000000003,Low,3693,17650,20.923500,High,3260,14123,23.082900,Very High,,,,,,,,,,,,,,,,49,0,2,1,0.000000,4.081600,2.040800,11,19,7
2023/2024,>64 yrs,California,03/23/2024,12,2024,1249,35319,3.5363000000000002,Low,427,22167,1.926300,Very Low,196,16702,1.173500,Low,,,,,,6221657.000000,626,,,10.061628276840077,,,Low,,,4235,58,8,4,1.369500,0.188900,0.094500,,,
2023/2024,18-64 yrs,California,10/21/2023,42,2023,4839,75291,6.4271000000000003,Low,1053,21003,5.013600,Low,434,12941,3.353700,Low,,,,,,,,,,,,,,,,1291,15,1,0,1.161900,0.077500,0.000000,,,
2023/2024,All Ages,Bay Area,01/20/2024,3,2024,4035,48577,8.3064,Moderate,3206,25180,12.732300,Moderate,991,21280,4.657000,Moderate,,,,,,8391874.000000,786,,,9.366203544047492,,,Low,,,1192,46,8,10,3.859100,0.671100,0.838900,,,
2023/2024,All Ages,Southern California,03/23/2024,12,2024,828,28312,2.9245999999999999,Very Low,849,16604,5.113200,Low,186,9740,1.909700,Low,,,,,,12802429.000000,221,,,1.7262349199515186,,,Very Low,,,1804,21,4,1,1.164100,0.221700,0.055400,,,
2023/2024,All Ages,Southern California,03/16/2024,11,2024,831,31003,2.6804000000000001,Very Low,765,16972,4.507400,Low,245,9679,2.531300,Low,,,,,,12802429.000000,231,,,1.8043450973248905,,,Very Low,,,1763,23,0,1,1.304600,0.000000,0.056700,,,
2023/2024,All Ages,Los Angeles,05/18/2024,20,2024,592,27054,2.1882000000000001,Very Low,332,11434,2.903600,Low,18,6846,0.262900,Very Low,,,,,,9825708.000000,134,,,1.3637694097972379,,,Very Low,,,1249,9,1,0,0.720600,0.080100,0.000000,,,
2024/2025,All Ages,Los Angeles,08/31/2024,35,2024,3325,37002,8.9860000000000007,Moderate,138,12923,1.067900,Very Low,26,7887,0.329700,Very Low,,,,,,9784023.000000,717,,,7.3282738603537618,,,Low,,,1126,29,1,0,2.575500,0.088800,0.000000,,,
2024/2025,All Ages,Rural North,04/19/2025,16,2025,21,848,2.4763999999999999,Very Low,41,1277,3.210600,Low,17,717,2.371000,Low,,,,,,680190.000000,4,7,1,0.58807098016730619,1.029124215292786,0.14701774504182655,Very Low,Low,Very Low,148,0,0,0,0.000000,0.000000,0.000000,,,
2025/2026,All Ages,Central California,07/12/2025,28,2025,530,6633,7.9904000000000002,Low,50,3355,1.490300,Very Low,6,2127,0.282100,Very Low,13,11,,,,4454294.000000,38,12,1,0.85310938164386996,0.26940296262437996,0.022450246885364997,Very Low,Very Low,Very Low,672,4,0,0,0.595200,0.000000,0.000000,,,
2025/2026,All Ages,Southern California,10/18/2025,42,2025,661,21656,3.0522999999999998,Low,161,17660,0.911700,Very Low,48,10081,0.476100,Very Low,75,11,,,,12884704.000000,171,35,9,1.3271550514470491,0.27163992281079957,0.06985026586563417,Very Low,Very Low,Very Low,1564,10,0,0,0.639400,0.000000,0.000000,,,
2025/2026,All Ages,Los Angeles,11/01/2025,44,2025,348,19333,1.8,Very Low,304,15014,2.024800,Low,66,8438,0.782200,Very Low,144,17,,,,9748926.000000,170,43,12,1.743781827864936,0.44107422704818977,0.12309048196693667,Very Low,Very Low,Very Low,1032,4,0,0,0.387600,0.000000,0.000000,,,
2023/2024,All Ages,Rural North,07/29/2023,30,2023,117,1111,10.5311,Moderate,5,277,1.805100,Very Low,1,128,0.781300,Very Low,,,,,,,,,,,,,,,,123,2,0,0,1.626000,0.000000,0.000000,,,
2023/2024,All Ages,Los Angeles,01/27/2024,4,2024,3488,43420,8.0332000000000008,Moderate,1794,17690,10.141300,Moderate,547,9705,5.636300,Moderate,,,,,,9825708.000000,781,,,7.9485366347137525,,,Low,,,1356,34,11,2,2.507400,0.811200,0.147500,,,
2023/2024,All Ages,Greater Sierra-Sacramento,12/30/2023,52,2023,1448,13537,10.6966,Moderate,1895,9515,19.915900,High,859,6788,12.654700,Very High,,,,,,,,,,,,,,,,63,3,0,0,4.761900,0.000000,0.000000,,,
2024/2025,All Ages,Southern California,05/24/2025,21,2025,809,25174,3.2136,Low,357,17289,2.064900,Low,47,10696,0.439400,Very Low,,,,,,12840501.000000,174,54,9,1.355087313181939,0.42054433857370521,0.070090723095617521,Very Low,Very Low,Very Low,1759,8,2,0,0.454800,0.113700,0.000000,,,
2025/2026,All Ages,Rural North,07/19/2025,29,2025,52,524,9.9237000000000002,Moderate,6,429,1.398600,Very Low,1,311,0.321500,Very Low,0,5,,,,677064.000000,4,0,0,0.59078609998463949,0,0,Very Low,Very Low,Very Low,146,3,0,0,2.054800,0.000000,0.000000,,,
2023/2024,All Ages,Bay Area,08/12/2023,32,2023,3616,43438,8.3245000000000005,Moderate,139,4514,3.079300,Low,41,2114,1.939500,Low,,,,,,,,,,,,,,,,1042,17,0,0,1.631500,0.000000,0.000000,,,
2023/2024,All Ages,Los Angeles,08/19/2023,33,2023,5020,40225,12.479799999999999,Moderate,105,7310,1.436400,Very Low,10,2281,0.438400,Very Low,,,,,,,,,,,,,,,,1299,28,1,0,2.155500,0.077000,0.000000,,,
2023/2024,All Ages,Bay Area,10/28/2023,43,2023,2344,39298,5.9646999999999997,Low,1475,12247,12.043800,Moderate,1091,10756,10.143200,Very High,,,,,,,,,,,,,,,,1047,20,1,1,1.910200,0.095500,0.095500,,,
2023/2024,All Ages,Bay Area,12/30/2023,52,2023,4777,51275,9.3163999999999998,Moderate,4927,27586,17.860500,High,1729,23316,7.415500,High,,,,,,,,,,,,,,,,1206,34,10,7,2.819200,0.829200,0.580400,,,
2023/2024,All Ages,Central California,04/13/2024,15,2024,331,15589,2.1233,Very Low,352,7015,5.017800,Low,28,5829,0.480400,Very Low,,,,,,4432134.000000,89,,,2.0080620306155006,,,Very Low,,,731,3,2,0,0.410400,0.273600,0.000000,,,
2023/2024,All Ages,Rural North,05/04/2024,18,2024,35,1129,3.1000999999999999,Low,35,991,3.531800,Low,5,724,0.690600,Very Low,,,,,,683715.000000,9,,,1.3163379478291393,,,Very Low,,,146,1,0,0,0.684900,0.000000,0.000000,,,
2023/2024,All Ages,Rural North,05/18/2024,20,2024,57,1018,5.5991999999999997,Low,35,807,4.337100,Low,2,525,0.381000,Very Low,,,,,,683715.000000,1,,,0.1462597719810155,,,Very Low,,,148,0,0,0,0.000000,0.000000,0.000000,,,
2024/2025,All Ages,Greater Sierra-Sacramento,08/10/2024,32,2024,1280,8555,14.962,High,19,3052,0.622500,Very Low,3,1902,0.157700,Very Low,,,,,,2981445.000000,264,,,8.8547667322388968,,,Low,,,53,2,0,0,3.773600,0.000000,0.000000,,,
2024/2025,All Ages,Southern California,12/28/2024,52,2024,1184,46036,2.5718999999999999,Very Low,12154,36108,33.660100,Very High,1330,17044,7.803300,High,,,,,,12840501.000000,297,1639,262,2.3129938621553783,12.764299461524127,2.0404188278946438,Very Low,Very High,High,1936,17,34,2,0.878100,1.756200,0.103300,,,
2025/2026,All Ages,Los Angeles,09/13/2025,37,2025,2308,25165,9.1715,Moderate,183,14051,1.302400,Very Low,26,8139,0.319400,Very Low,70,13,,,,9748926.000000,495,27,4,5.0774823811361376,0.27695358442560747,0.041030160655645555,Low,Very Low,Very Low,1174,19,0,0,1.618400,0.000000,0.000000,,,
2025/2026,All Ages,Southern California,11/15/2025,46,2025,312,19453,1.6039000000000001,Very Low,305,14308,2.131700,Low,103,9122,1.129100,Low,192,40,,,,12884704.000000,78,50,23,0.60536897083549612,0.38805703258685648,0.17850623498995399,Very Low,Very Low,Very Low,265,1,0,0,0.377400,0.000000,0.000000,,,
2023/2024,All Ages,Southern California,07/08/2023,27,2023,1513,23553,6.4238,Low,105,4733,2.218500,Low,7,3776,0.185400,Very Low,,,,,,,,,,,,,,,,1630,12,0,0,0.736200,0.000000,0.000000,,,
2023/2024,All Ages,Central California,08/12/2023,32,2023,1647,15022,10.963900000000001,Moderate,30,2200,1.363600,Very Low,4,1708,0.234200,Very Low,,,,,,,,,,,,,,,,605,8,1,0,1.322300,0.165300,0.000000,,,
2023/2024,All Ages,Southern California,09/30/2023,39,2023,3460,32137,10.766400000000001,Moderate,145,12275,1.181300,Very Low,112,6091,1.838800,Low,,,,,,,,,,,,,,,,1720,45,2,0,2.616300,0.116300,0.000000,,,
2023/2024,All Ages,Bay Area,11/04/2023,44,2023,2610,43313,6.0259,Low,2198,17665,12.442700,Moderate,1812,15015,12.067900,Very High,,,,,,,,,,,,,,,,1138,17,0,0,1.493800,0.000000,0.000000,,,
2023/2024,All Ages,Rural North,12/02/2023,48,2023,147,1484,9.9056999999999995,Moderate,56,1054,5.313100,Low,36,711,5.063300,Moderate,,,,,,,,,,,,,,,,160,5,0,0,3.125000,0.000000,0.000000,,,
2023/2024,All Ages,Southern California,12/09/2023,49,2023,4208,39775,10.579499999999999,Moderate,2952,21533,13.709200,Moderate,1294,11643,11.114000,Very High,,,,,,,,,,,,,,,,1905,57,11,5,2.992100,0.577400,0.262500,,,
2023/2024,All Ages,Southern California,01/27/2024,4,2024,3448,37153,9.2805,Moderate,2322,20902,11.109000,Moderate,802,11699,6.855300,Moderate,,,,,,12802429.000000,941,,,7.3501676908342937,,,Low,,,1983,68,11,8,3.429100,0.554700,0.403400,,,
2023/2024,All Ages,Rural North,03/02/2024,9,2024,137,1774,7.7226999999999997,Low,114,1474,7.734100,Low,40,1111,3.600400,Low,,,,,,683715.000000,30,,,4.3877931594304638,,,Low,,,167,7,1,1,4.191600,0.598800,0.598800,,,
2024/2025,All Ages,Southern California,01/11/2025,2,2025,1147,41683,2.7517,Very Low,7825,30929,25.299900,Very High,1276,14653,8.708100,High,,,,,,12840501.000000,321,1362,316,2.4999024570770252,10.607062761803453,2.4609631664683489,Very Low,Very High,High,2139,17,53,3,0.794800,2.477800,0.140300,,,
2023/2024,All Ages,Rural North,07/08/2023,27,2023,88,1075,8.1859999999999999,Moderate,6,192,3.125000,Low,0,60,0.000000,Very Low,,,,,,,,,,,,,,,,138,2,0,0,1.449300,0.000000,0.000000,,,
2023/2024,All Ages,Southern California,08/26/2023,34,2023,5247,33885,15.4847,High,120,11429,1.050000,Very Low,37,5468,0.676700,Very Low,,,,,,,,,,,,,,,,1713,34,0,0,1.984800,0.000000,0.000000,,,
2023/2024,All Ages,Central California,09/30/2023,39,2023,1001,17203,5.8188000000000004,Low,67,3879,1.727200,Very Low,18,2519,0.714600,Very Low,,,,,,,,,,,,,,,,619,5,0,0,0.807800,0.000000,0.000000,,,
2023/2024,All Ages,Rural North,09/16/2023,37,2023,274,1678,16.329000000000001,High,5,664,0.753000,Very Low,0,407,0.000000,Very Low,,,,,,,,,,,,,,,,114,5,0,0,4.386000,0.000000,0.000000,,,
2023/2024,All Ages,Southern California,11/11/2023,45,2023,2420,34111,7.0945,Low,766,15798,4.848700,Low,681,8990,7.575100,High,,,,,,,,,,,,,,,,1820,26,2,0,1.428600,0.109900,0.000000,,,
2023/2024,All Ages,Greater Sierra-Sacramento,01/20/2024,3,2024,1028,11084,9.2745999999999995,Moderate,1050,7443,14.107200,Moderate,504,5530,9.113900,High,,,,,,2973210.000000,274,,,9.2156288994050204,,,Low,,,55,0,1,1,0.000000,1.818200,1.818200,,,
2023/2024,All Ages,Bay Area,06/01/2024,22,2024,1796,43077,4.1692999999999998,Low,534,15805,3.378700,Low,28,13009,0.215200,Very Low,,,,,,8391874.000000,337,,,4.0157895602341034,,,Low,,,1054,13,1,0,1.233400,0.094900,0.000000,,,
2023/2024,All Ages,Southern California,06/15/2024,24,2024,1437,23870,6.0201000000000002,Low,349,12264,2.845700,Low,18,6574,0.273800,Very Low,,,,,,12802429.000000,187,,,1.4606603168820542,,,Very Low,,,1711,9,1,1,0.526000,0.058400,0.058400,,,
2024/2025,All Ages,Central California,02/15/2025,7,2025,344,16157,2.1291000000000002,Very Low,5248,17669,29.701700,Very High,1031,12611,8.175400,High,,,,,,4441622.000000,45,372,81,1.0131433967140833,8.3753187461697554,1.8236581140853501,Very Low,High,Moderate,709,5,17,0,0.705200,2.397700,0.000000,,,
2024/2025,All Ages,Central California,03/22/2025,12,2025,277,11605,2.3868999999999998,Very Low,1422,11640,12.216500,Moderate,385,8408,4.579000,Moderate,,,,,,4441622.000000,36,70,31,0.81051471737126657,1.5760008393330185,0.69794322884747961,Very Low,Low,Low,682,2,3,4,0.293300,0.439900,0.586500,,,
2024/2025,All Ages,Los Angeles,05/10/2025,19,2025,551,34050,1.6182000000000001,Very Low,429,18381,2.333900,Low,55,12086,0.455100,Very Low,,,,,,9784023.000000,194,43,10,1.9828244475713108,0.4394920167297236,0.1022074457510985,Very Low,Very Low,Very Low,1365,5,1,1,0.366300,0.073300,0.073300,,,
2024/2025,All Ages,Central California,05/31/2025,22,2025,321,6835,4.6963999999999997,Low,195,4961,3.930700,Low,12,3407,0.352200,Very Low,,,,,,4441622.000000,51,27,3,1.1482291829426277,0.60788603802844998,0.067542893114272209,Very Low,Very Low,Very Low,625,3,0,0,0.480000,0.000000,0.000000,,,
2024/2025,All Ages,Greater Sierra-Sacramento,05/31/2025,22,2025,189,4285,4.4107000000000003,Low,125,2487,5.026100,Low,5,1515,0.330000,Very Low,,,,,,2981445.000000,49,16,1,1.6434983707564621,0.53665252922659989,0.033540783076662493,Very Low,Very Low,Very Low,49,0,0,0,0.000000,0.000000,0.000000,,,
2024/2025,All Ages,Southern California,06/07/2025,23,2025,781,21811,3.5808,Low,309,15320,2.017000,Low,16,8921,0.179400,Very Low,,,,,,12840501.000000,167,57,3,1.300572306329792,0.44390791293891102,0.023363574365205843,Very Low,Very Low,Very Low,1668,10,1,0,0.599500,0.060000,0.000000,,,
2025/2026,All Ages,Rural North,08/16/2025,33,2025,141,706,19.971699999999998,Very High,3,612,0.490200,Very Low,2,386,0.518100,Very Low,2,0,,,,677064.000000,14,0,0,2.0677513499462385,0,0,Very Low,Very Low,Very Low,125,2,0,0,1.600000,0.000000,0.000000,,,
2025/2026,All Ages,Central California,10/18/2025,42,2025,226,6874,3.2877999999999998,Low,63,5512,1.143000,Very Low,5,3608,0.138600,Very Low,35,0,,,,4454294.000000,50,12,1,1.1225123442682501,0.26940296262437996,0.022450246885364997,Very Low,Very Low,Very Low,613,4,0,0,0.652500,0.000000,0.000000,,,
2023/2024,All Ages,Rural North,08/12/2023,32,2023,135,1158,11.657999999999999,Moderate,2,332,0.602400,Very Low,0,181,0.000000,Very Low,,,,,,,,,,,,,,,,142,3,0,0,2.112700,0.000000,0.000000,,,
2023/2024,All Ages,Southern California,09/09/2023,36,2023,5387,36623,14.709300000000001,High,135,13604,0.992400,Very Low,51,6624,0.769900,Very Low,,,,,,,,,,,,,,,,1741,48,3,1,2.757000,0.172300,0.057400,,,
2023/2024,All Ages,Greater Sierra-Sacramento,11/25/2023,47,2023,719,8361,8.5993999999999993,Moderate,754,5918,12.740800,Moderate,429,4118,10.417700,Very High,,,,,,,,,,,,,,,,53,1,0,0,1.886800,0.000000,0.000000,,,
2023/2024,All Ages,Bay Area,12/23/2023,51,2023,5010,55096,9.0931999999999995,Moderate,5768,28922,19.943300,High,1937,24807,7.808300,High,,,,,,,,,,,,,,,,1253,31,11,6,2.474100,0.877900,0.478900,,,
2023/2024,All Ages,Central California,03/02/2024,9,2024,742,18926,3.9205000000000001,Low,626,10154,6.165100,Low,361,8430,4.282300,Moderate,,,,,,4432134.000000,176,,,3.9709990717789667,,,Low,,,624,14,2,0,2.243600,0.320500,0.000000,,,
2023/2024,All Ages,Greater Sierra-Sacramento,03/23/2024,12,2024,326,8928,3.6514000000000002,Low,405,7032,5.759400,Low,81,5291,1.530900,Low,,,,,,2973210.000000,130,,,4.3723786749001921,,,Low,,,66,1,0,0,1.515200,0.000000,0.000000,,,
2023/2024,All Ages,Rural North,04/27/2024,17,2024,33,1257,2.6253000000000002,Very Low,44,1059,4.154900,Low,6,752,0.797900,Very Low,,,,,,683715.000000,13,,,1.9013770357532014,,,Very Low,,,154,1,0,0,0.649400,0.000000,0.000000,,,
2023/2024,All Ages,Rural North,06/01/2024,22,2024,79,1023,7.7224000000000004,Low,20,811,2.466100,Low,1,493,0.202800,Very Low,,,,,,683715.000000,10,,,1.462597719810155,,,Very Low,,,129,2,0,0,1.550400,0.000000,0.000000,,,
2024/2025,All Ages,Central California,01/04/2025,1,2025,376,13591,2.7665000000000002,Very Low,3304,14666,22.528300,Very High,1326,10959,12.099600,Very High,,,,,,4441622.000000,85,293,96,1.9137153049043796,6.5966892274939193,2.1613725796567107,Very Low,High,High,688,5,7,2,0.726700,1.017400,0.290700,,,
2024/2025,All Ages,Rural North,08/03/2024,31,2024,240,1212,19.802,Very High,5,701,0.713300,Very Low,0,439,0.000000,Very Low,,,,,,680190.000000,13,,,1.9112306855437451,,,Very Low,,,153,5,0,0,3.268000,0.000000,0.000000,,,
2024/2025,All Ages,Bay Area,12/07/2024,49,2024,525,30699,1.7101999999999999,Very Low,2366,22168,10.673000,Moderate,1460,18194,8.024600,High,,,,,,8391953.000000,132,199,134,1.5729354060967691,2.3713192864640686,1.5967677607345991,Very Low,Low,Moderate,1103,16,1,1,1.450600,0.090700,0.090700,,,
2024/2025,All Ages,Rural North,02/08/2025,6,2025,38,1871,2.0310000000000001,Very Low,863,3051,28.285800,Very High,189,1583,11.939400,Very High,,,,,,680190.000000,10,99,2,1.4701774504182654,14.554756759140828,0.29403549008365309,Very Low,Very High,Very Low,173,0,9,1,0.000000,5.202300,0.578000,,,
2024/2025,All Ages,Bay Area,03/15/2025,11,2025,683,30646,2.2286999999999999,Very Low,3724,24747,15.048300,High,599,20186,2.967400,Low,,,,,,8391953.000000,98,212,80,1.1677853772536619,2.5262295916099626,0.95329418551319345,Very Low,Low,Low,1133,6,8,1,0.529600,0.706100,0.088300,,,
2024/2025,All Ages,Greater Sierra-Sacramento,03/15/2025,11,2025,150,7903,1.8979999999999999,Very Low,1137,8965,12.682700,Moderate,281,5851,4.802600,Moderate,,,,,,2981445.000000,49,143,48,1.6434983707564621,4.7963319799627362,1.6099575876797996,Very Low,Moderate,Moderate,49,0,0,1,0.000000,0.000000,2.040800,,,
2025/2026,All Ages,Central California,10/11/2025,41,2025,297,6913,4.2962999999999996,Low,76,5512,1.378800,Very Low,11,3484,0.315700,Very Low,25,4,,,,4454294.000000,57,14,0,1.2796640724658048,0.31430345639510998,0,Very Low,Very Low,Very Low,599,3,1,0,0.500800,0.166900,0.000000,,,
2025/2026,All Ages,Bay Area,11/15/2025,46,2025,173,16976,1.0190999999999999,Very Low,282,13559,2.079800,Low,274,12395,2.210600,Low,252,9,,,,8398557.000000,30,24,28,0.35720421972488847,0.28576337577991079,0.33339060507656254,Very Low,Very Low,Very Low,211,0,0,0,0.000000,0.000000,0.000000,,,
2023/2024,All Ages,Rural North,07/22/2023,29,2023,84,1060,7.9245000000000001,Low,5,252,1.984100,Very Low,1,120,0.833300,Very Low,,,,,,,,,,,,,,,,155,2,0,0,1.290300,0.000000,0.000000,,,
2023/2024,All Ages,Bay Area,09/16/2023,37,2023,3743,47873,7.8186,Low,190,7652,2.483000,Low,117,3930,2.977100,Low,,,,,,,,,,,,,,,,1038,21,1,0,2.023100,0.096300,0.000000,,,
2023/2024,All Ages,Greater Sierra-Sacramento,09/02/2023,35,2023,1495,9328,16.027000000000001,High,47,1623,2.895900,Low,5,785,0.636900,Very Low,,,,,,,,,,,,,,,,62,1,0,0,1.612900,0.000000,0.000000,,,
2023/2024,All Ages,Rural North,02/03/2024,5,2024,157,1773,8.8550000000000004,Moderate,214,1402,15.263900,High,65,934,6.959300,Moderate,,,,,,683715.000000,48,,,7.0204690550887436,,,Low,,,139,6,1,0,4.316500,0.719400,0.000000,,,
2023/2024,All Ages,Bay Area,04/06/2024,14,2024,808,52607,1.5359,Very Low,894,24099,3.709700,Low,93,21097,0.440800,Very Low,,,,,,8391874.000000,264,,,3.1459004270083182,,,Low,,,1117,9,0,2,0.805700,0.000000,0.179100,,,
2023/2024,All Ages,Bay Area,04/20/2024,16,2024,833,46757,1.7816000000000001,Very Low,976,23581,4.138900,Low,56,20519,0.272900,Very Low,,,,,,8391874.000000,240,,,2.8599094790984707,,,Very Low,,,1073,5,1,0,0.466000,0.093200,0.000000,,,
2023/2024,All Ages,Greater Sierra-Sacramento,04/20/2024,16,2024,253,8201,3.085,Low,312,6282,4.966600,Low,42,4718,0.890200,Very Low,,,,,,2973210.000000,96,,,3.228833483003219,,,Low,,,52,0,0,0,0.000000,0.000000,0.000000,,,
2024/2025,All Ages,Southern California,07/20/2024,29,2024,3914,26346,14.8561,High,236,13989,1.687000,Very Low,12,6907,0.173700,Very Low,,,,,,12840501.000000,464,,,3.6135661684851703,,,Low,,,1725,26,0,0,1.507200,0.000000,0.000000,,,
2024/2025,All Ages,Greater Sierra-Sacramento,09/14/2024,37,2024,1009,7612,13.2554,High,42,3716,1.130200,Very Low,9,2342,0.384300,Very Low,,,,,,2981445.000000,225,,,7.5466761922490608,,,Low,,,43,0,0,0,0.000000,0.000000,0.000000,,,
2024/2025,All Ages,Los Angeles,12/07/2024,49,2024,673,36458,1.8460000000000001,Very Low,3068,21965,13.967700,Moderate,545,14048,3.879600,Low,,,,,,9784023.000000,295,369,138,3.0151196496574055,3.7714547482155347,1.4104627513651593,Low,Low,Low,1417,8,5,0,0.564600,0.352900,0.000000,,,
2024/2025,All Ages,Greater Sierra-Sacramento,02/08/2025,6,2025,302,12845,2.3511000000000002,Very Low,4996,14109,35.410000,Very High,748,9987,7.489700,High,,,,,,2981445.000000,86,435,92,2.8845073445929743,14.590240638348183,3.085752043052949,Very Low,Very High,Very High,55,0,1,0,0.000000,1.818200,0.000000,,,
2024/2025,All Ages,Southern California,02/08/2025,6,2025,1665,41010,4.0599999999999996,Low,7585,31661,23.956900,Very High,1372,16602,8.264100,High,,,,,,12840501.000000,299,1072,309,2.3285695783988491,8.3485839065002221,2.4064481596162022,Very Low,High,High,2159,26,59,6,1.204300,2.732700,0.277900,,,
2024/2025,All Ages,Greater Sierra-Sacramento,02/15/2025,7,2025,283,12272,2.3060999999999998,Very Low,4067,13909,29.240100,Very High,690,9385,7.352200,High,,,,,,2981445.000000,78,361,97,2.6161810799796745,12.108222690675159,3.2534559584362617,Very Low,Very High,Very High,67,0,3,2,0.000000,4.477600,2.985100,,,
2024/2025,All Ages,Bay Area,02/22/2025,8,2025,603,38753,1.556,Very Low,8382,32919,25.462500,Very High,1142,26400,4.325800,Moderate,,,,,,8391953.000000,105,602,132,1.2511986184860664,7.1735387459867805,1.5729354060967691,Very Low,High,Moderate,1258,13,28,7,1.033400,2.225800,0.556400,,,
2024/2025,All Ages,Los Angeles,05/24/2025,21,2025,597,29351,2.0339999999999998,Very Low,397,16234,2.445500,Low,44,10674,0.412200,Very Low,,,,,,9784023.000000,181,60,10,1.8499547680948827,0.61324467450659093,0.1022074457510985,Very Low,Very Low,Very Low,1204,1,2,0,0.083100,0.166100,0.000000,,,
2025/2026,All Ages,Greater Sierra-Sacramento,09/27/2025,39,2025,480,5084,9.4413999999999998,Moderate,26,3282,0.792200,Very Low,12,1809,0.663300,Very Low,22,1,,,,2992125.000000,87,6,0,2.9076325354054391,0.20052638175209928,0,Very Low,Very Low,Very Low,38,2,0,0,5.263200,0.000000,0.000000,,,
2025/2026,All Ages,Rural North,10/04/2025,40,2025,79,730,10.821899999999999,Moderate,4,866,0.461900,Very Low,0,485,0.000000,Very Low,0,1,,,,677064.000000,15,0,2,2.2154478749423983,0,0.29539304999231975,Very Low,Very Low,Very Low,132,1,0,0,0.757600,0.000000,0.000000,,,
2023/2024,All Ages,Rural North,08/19/2023,33,2023,211,1186,17.790900000000001,Very High,3,335,0.895500,Very Low,0,190,0.000000,Very Low,,,,,,,,,,,,,,,,144,4,0,0,2.777800,0.000000,0.000000,,,
2023/2024,All Ages,Greater Sierra-Sacramento,09/16/2023,37,2023,1460,9278,15.7362,High,32,1773,1.804900,Very Low,4,911,0.439100,Very Low,,,,,,,,,,,,,,,,47,3,0,0,6.383000,0.000000,0.000000,,,
2023/2024,All Ages,Rural North,11/04/2023,44,2023,121,1363,8.8774999999999995,Moderate,13,872,1.490800,Very Low,2,538,0.371700,Very Low,,,,,,,,,,,,,,,,157,1,0,0,0.636900,0.000000,0.000000,,,
2023/2024,All Ages,Rural North,01/06/2024,1,2024,186,1814,10.2536,Moderate,214,1532,13.968700,Moderate,182,1002,18.163700,Very High,,,,,,,,,,,,,,,,151,5,3,0,3.311300,1.986800,0.000000,,,
2023/2024,All Ages,Southern California,02/03/2024,5,2024,2788,36453,7.6482000000000001,Low,1865,20307,9.184000,Moderate,711,11366,6.255500,Moderate,,,,,,12802429.000000,663,,,5.1787047598545559,,,Low,,,1888,47,15,9,2.489400,0.794500,0.476700,,,
2023/2024,All Ages,Central California,03/23/2024,12,2024,462,17679,2.6133000000000002,Very Low,609,9082,6.705600,Low,136,7644,1.779200,Low,,,,,,4432134.000000,117,,,2.6398118829439725,,,Very Low,,,689,8,0,1,1.161100,0.000000,0.145100,,,
2023/2024,All Ages,Greater Sierra-Sacramento,06/01/2024,22,2024,484,6320,7.6581999999999999,Low,184,3722,4.943600,Low,2,2141,0.093400,Very Low,,,,,,2973210.000000,129,,,4.3387449927855748,,,Low,,,53,1,0,0,1.886800,0.000000,0.000000,,,
2024/2025,All Ages,Central California,08/17/2024,33,2024,2295,13686,16.768999999999998,High,40,5486,0.729100,Very Low,7,3738,0.187300,Very Low,,,,,,4441622.000000,307,,,6.9118893953605234,,,Low,,,605,16,0,0,2.644600,0.000000,0.000000,,,
2024/2025,All Ages,Bay Area,10/19/2024,42,2024,735,26806,2.7418999999999998,Very Low,306,14282,2.142600,Low,198,11527,1.717700,Low,,,,,,8391953.000000,176,,,2.0972472081290254,,,Very Low,,,1021,7,1,0,0.685600,0.097900,0.000000,,,
2024/2025,All Ages,Rural North,12/28/2024,52,2024,43,1112,3.8668999999999998,Low,388,1958,19.816100,High,66,886,7.449200,High,,,,,,680190.000000,28,46,5,4.1164968611711439,6.7628162719240201,0.73508872520913271,Low,High,Low,167,3,3,0,1.796400,1.796400,0.000000,,,
2024/2025,All Ages,Southern California,11/16/2024,46,2024,648,30122,2.1513,Very Low,919,15913,5.775200,Low,155,8168,1.897600,Low,,,,,,12840501.000000,186,127,36,1.4485416106427624,0.98905798146038071,0.28036289238247009,Very Low,Very Low,Very Low,1827,14,2,1,0.766300,0.109500,0.054700,,,
2025/2026,All Ages,Greater Sierra-Sacramento,07/26/2025,30,2025,319,3743,8.5226000000000006,Moderate,23,1608,1.430300,Very Low,7,810,0.864200,Very Low,4,8,,,,2992125.000000,61,5,6,2.0386848811463425,0.16710531812674939,0.20052638175209928,Very Low,Very Low,Very Low,54,0,0,0,0.000000,0.000000,0.000000,,,
2025/2026,All Ages,Southern California,09/27/2025,39,2025,1500,27001,5.5552999999999999,Low,150,19217,0.780600,Very Low,48,11358,0.422600,Very Low,71,15,,,,12884704.000000,374,45,3,2.9026666037496867,0.34925132932817082,0.023283421955211391,Very Low,Very Low,Very Low,1629,16,0,0,0.982200,0.000000,0.000000,,,
2025/2026,All Ages,Central California,11/01/2025,44,2025,149,7085,2.1030000000000002,Very Low,74,6824,1.084400,Very Low,15,4792,0.313000,Very Low,28,3,,,,4454294.000000,34,12,0,0.76330839410240992,0.26940296262437996,0,Very Low,Very Low,Very Low,540,3,0,0,0.555600,0.000000,0.000000,,,
2024/2025,All Ages,California,10/19/2024,42,2024,2822,102776,2.7458,Very Low,831,52728,1.576000,Very Low,327,35099,0.931700,Very Low,,,0.59999999999999998,0.20000000000000001,0,39119734.000000,824,,,2.1063537906469407,,,Very Low,,,5053,46,3,3,0.910400,0.059400,0.059400,,,
2025/2026,All Ages,California,10/18/2025,42,2025,2106,73515,2.8647,Very Low,672,57234,1.174100,Very Low,198,36878,0.536900,Very Low,369,31,0.40000000000000002,0.10000000000000001,0,39155670.000000,606,102,26,1.5476685752025185,0.26049867107369129,0.06640162203839188,Very Low,Very Low,Very Low,4916,38,0,2,0.773000,0.000000,0.040700,,,
2023/2024,All Ages,California,12/23/2023,51,2023,20194,192083,10.513199999999999,Moderate,24660,108459,22.736700,Very High,7065,70831,9.974400,High,,,2.2000000000000002,4.2000000000000002,1.3999999999999999,,,,,,,,,,,6286,192,49,31,3.054400,0.779500,0.493200,,,
2024/2025,All Ages,California,03/29/2025,13,2025,2453,130270,1.883,Very Low,8729,92183,9.469200,Moderate,1547,64256,2.407600,Low,,,0.40000000000000002,1.7,0.20000000000000001,39119734.000000,599,598,258,1.5311965055795114,1.5286402509792119,0.65951368687731882,Very Low,Low,Low,5498,22,26,10,0.400100,0.472900,0.181900,,,
2025/2026,All Ages,California,09/13/2025,37,2025,8450,84012,10.0581,Moderate,571,49486,1.153900,Very Low,141,31223,0.451600,Very Low,267,49,1.8999999999999999,0.10000000000000001,0,39155670.000000,1664,90,20,4.2497038104570803,0.22985176859443343,0.051078170798762992,Low,Very Low,Very Low,5034,52,2,1,1.033000,0.039700,0.019900,,,
2023/2024,All Ages,California,09/16/2023,37,2023,16863,158767,10.6212,Moderate,502,35543,1.412400,Very Low,226,17899,1.262600,Low,,,2.2999999999999998,0.10000000000000001,0,,,,,,,,,,,5290,135,1,0,2.552000,0.018900,0.000000,,,
2023/2024,All Ages,California,04/27/2024,17,2024,2363,123887,1.9074,Very Low,2253,61357,3.672000,Low,181,44818,0.403900,Very Low,,,0.5,0.59999999999999998,0,39109070.000000,728,,,1.861460781348163,,,Very Low,,,5274,32,3,4,0.606800,0.056900,0.075800,,,
2025/2026,All Ages,California,07/12/2025,28,2025,4082,80600,5.0644999999999998,Low,602,35971,1.673600,Very Low,53,22121,0.239600,Very Low,244,150,0.90000000000000002,0.10000000000000001,0,39155670.000000,690,106,10,1.762196892557323,0.27071430523344386,0.025539085399381496,Very Low,Very Low,Very Low,5196,27,2,0,0.519600,0.038500,0.000000,,,
2023/2024,All Ages,California,09/23/2023,38,2023,13594,154537,8.7965999999999998,Moderate,453,37042,1.222900,Very Low,288,18455,1.560600,Low,,,1.8,0.10000000000000001,0,,,,,,,,,,,5239,138,0,2,2.634100,0.000000,0.038200,,,
2023/2024,All Ages,California,05/18/2024,20,2024,3418,110094,3.1046,Low,1794,51076,3.512400,Low,102,34820,0.292900,Very Low,,,0.69999999999999996,0.5,0,39109070.000000,781,,,1.9969792173529055,,,Very Low,,,5275,41,6,1,0.777300,0.113700,0.019000,,,
2023/2024,All Ages,California,08/19/2023,33,2023,17587,144568,12.1652,Moderate,417,27147,1.536100,Very Low,71,12761,0.556400,Very Low,,,2.5,0.10000000000000001,0,,,,,,,,,,,5307,113,2,0,2.129300,0.037700,0.000000,,,
2024/2025,All Ages,California,08/31/2024,35,2024,13911,128531,10.8231,Moderate,624,47539,1.312600,Very Low,72,29303,0.245700,Very Low,,,2.6000000000000001,0.10000000000000001,0,39119734.000000,2928,,,7.4847134696774784,,,Low,,,5192,144,4,0,2.773500,0.077000,0.000000,,,
2024/2025,0-17 yrs,Central California,03/29/2025,13,2025,57,3685,1.5468113975576661,Very Low,576,3747,15.372300,High,180,2752,6.540700,Moderate,,,,,,1224522.000000,2,3,5,0.16332903777963972,0.2449935566694596,0.4083225944490993,Very Low,Very Low,Very Low,7,0,0,0,0.000000,0.000000,0.000000,,,
2024/2025,0-17 yrs,Los Angeles,03/29/2025,13,2025,86,5724,1.5024458420684834,Very Low,718,4780,15.020900,High,157,3139,5.001600,Moderate,,,,,,1934637.000000,7,24,14,0.36182498318806061,1.240542799501922,0.72364996637612122,Very Low,Low,Low,10,0,0,0,0.000000,0.000000,0.000000,,,
2024/2025,0-17 yrs,Rural North,03/29/2025,13,2025,1,366,0.27322404371584702,Very Low,52,531,9.792800,Moderate,34,308,11.039000,Very High,,,,,,147863.000000,0,0,1,0,0,0.67630171171963227,Very Low,Very Low,Low,5,0,0,0,0.000000,0.000000,0.000000,,,
2024/2025,0-17 yrs,Los Angeles,04/05/2025,14,2025,80,5084,1.5735641227380015,Very Low,462,4190,11.026300,Moderate,112,2689,4.165100,Moderate,,,,,,1934637.000000,6,13,11,0.31013569987548051,0.67196068306354118,0.56858211643838097,Very Low,Very Low,Low,11,1,0,0,9.090909,0.000000,0.000000,,,
2024/2025,0-17 yrs,Southern California,04/05/2025,14,2025,76,5264,1.4437689969604863,Very Low,480,4350,11.034500,Moderate,149,2974,5.010100,Moderate,,,,,,2904951.000000,18,31,29,0.61963179413353264,1.0671436454521952,0.99829566832624717,Very Low,Low,Low,12,0,0,0,0.000000,0.000000,0.000000,,,
2024/2025,0-17 yrs,Central California,04/12/2025,15,2025,28,3258,0.85942295887047271,Very Low,310,3355,9.239900,Moderate,92,2395,3.841300,Low,,,,,,1224522.000000,0,7,7,0,0.57165163222873905,0.57165163222873905,Very Low,Very Low,Low,13,0,0,0,0.000000,0.000000,0.000000,,,
2024/2025,18-64 yrs,Greater Sierra-Sacramento,04/12/2025,15,2025,77,3000,2.5666666666666669,Very Low,208,3068,6.779700,Low,23,1814,1.267900,Low,,,,,,1793656.000000,11,18,1,0.61327255616461573,1.0035369100875529,0.055752050560419611,Very Low,Low,Very Low,12,0,0,0,0.000000,0.000000,0.000000,,,
2024/2025,18-64 yrs,Los Angeles,04/12/2025,15,2025,279,21954,1.2708390270565728,Very Low,465,11395,4.080700,Low,35,6620,0.528700,Very Low,,,,,,6240953.000000,92,52,4,1.4741338382134908,0.83320608246849481,0.064092775574499605,Very Low,Very Low,Very Low,304,2,0,1,0.657895,0.000000,0.328947,,,
2024/2025,18-64 yrs,Bay Area,04/26/2025,17,2025,241,13259,1.8176333056791611,Very Low,629,8385,7.501500,Low,39,6742,0.578500,Very Low,,,,,,5222531.000000,16,30,6,0.30636486408601499,0.57443412016127815,0.11488682403225561,Very Low,Very Low,Very Low,214,0,0,0,0.000000,0.000000,0.000000,,,
2024/2025,18-64 yrs,Greater Sierra-Sacramento,04/26/2025,17,2025,82,2828,2.8995756718528995,Very Low,131,2550,5.137300,Low,20,1549,1.291200,Low,,,,,,1793656.000000,10,7,6,0.55752050560419608,0.39026435392293723,0.33451230336251769,Very Low,Very Low,Very Low,9,0,0,0,0.000000,0.000000,0.000000,,,
2024/2025,>64 yrs,Los Angeles,04/26/2025,17,2025,191,11788,1.6202918221920597,Very Low,70,6424,1.089700,Very Low,26,4440,0.585600,Very Low,,,,,,1608433.000000,140,22,15,8.7041238273524613,1.3677908871553868,0.9325846957877636,Low,Low,Low,933,8,0,0,0.857449,0.000000,0.000000,,,
2024/2025,>64 yrs,Southern California,04/26/2025,17,2025,220,6102,3.6053752867912161,Low,79,5699,1.386200,Very Low,19,3129,0.607200,Very Low,,,,,,2059864.000000,92,36,8,4.4663142809428189,1.7476881968906683,0.38837515486459306,Low,Low,Very Low,1317,12,3,1,0.911162,0.227790,0.075930,,,
2024/2025,0-17 yrs,Los Angeles,05/10/2025,19,2025,79,4128,1.9137596899224805,Very Low,169,3391,4.983800,Low,22,2243,0.980800,Very Low,,,,,,1934637.000000,3,3,2,0.15506784993774025,0.15506784993774025,0.10337856662516016,Very Low,Very Low,Very Low,12,0,0,0,0.000000,0.000000,0.000000,,,
2024/2025,18-64 yrs,Central California,05/17/2025,20,2025,136,3567,3.8127277824502386,Low,66,2469,2.673100,Low,3,1659,0.180800,Very Low,,,,,,2636654.000000,7,3,0,0.26548800108015685,0.11378057189149582,0,Very Low,Very Low,Very Low,166,0,0,0,0.000000,0.000000,0.000000,,,
2024/2025,18-64 yrs,Los Angeles,05/17/2025,20,2025,258,18314,1.4087583269629791,Very Low,177,8246,2.146500,Low,12,5147,0.233100,Very Low,,,,,,6240953.000000,64,20,4,1.0254844091919937,0.32046387787249797,0.064092775574499605,Very Low,Very Low,Very Low,292,2,1,0,0.684932,0.342466,0.000000,,,
2024/2025,18-64 yrs,Southern California,05/17/2025,20,2025,367,14543,2.5235508492058032,Very Low,142,7194,1.973900,Very Low,7,3663,0.191100,Very Low,,,,,,7875686.000000,35,12,2,0.44440573176736603,0.15236767946309693,0.025394613243849489,Very Low,Very Low,Very Low,373,1,0,0,0.268097,0.000000,0.000000,,,
2024/2025,18-64 yrs,Bay Area,05/24/2025,21,2025,355,10764,3.2980304719435152,Low,271,4594,5.899000,Low,8,3450,0.231900,Very Low,,,,,,5222531.000000,30,11,1,0.57443412016127815,0.21062584405913531,0.019147804005375937,Very Low,Very Low,Very Low,201,0,0,0,0.000000,0.000000,0.000000,,,
2024/2025,0-17 yrs,Los Angeles,05/31/2025,22,2025,93,3484,2.6693455797933408,Very Low,119,2874,4.140600,Low,14,1965,0.712500,Very Low,,,,,,1934637.000000,8,6,0,0.41351426650064066,0.31013569987548051,0,Very Low,Very Low,Very Low,8,1,0,1,12.500000,0.000000,12.500000,,,
2024/2025,0-17 yrs,Rural North,05/31/2025,22,2025,3,182,1.6483516483516485,Very Low,8,202,3.960400,Low,0,160,0.000000,Very Low,,,,,,147863.000000,0,0,0,0,0,0,Very Low,Very Low,Very Low,2,0,0,0,0.000000,0.000000,0.000000,,,
2024/2025,18-64 yrs,Bay Area,06/07/2025,23,2025,455,9114,4.9923195084485412,Low,197,4258,4.626600,Low,3,3233,0.092800,Very Low,,,,,,5222531.000000,30,12,0,0.57443412016127815,0.22977364806451123,0,Very Low,Very Low,Very Low,191,0,0,0,0.000000,0.000000,0.000000,,,
2024/2025,>64 yrs,Central California,06/07/2025,23,2025,85,1175,7.2340425531914887,Low,24,982,2.444000,Low,3,653,0.459400,Very Low,,,,,,580446.000000,25,6,1,4.3070328678292213,1.033687888279013,0.17228131471316885,Low,Low,Very Low,451,1,0,0,0.221729,0.000000,0.000000,,,
2024/2025,18-64 yrs,Southern California,06/07/2025,23,2025,375,11958,3.1359759157049671,Low,136,7055,1.927700,Very Low,4,3855,0.103800,Very Low,,,,,,7875686.000000,51,21,1,0.64756263771816192,0.26664343906041965,0.012697306621924745,Very Low,Very Low,Very Low,366,1,1,0,0.273224,0.273224,0.000000,,,
2024/2025,18-64 yrs,Greater Sierra-Sacramento,06/14/2025,24,2025,94,1831,5.1338066630256689,Low,41,811,5.055500,Low,1,440,0.227300,Very Low,,,,,,1793656.000000,9,3,0,0.50176845504377643,0.16725615168125885,0,Very Low,Very Low,Very Low,14,0,0,0,0.000000,0.000000,0.000000,,,
2024/2025,>64 yrs,Southern California,06/14/2025,24,2025,295,6518,4.5259281988339986,Low,52,5062,1.027300,Very Low,2,2848,0.070200,Very Low,,,,,,2059864.000000,95,20,1,4.6119549640170421,0.97093788716148244,0.048546894358074133,Low,Very Low,Very Low,1383,6,0,0,0.433839,0.000000,0.000000,,,
2024/2025,0-17 yrs,Southern California,06/21/2025,25,2025,114,3445,3.3091436865021771,Low,74,2566,2.883900,Low,6,1766,0.339800,Very Low,,,,,,2904951.000000,13,13,0,0.44751185131866256,0.44751185131866256,0,Very Low,Very Low,Very Low,9,0,0,0,0.000000,0.000000,0.000000,,,
2024/2025,>64 yrs,Central California,06/28/2025,26,2025,119,1296,9.1820987654320998,Moderate,21,912,2.302600,Low,0,575,0.000000,Very Low,,,,,,580446.000000,28,14,0,4.8238768119687272,2.4119384059843636,0,Low,Low,Very Low,404,2,0,0,0.495050,0.000000,0.000000,,,
2024/2025,18-64 yrs,Los Angeles,06/28/2025,26,2025,365,19011,1.9199410867392561,Very Low,86,5886,1.461100,Very Low,2,3268,0.061200,Very Low,,,,,,6240953.000000,80,9,0,1.2818555114899919,0.1442087450426241,0,Very Low,Very Low,Very Low,310,0,0,0,0.000000,0.000000,0.000000,,,
2024/2025,>64 yrs,Los Angeles,06/28/2025,26,2025,228,8822,2.5844479709816368,Very Low,32,3990,0.802000,Very Low,2,2582,0.077500,Very Low,,,,,,1608433.000000,109,15,0,6.7767821227244154,0.9325846957877636,0,Low,Very Low,Very Low,954,4,1,0,0.419287,0.104822,0.000000,,,
2025/2026,>64 yrs,Greater Sierra-Sacramento,07/12/2025,28,2025,99,1176,8.4183673469387745,Moderate,3,597,0.502500,Very Low,0,345,0.000000,Very Low,0,1,,,,540932.000000,45,5,0,8.3189753980167556,0.92433059977963961,0,Low,Very Low,Very Low,29,0,0,0,0.000000,0.000000,0.000000,,,
2025/2026,18-64 yrs,Greater Sierra-Sacramento,07/26/2025,30,2025,172,1923,8.9443577743109728,Moderate,10,668,1.497000,Very Low,5,304,1.644700,Low,3,2,,,,1800650.000000,16,2,2,0.88856801710493427,0.11107100213811678,0.11107100213811678,Very Low,Very Low,Very Low,9,0,0,0,0.000000,0.000000,0.000000,,,
2025/2026,0-17 yrs,Central California,08/02/2025,31,2025,193,1643,11.746804625684723,Moderate,9,861,1.045300,Very Low,1,600,0.166700,Very Low,4,3,,,,1200683.000000,3,0,1,0.24985778927493768,0,0.08328592975831256,Very Low,Very Low,Very Low,12,0,0,0,0.000000,0.000000,0.000000,,,
2025/2026,0-17 yrs,Greater Sierra-Sacramento,08/02/2025,31,2025,73,818,8.9242053789731042,Moderate,2,436,0.458700,Very Low,4,238,1.680700,Low,,,,,,650543.000000,2,1,0,0.30743548082140609,0.15371774041070305,0,Very Low,Very Low,Very Low,2,0,0,0,0.000000,0.000000,0.000000,,,
2025/2026,18-64 yrs,Greater Sierra-Sacramento,08/02/2025,31,2025,202,2119,9.5327984898537039,Moderate,4,677,0.590800,Very Low,5,325,1.538500,Low,2,1,,,,1800650.000000,22,5,0,1.2217810235192847,0.27767750534529201,0,Very Low,Very Low,Very Low,13,0,0,0,0.000000,0.000000,0.000000,,,
2025/2026,>64 yrs,Southern California,08/02/2025,31,2025,393,7688,5.1118626430801246,Low,44,6431,0.684200,Very Low,3,4178,0.071800,Very Low,20,3,,,,2132361.000000,140,16,1,6.5654924283458573,0.75034199181095507,0.046896374488184692,Low,Very Low,Very Low,1270,9,1,0,0.708661,0.078740,0.000000,,,
2025/2026,0-17 yrs,Los Angeles,08/16/2025,33,2025,413,3504,11.786529680365296,Moderate,36,2084,1.727400,Very Low,9,1358,0.662700,Very Low,18,7,,,,1891916.000000,21,2,0,1.1099858556088114,0.1057129386294106,0,Very Low,Very Low,Very Low,7,0,0,0,0.000000,0.000000,0.000000,,,
2025/2026,0-17 yrs,Southern California,08/16/2025,33,2025,456,3553,12.834224598930483,Moderate,39,2881,1.353700,Very Low,7,1862,0.375900,Very Low,8,8,,,,2856266.000000,55,2,2,1.9255909638668109,0.07002148959515675,0.07002148959515675,Very Low,Very Low,Very Low,13,0,0,0,0.000000,0.000000,0.000000,,,
2025/2026,0-17 yrs,Los Angeles,08/23/2025,34,2025,538,3769,14.274343327142477,High,47,2662,1.765600,Very Low,11,1733,0.634700,Very Low,16,8,,,,1891916.000000,18,2,1,0.95141644766469546,0.1057129386294106,0.0528564693147053,Very Low,Very Low,Very Low,16,1,0,0,6.250000,0.000000,0.000000,,,
2025/2026,>64 yrs,Rural North,08/23/2025,34,2025,51,221,23.076923076923077,Very High,1,203,0.492600,Very Low,0,134,0.000000,Very Low,,,,,,150862.000000,9,0,0,5.9657170128992059,0,0,Low,Very Low,Very Low,121,3,0,0,2.479339,0.000000,0.000000,,,
2025/2026,18-64 yrs,Southern California,08/23/2025,34,2025,1148,14654,7.8340384877849054,Low,58,6783,0.855100,Very Low,3,3001,0.100000,Very Low,24,7,,,,7896077.000000,159,7,1,2.0136581748126319,0.088651617759046675,0.012664516822720953,Very Low,Very Low,Very Low,350,1,0,0,0.285714,0.000000,0.000000,,,
2025/2026,0-17 yrs,Los Angeles,08/30/2025,35,2025,612,5227,11.708436961928449,Moderate,75,3437,2.182100,Low,13,2126,0.611500,Very Low,22,10,,,,1891916.000000,25,3,2,1.3214117328676327,0.15856940794411589,0.1057129386294106,Very Low,Very Low,Very Low,8,0,0,0,0.000000,0.000000,0.000000,,,
2025/2026,0-17 yrs,Rural North,08/30/2025,35,2025,34,249,13.654618473895583,High,0,221,0.000000,Very Low,2,179,1.117300,Low,,,,,,144328.000000,0,0,0,0,0,0,Very Low,Very Low,Very Low,1,0,0,0,0.000000,0.000000,0.000000,,,
2025/2026,>64 yrs,Southern California,08/30/2025,35,2025,734,10351,7.091102308955656,Low,42,7103,0.591300,Very Low,5,4764,0.105000,Very Low,23,1,,,,2132361.000000,292,11,0,13.69374135054993,0.51586011937003162,0,Moderate,Very Low,Very Low,1287,16,0,0,1.243201,0.000000,0.000000,,,
2025/2026,18-64 yrs,Greater Sierra-Sacramento,09/06/2025,36,2025,446,2536,17.586750788643531,Very High,8,1006,0.795200,Very Low,6,529,1.134200,Low,4,1,,,,1800650.000000,52,0,0,2.8878460555910364,0,0,Very Low,Very Low,Very Low,9,0,0,0,0.000000,0.000000,0.000000,,,
2025/2026,>64 yrs,Greater Sierra-Sacramento,09/06/2025,36,2025,290,1532,18.929503916449086,Very High,9,668,1.347300,Very Low,0,433,0.000000,Very Low,2,0,,,,540932.000000,92,1,1,17.007683035945369,0.18486611995592792,0.18486611995592792,Moderate,Very Low,Very Low,36,0,0,0,0.000000,0.000000,0.000000,,,
2025/2026,>64 yrs,Rural North,09/06/2025,36,2025,43,200,21.5,Very High,2,217,0.921700,Very Low,0,141,0.000000,Very Low,2,0,,,,150862.000000,17,1,3,11.268576579920722,0.66285744587768947,1.9885723376330686,Low,Very Low,Moderate,103,2,0,0,1.941748,0.000000,0.000000,,,
2025/2026,>64 yrs,Los Angeles,09/20/2025,38,2025,667,7179,9.2909876027301852,Moderate,33,4146,0.795900,Very Low,1,2469,0.040500,Very Low,19,3,,,,1662650.000000,262,19,3,15.757976723904608,1.1427540372297236,0.18043484798364057,Moderate,Low,Very Low,888,14,1,0,1.576577,0.112613,0.000000,,,
2025/2026,18-64 yrs,Central California,09/27/2025,39,2025,277,3916,7.0735444330949946,Low,24,1827,1.313600,Very Low,2,1094,0.182800,Very Low,10,1,,,,2656528.000000,27,3,0,1.0163642167520914,0.11292935741689906,0,Very Low,Very Low,Very Low,131,1,0,0,0.763359,0.000000,0.000000,,,
2025/2026,0-17 yrs,Rural North,09/27/2025,39,2025,17,232,7.3275862068965507,Low,0,228,0.000000,Very Low,0,183,0.000000,Very Low,,,,,,144328.000000,1,0,0,0.69286624909927386,0,0,Very Low,Very Low,Very Low,1,0,0,0,0.000000,0.000000,0.000000,,,
2025/2026,18-64 yrs,Rural North,09/27/2025,39,2025,38,391,9.7186700767263421,Moderate,0,340,0.000000,Very Low,0,229,0.000000,Very Low,,,,,,381874.000000,1,0,0,0.2618664795194226,0,0,Very Low,Very Low,Very Low,24,1,0,0,4.166667,0.000000,0.000000,,,
2025/2026,>64 yrs,Greater Sierra-Sacramento,10/04/2025,40,2025,115,1237,9.2966855295068722,Moderate,17,1332,1.276300,Very Low,1,921,0.108600,Very Low,10,0,,,,540932.000000,52,5,0,9.6130382377082508,0.92433059977963961,0,Low,Very Low,Very Low,43,0,0,0,0.000000,0.000000,0.000000,,,
2025/2026,18-64 yrs,Los Angeles,10/04/2025,40,2025,497,11427,4.3493480353548613,Low,86,6570,1.309000,Very Low,11,3490,0.315200,Very Low,28,5,,,,6194360.000000,96,10,1,1.5497969120296529,0.16143717833642215,0.016143717833642216,Very Low,Very Low,Very Low,281,0,0,0,0.000000,0.000000,0.000000,,,
2025/2026,0-17 yrs,Southern California,10/04/2025,40,2025,201,4755,4.2271293375394325,Low,60,4066,1.475700,Very Low,29,2898,1.000700,Low,20,10,,,,2856266.000000,31,14,2,1.0853330887249295,0.49015042716609725,0.07002148959515675,Very Low,Very Low,Very Low,9,0,0,0,0.000000,0.000000,0.000000,,,
2025/2026,18-64 yrs,Southern California,10/04/2025,40,2025,597,10025,5.9551122194513715,Low,81,7030,1.152200,Very Low,6,3319,0.180800,Very Low,38,7,,,,7896077.000000,118,12,1,1.4944129850810726,0.15197420187265145,0.012664516822720953,Very Low,Very Low,Very Low,344,1,0,0,0.290698,0.000000,0.000000,,,
2025/2026,0-17 yrs,Greater Sierra-Sacramento,10/11/2025,41,2025,38,1391,2.7318475916606757,Very Low,21,1366,1.537300,Very Low,6,940,0.638300,Very Low,21,2,,,,650543.000000,3,0,1,0.46115322123210917,0,0.15371774041070305,Very Low,Very Low,Very Low,1,0,0,0,0.000000,0.000000,0.000000,,,
2025/2026,18-64 yrs,Southern California,10/11/2025,41,2025,435,10238,4.2488767337370579,Low,84,6970,1.205200,Very Low,9,3197,0.281500,Very Low,33,8,,,,7896077.000000,73,9,2,0.92450972805862963,0.11398065140448857,0.025329033645441906,Very Low,Very Low,Very Low,334,3,0,0,0.898204,0.000000,0.000000,,,
2025/2026,>64 yrs,Southern California,10/11/2025,41,2025,341,8379,4.0696980546604609,Low,43,7052,0.609800,Very Low,2,4347,0.046000,Very Low,23,1,,,,2132361.000000,161,15,2,7.5503162925977358,0.70344561732277044,0.093792748976369383,Low,Very Low,Very Low,1262,8,1,0,0.633914,0.079239,0.000000,,,
2025/2026,0-17 yrs,Central California,10/18/2025,42,2025,64,2271,2.8181417877586967,Very Low,33,1916,1.722300,Very Low,3,1499,0.200100,Very Low,19,0,,,,1200683.000000,0,1,0,0,0.08328592975831256,0,Very Low,Very Low,Very Low,4,0,0,0,0.000000,0.000000,0.000000,,,
2025/2026,>64 yrs,Los Angeles,10/18/2025,42,2025,202,5717,3.5333216722057026,Low,39,3926,0.993400,Very Low,6,2317,0.259000,Very Low,25,1,,,,1662650.000000,131,18,2,7.8789883619523042,1.0826090879018435,0.12028989865576038,Low,Low,Very Low,895,10,0,0,1.117318,0.000000,0.000000,,,
2025/2026,18-64 yrs,Southern California,10/18/2025,42,2025,300,9722,3.0857848179386957,Low,69,6798,1.015000,Very Low,5,3179,0.157300,Very Low,31,2,,,,7896077.000000,47,14,1,0.59523229066788486,0.17730323551809335,0.012664516822720953,Very Low,Very Low,Very Low,331,0,0,0,0.000000,0.000000,0.000000,,,
2025/2026,>64 yrs,Southern California,10/25/2025,43,2025,239,7623,3.1352485897940445,Low,60,7412,0.809500,Very Low,8,4656,0.171800,Very Low,33,1,,,,2132361.000000,96,21,2,4.50205195086573,0.98482386425187862,0.093792748976369383,Low,Very Low,Very Low,1315,5,3,0,0.380228,0.228137,0.000000,,,
2025/2026,18-64 yrs,Bay Area,11/01/2025,44,2025,143,8617,1.6595102703957292,Very Low,95,6145,1.546000,Very Low,38,4803,0.791200,Very Low,69,5,,,,5207239.000000,32,4,3,0.6145291199424493,0.076816139992806162,0.057612104994604625,Very Low,Very Low,Very Low,156,0,0,0,0.000000,0.000000,0.000000,,,
2025/2026,0-17 yrs,Southern California,11/01/2025,44,2025,96,4848,1.9801980198019802,Very Low,106,4437,2.389000,Low,37,3157,1.172000,Low,48,17,,,,2856266.000000,12,8,9,0.42012893757094055,0.280085958380627,0.31509670317820543,Very Low,Very Low,Very Low,14,0,0,0,0.000000,0.000000,0.000000,,,
2025/2026,18-64 yrs,Greater Sierra-Sacramento,11/08/2025,45,2025,50,2435,2.0533880903490758,Very Low,38,2241,1.695700,Very Low,7,1294,0.541000,Very Low,30,1,,,,1800650.000000,8,3,0,0.44428400855246714,0.16660650320717521,0,Very Low,Very Low,Very Low,13,0,0,0,0.000000,0.000000,0.000000,,,
2025/2026,>64 yrs,Rural North,11/08/2025,45,2025,8,171,4.6783625730994149,Low,3,365,0.821900,Very Low,2,202,0.990100,Very Low,1,0,,,,150862.000000,2,0,0,1.3257148917553789,0,0,Very Low,Very Low,Very Low,67,1,0,0,1.492537,0.000000,0.000000,,,
2025/2026,>64 yrs,Central California,11/15/2025,46,2025,27,1108,2.4368231046931408,Very Low,15,1444,1.038800,Very Low,0,1129,0.000000,Very Low,7,0,,,,597083.000000,14,6,0,2.3447326418605119,1.0048854179402193,0,Very Low,Low,Very Low,83,0,0,0,0.000000,0.000000,0.000000,,,
2025/2026,>64 yrs,Greater Sierra-Sacramento,11/15/2025,46,2025,29,1145,2.5327510917030569,Very Low,10,1322,0.756400,Very Low,6,1094,0.548400,Very Low,9,0,,,,540932.000000,14,7,1,2.588125679382991,1.2940628396914955,0.18486611995592792,Very Low,Low,Very Low,6,0,0,0,0.000000,0.000000,0.000000,,,
2025/2026,>64 yrs,Los Angeles,11/15/2025,46,2025,91,4519,2.013719849524231,Very Low,42,3350,1.253700,Very Low,9,2362,0.381000,Very Low,33,1,,,,1662650.000000,79,29,4,4.7514509969025349,1.7442035305085255,0.24057979731152077,Low,Low,Very Low,108,0,0,0,0.000000,0.000000,0.000000,,,
2023/2024,18-64 yrs,California,08/26/2023,34,2023,11450,86718,13.2037,High,163,14243,1.144400,Very Low,14,5687,0.246200,Very Low,,,,,,,,,,,,,,,,1242,16,1,0,1.288200,0.080500,0.000000,,,
2023/2024,>64 yrs,California,10/21/2023,42,2023,3254,38204,8.5174000000000003,Moderate,353,13181,2.678100,Low,226,8068,2.801200,Low,,,,,,,,,,,,,,,,3953,96,3,0,2.428500,0.075900,0.000000,,,
2024/2025,>64 yrs,California,09/07/2024,36,2024,4147,32350,12.8192,Moderate,334,14899,2.241800,Low,82,9415,0.871000,Very Low,,,,,,6421418.000000,1771,,,27.579578217770592,,,High,,,4028,109,2,0,2.706100,0.049700,0.000000,,,
2024/2025,18-64 yrs,California,02/15/2025,7,2025,1433,72893,1.9659,Very Low,12724,60378,21.073900,Very High,1073,37502,2.861200,Low,,,,,,24153482.000000,257,1047,139,1.064028780612253,4.3347787287977777,0.57548638328833912,Very Low,Moderate,Low,1244,4,29,1,0.321500,2.331200,0.080400,,,
2024/2025,>64 yrs,California,04/19/2025,16,2025,737,28462,2.5893999999999999,Very Low,398,21505,1.850700,Very Low,135,14768,0.914100,Very Low,,,,,,6421418.000000,381,162,42,5.9332689446474287,2.5228072678028433,0.65406114350444089,Low,Low,Low,3990,25,7,6,0.626600,0.175400,0.150400,,,
2024/2025,>64 yrs,California,04/26/2025,17,2025,743,26933,2.7587000000000002,Very Low,312,21189,1.472500,Very Low,101,14935,0.676300,Very Low,,,,,,6421418.000000,379,113,43,5.9021231759091215,1.759735933714329,0.66963402787359427,Low,Low,Low,4027,26,6,1,0.645600,0.149000,0.024800,,,
2025/2026,18-64 yrs,California,10/25/2025,43,2025,907,37751,2.4026000000000001,Very Low,382,26029,1.467600,Very Low,62,15393,0.402800,Very Low,198,18,,,,24136728.000000,148,36,4,0.61317341770599565,0.14915029079335029,0.016572254532594477,Very Low,Very Low,Very Low,1037,7,0,1,0.675000,0.000000,0.096400,,,
2023/2024,>64 yrs,California,07/08/2023,27,2023,1935,33429,5.7884000000000002,Low,71,3867,1.836000,Very Low,5,2949,0.169500,Very Low,,,,,,,,,,,,,,,,3728,47,1,0,1.260700,0.026800,0.000000,,,
2023/2024,0-17 yrs,California,07/15/2023,28,2023,688,16465,4.1786000000000003,Low,102,1936,5.268600,Low,24,1516,1.583100,Low,,,,,,,,,,,,,,,,47,0,0,0,0.000000,0.000000,0.000000,11,19,7
2023/2024,0-17 yrs,California,04/27/2024,17,2024,324,26428,1.226,Very Low,903,15265,5.915500,Low,83,11696,0.709600,Very Low,,,,,,8694111.000000,22,,,0.25304484840370683,,,Very Low,,,52,0,0,0,0.000000,0.000000,0.000000,11,19,7
2024/2025,0-17 yrs,California,08/17/2024,33,2024,2811,19427,14.4696,High,143,8671,1.649200,Very Low,27,6083,0.443900,Very Low,,,,,,8544834.000000,85,,,0.9947530870699185,,,Very Low,,,53,1,1,0,1.886800,1.886800,0.000000,9,44,8
2024/2025,>64 yrs,California,09/28/2024,39,2024,2213,28581,7.7428999999999997,Low,141,13943,1.011300,Very Low,8,9007,0.088800,Very Low,,,,,,6421418.000000,1282,,,19.964437761254601,,,Moderate,,,3862,87,0,0,2.252700,0.000000,0.000000,,,
2025/2026,>64 yrs,California,10/25/2025,43,2025,708,20885,3.3900000000000001,Low,159,19042,0.835000,Very Low,34,12994,0.261700,Very Low,105,4,,,,6632226.000000,337,45,6,5.0812502469005123,0.67850522584724948,0.090467363446299923,Low,Very Low,Very Low,3922,23,4,1,0.586400,0.102000,0.025500,,,
2023/2024,0-17 yrs,California,03/30/2024,13,2024,318,27410,1.1601999999999999,Very Low,1168,16829,6.940400,Low,234,13517,1.731200,Low,,,,,,8694111.000000,36,,,0.41407338829697482,,,Very Low,,,49,0,0,0,0.000000,0.000000,0.000000,11,19,7
2024/2025,>64 yrs,California,01/25/2025,4,2025,1463,37869,3.8633000000000002,Low,6390,33855,18.874600,High,899,22108,4.066400,Moderate,,,,,,6421418.000000,646,2243,303,10.060083302473068,34.929979640010977,4.718583963853467,Low,Very High,Very High,4978,53,112,13,1.064700,2.249900,0.261100,,,
2024/2025,0-17 yrs,California,02/22/2025,8,2025,414,33112,1.2503,Very Low,10108,32506,31.095800,Very High,3056,22973,13.302600,Very High,,,,,,8544834.000000,30,190,287,0.35108932484820654,2.2235657240386413,3.3587545410478428,Very Low,Low,Very High,61,1,4,0,1.639300,6.557400,0.000000,9,44,8
2024/2025,18-64 yrs,California,06/07/2025,23,2025,1446,45326,3.1901999999999999,Low,575,21909,2.624500,Low,17,13638,0.124700,Very Low,,,,,,24153482.000000,179,54,3,0.74109397560153023,0.223570249622808,0.012420569423489335,Very Low,Very Low,Very Low,1144,2,2,0,0.174800,0.174800,0.000000,,,
2025/2026,18-64 yrs,California,11/15/2025,46,2025,387,31521,1.2278,Very Low,488,23833,2.047600,Low,83,16239,0.511100,Very Low,319,24,,,,24136728.000000,96,32,12,0.39773410878226745,0.13257803626075582,0.049716763597783431,Very Low,Very Low,Very Low,111,0,0,0,0.000000,0.000000,0.000000,,,
2025/2026,>64 yrs,California,09/20/2025,38,2025,2335,25061,9.3172999999999995,Moderate,124,15684,0.790600,Very Low,50,10328,0.484100,Very Low,73,4,,,,6632226.000000,859,50,11,12.951910866728605,0.75389469538583276,0.16585683298488321,Low,Very Low,Very Low,3901,48,3,1,1.230500,0.076900,0.025600,,,
2023/2024,0-17 yrs,California,11/04/2023,44,2023,1226,29200,4.1985999999999999,Low,1796,14989,11.982100,Moderate,2075,10914,19.012300,Very High,,,,,,,,,,,,,,,,61,1,0,0,1.639300,0.000000,0.000000,11,19,7
2024/2025,>64 yrs,California,08/24/2024,34,2024,4635,34670,13.3689,High,112,14634,0.765300,Very Low,4,8912,0.044900,Very Low,,,,,,6421418.000000,2090,,,32.547328331530515,,,Very High,,,3999,129,4,0,3.225800,0.100000,0.000000,,,
2024/2025,0-17 yrs,California,11/23/2024,47,2024,317,24898,1.2732000000000001,Very Low,2196,19607,11.200100,Moderate,1430,14572,9.813300,High,,,,,,8544834.000000,39,64,118,0.45641612230266848,0.74899055967617401,1.3809513444029455,Very Low,Very Low,Low,65,0,1,2,0.000000,1.538500,3.076900,9,44,8
2025/2026,0-17 yrs,California,07/26/2025,30,2025,864,12628,6.8418999999999999,Low,131,6627,1.976800,Very Low,25,4460,0.560500,Very Low,46,37,,,,8386716.000000,48,4,2,0.57233367625659437,0.047694473021382855,0.023847236510691427,Very Low,Very Low,Very Low,46,0,0,0,0.000000,0.000000,0.000000,2,0,0
2025/2026,>64 yrs,California,10/11/2025,41,2025,1099,21888,5.0209999999999999,Low,144,18338,0.785300,Very Low,29,12457,0.232800,Very Low,91,2,,,,6632226.000000,522,49,8,7.8706606198280946,0.73881680147811613,0.12062315126173324,Low,Very Low,Very Low,3850,37,3,1,0.961000,0.077900,0.026000,,,
2023/2024,>64 yrs,California,08/05/2023,31,2023,3190,33392,9.5532000000000004,Moderate,72,6637,1.084800,Very Low,4,2996,0.133500,Very Low,,,,,,,,,,,,,,,,3877,69,2,1,1.779700,0.051600,0.025800,,,
2023/2024,>64 yrs,California,11/18/2023,46,2023,3657,38283,9.5525000000000002,Moderate,1086,18909,5.743300,Low,566,11974,4.726900,Moderate,,,,,,,,,,,,,,,,4309,91,4,4,2.111900,0.092800,0.092800,,,
2023/2024,>64 yrs,California,12/09/2023,49,2023,5439,43717,12.4414,Moderate,1730,24195,7.150200,Low,983,16101,6.105200,Moderate,,,,,,,,,,,,,,,,4423,137,19,10,3.097400,0.429600,0.226100,,,
2023/2024,>64 yrs,California,05/25/2024,21,2024,1458,27758,5.2525000000000004,Low,243,14929,1.627700,Very Low,22,10348,0.212600,Very Low,,,,,,6221657.000000,515,,,8.2775376398923957,,,Low,,,3955,34,3,3,0.859700,0.075900,0.075900,,,
2023/2024,18-64 yrs,California,06/15/2024,24,2024,3744,69193,5.4109999999999996,Low,771,23178,3.326400,Low,22,15168,0.145000,Very Low,,,,,,24193302.000000,234,,,0.96720985006511306,,,Very Low,,,1203,6,2,0,0.498800,0.166300,0.000000,,,
2024/2025,0-17 yrs,California,08/24/2024,34,2024,3197,22904,13.958299999999999,High,218,10294,2.117700,Low,33,6921,0.476800,Very Low,,,,,,8544834.000000,129,,,1.5096840968472882,,,Very Low,,,48,2,0,0,4.166700,0.000000,0.000000,9,44,8
2024/2025,>64 yrs,California,08/31/2024,35,2024,4245,33984,12.491199999999999,Moderate,119,14709,0.809000,Very Low,11,9279,0.118500,Very Low,,,,,,6421418.000000,2030,,,31.61295526938131,,,High,,,3957,131,3,0,3.310600,0.075800,0.000000,,,
2024/2025,18-64 yrs,California,09/28/2024,39,2024,2553,62559,4.0808999999999997,Low,265,19679,1.346600,Very Low,14,11632,0.120400,Very Low,,,,,,24153482.000000,421,,,1.7430199090963365,,,Very Low,,,1187,5,0,0,0.421200,0.000000,0.000000,,,
2024/2025,>64 yrs,California,04/05/2025,14,2025,799,31622,2.5266999999999999,Very Low,548,23315,2.350400,Low,227,16134,1.407000,Low,,,,,,6421418.000000,350,206,93,5.450509529203674,3.2080141800455908,1.448278246331262,Low,Low,Low,4201,27,13,4,0.642700,0.309500,0.095200,,,
2023/2024,18-64 yrs,California,10/28/2023,43,2023,4338,72156,6.0119999999999996,Low,1160,21162,5.481500,Low,358,13404,2.670800,Low,,,,,,,,,,,,,,,,1207,13,0,0,1.077100,0.000000,0.000000,,,
2024/2025,>64 yrs,California,03/15/2025,11,2025,894,34739,2.5735000000000001,Very Low,1255,26091,4.810100,Low,444,18713,2.372700,Low,,,,,,6421418.000000,405,528,169,6.307018169507109,8.2224829469129705,2.6318174583869167,Low,High,High,4273,24,33,9,0.561700,0.772300,0.210600,,,
2025/2026,0-17 yrs,California,10/18/2025,42,2025,370,17239,2.1463000000000001,Very Low,221,14516,1.522500,Very Low,131,10441,1.254700,Low,112,10,,,,8386716.000000,26,18,12,0.31001407463898861,0.2146251285962229,0.14308341906414859,Very Low,Very Low,Very Low,45,0,0,0,0.000000,0.000000,0.000000,2,0,0
2023/2024,0-17 yrs,California,08/12/2023,32,2023,1917,18085,10.5999,Moderate,146,4707,3.101800,Low,52,3058,1.700500,Low,,,,,,,,,,,,,,,,67,1,0,0,1.492500,0.000000,0.000000,11,19,7
2023/2024,0-17 yrs,California,09/16/2023,37,2023,1976,26521,7.4507000000000003,Low,163,8054,2.023800,Low,166,5509,3.013300,Low,,,,,,,,,,,,,,,,57,0,0,0,0.000000,0.000000,0.000000,11,19,7
2023/2024,>64 yrs,California,11/04/2023,44,2023,2818,35692,7.8952999999999998,Low,565,15319,3.688200,Low,310,9798,3.163900,Low,,,,,,,,,,,,,,,,4080,74,2,1,1.813700,0.049000,0.024500,,,
2023/2024,18-64 yrs,California,12/09/2023,49,2023,7567,88955,8.5065000000000008,Moderate,5857,38855,15.074000,High,1191,23578,5.051300,Moderate,,,,,,,,,,,,,,,,1336,13,7,3,0.973100,0.524000,0.224600,,,
2023/2024,18-64 yrs,California,02/10/2024,6,2024,4566,80705,5.6576000000000004,Low,2620,35291,7.424000,Low,645,23535,2.740600,Low,,,,,,24193302.000000,715,,,2.9553634307545122,,,Very Low,,,1336,13,6,4,0.973100,0.449100,0.299400,,,
2024/2025,>64 yrs,California,02/08/2025,6,2025,1551,39805,3.8965000000000001,Low,5792,35855,16.154000,High,900,25650,3.508800,Low,,,,,,6421418.000000,626,2088,327,9.7486256150900008,32.51618256279221,5.0923331887131473,Low,Very High,Very High,4954,67,124,13,1.352400,2.503000,0.262400,,,
2024/2025,>64 yrs,California,06/21/2025,25,2025,1002,23631,4.2401999999999997,Low,142,13581,1.045600,Very Low,16,9014,0.177500,Very Low,,,,,,6421418.000000,377,66,4,5.8709774071708152,1.0278103683641213,0.062291537476613416,Low,Low,Very Low,4007,26,2,0,0.648900,0.049900,0.000000,,,
2025/2026,>64 yrs,California,11/08/2025,45,2025,465,19550,2.3784999999999998,Very Low,227,17495,1.297500,Very Low,50,12298,0.406600,Very Low,154,3,,,,6632226.000000,251,83,10,3.7845513708368808,1.2514651943404824,0.15077893907716655,Low,Low,Very Low,2701,16,0,0,0.592400,0.000000,0.000000,,,
2023/2024,>64 yrs,California,08/26/2023,34,2023,4947,40669,12.164099999999999,Moderate,69,8719,0.791400,Very Low,10,3777,0.264800,Very Low,,,,,,,,,,,,,,,,3831,108,1,0,2.819100,0.026100,0.000000,,,
2023/2024,18-64 yrs,California,02/24/2024,8,2024,3248,81834,3.9689999999999999,Low,2476,37633,6.579300,Low,535,24388,2.193700,Low,,,,,,24193302.000000,554,,,2.2898899869062932,,,Very Low,,,1242,12,4,1,0.966200,0.322100,0.080500,,,
2023/2024,18-64 yrs,California,03/02/2024,9,2024,2671,80823,3.3048000000000002,Low,2216,37449,5.917400,Low,403,25822,1.560700,Low,,,,,,24193302.000000,490,,,2.025353959538057,,,Very Low,,,1227,13,2,2,1.059500,0.163000,0.163000,,,
2023/2024,>64 yrs,California,03/16/2024,11,2024,1359,35130,3.8685,Low,372,22649,1.642500,Very Low,225,16936,1.328500,Low,,,,,,6221657.000000,737,,,11.845718913787758,,,Low,,,4242,68,1,7,1.603000,0.023600,0.165000,,,
2023/2024,18-64 yrs,California,04/27/2024,17,2024,1144,68630,1.6669,Very Low,1082,28205,3.836200,Low,43,19608,0.219300,Very Low,,,,,,24193302.000000,234,,,0.96720985006511306,,,Very Low,,,1244,5,1,0,0.401900,0.080400,0.000000,,,
2023/2024,18-64 yrs,California,06/01/2024,22,2024,2482,63914,3.8833000000000002,Low,928,23751,3.907200,Low,15,15205,0.098700,Very Low,,,,,,24193302.000000,228,,,0.94240959749934095,,,Very Low,,,1233,6,1,0,0.486600,0.081100,0.000000,,,
2023/2024,>64 yrs,California,06/08/2024,23,2024,1986,29149,6.8132999999999999,Low,261,15123,1.725800,Very Low,20,10173,0.196600,Very Low,,,,,,6221657.000000,664,,,10.672398044443788,,,Low,,,3999,42,6,0,1.050300,0.150000,0.000000,,,
2024/2025,0-17 yrs,California,12/14/2024,50,2024,409,30133,1.3573,Very Low,7094,26520,26.749600,Very High,3093,18696,16.543600,Very High,,,,,,8544834.000000,31,299,298,0.36279230234314674,3.4991902709871252,3.487487293492185,Very Low,Low,Very High,60,0,4,3,0.000000,6.666700,5.000000,9,44,8
2024/2025,18-64 yrs,California,05/24/2025,21,2025,1244,47507,2.6185999999999998,Very Low,733,24237,3.024300,Low,38,15444,0.246100,Very Low,,,,,,24153482.000000,166,66,5,0.68727150809974313,0.27325252731676536,0.020700949039148889,Very Low,Very Low,Very Low,1150,1,2,0,0.087000,0.173900,0.000000,,,
2024/2025,>64 yrs,California,06/14/2025,24,2025,996,22859,4.3571,Low,167,13963,1.196000,Very Low,15,9261,0.162000,Very Low,,,,,,6421418.000000,374,60,7,5.8242587540633544,0.93437306214920124,0.10901019058407348,Low,Very Low,Very Low,3905,22,0,2,0.563400,0.000000,0.051200,,,
2025/2026,0-17 yrs,California,09/06/2025,36,2025,2197,18847,11.657,Moderate,184,12609,1.459300,Very Low,41,8910,0.460200,Very Low,59,25,,,,8386716.000000,110,10,2,1.3115980080880287,0.11923618255345715,0.023847236510691427,Very Low,Very Low,Very Low,36,0,0,0,0.000000,0.000000,0.000000,2,0,0
2023/2024,All Ages,Central California,07/15/2023,28,2023,745,14741,5.0538999999999996,Low,27,1457,1.853100,Very Low,2,1105,0.181000,Very Low,,,,,,,,,,,,,,,,696,9,0,0,1.293100,0.000000,0.000000,,,
2023/2024,All Ages,Southern California,07/15/2023,28,2023,1637,23923,6.8428000000000004,Low,100,4576,2.185300,Low,14,3539,0.395600,Very Low,,,,,,,,,,,,,,,,1753,19,0,0,1.083900,0.000000,0.000000,,,
2023/2024,All Ages,Bay Area,08/05/2023,31,2023,3125,42127,7.4180000000000001,Low,104,3049,3.411000,Low,29,1592,1.821600,Low,,,,,,,,,,,,,,,,1006,21,0,0,2.087500,0.000000,0.000000,,,
2023/2024,All Ages,Central California,09/09/2023,36,2023,1996,17918,11.1396,Moderate,48,3128,1.534500,Very Low,1,2430,0.041200,Very Low,,,,,,,,,,,,,,,,625,11,1,1,1.760000,0.160000,0.160000,,,
2023/2024,All Ages,Greater Sierra-Sacramento,02/03/2024,5,2024,855,10752,7.952,Low,592,7130,8.302900,Low,415,5071,8.183800,High,,,,,,2973210.000000,231,,,7.7693805684764943,,,Low,,,50,1,0,0,2.000000,0.000000,0.000000,,,
2023/2024,All Ages,Southern California,12/30/2023,52,2023,5450,40240,13.543699999999999,High,5329,26738,19.930400,High,1552,14372,10.798800,Very High,,,,,,,,,,,,,,,,2004,50,27,6,2.495000,1.347300,0.299400,,,
2023/2024,All Ages,Bay Area,04/13/2024,15,2024,803,50621,1.5863,Very Low,858,24084,3.562500,Low,85,21194,0.401100,Very Low,,,,,,8391874.000000,260,,,3.098235269023343,,,Low,,,1124,7,1,1,0.622800,0.089000,0.089000,,,
2024/2025,All Ages,Los Angeles,07/20/2024,29,2024,3427,33940,10.097200000000001,Moderate,201,12160,1.653000,Very Low,16,7230,0.221300,Very Low,,,,,,9784023.000000,497,,,5.0797100538295954,,,Low,,,1211,19,0,1,1.569000,0.000000,0.082600,,,
2024/2025,All Ages,Bay Area,07/06/2024,27,2024,3654,36613,9.9801000000000002,Moderate,412,15251,2.701500,Low,42,12525,0.335300,Very Low,,,,,,8391953.000000,635,,,7.5667725975109734,,,Low,,,1085,20,2,0,1.843300,0.184300,0.000000,,,
2024/2025,All Ages,Bay Area,04/19/2025,16,2025,511,26235,1.9478,Very Low,1805,18699,9.652900,Moderate,134,15605,0.858700,Very Low,,,,,,8391953.000000,102,78,23,1.2154500865293216,0.9294618308753636,0.2740720783350431,Very Low,Very Low,Very Low,1011,6,4,4,0.593500,0.395600,0.395600,,,
2024/2025,All Ages,Southern California,05/31/2025,22,2025,835,26369,3.1665999999999999,Low,376,17848,2.106700,Low,23,11850,0.194100,Very Low,,,,,,12840501.000000,190,68,5,1.4796930431297035,0.52957435227799909,0.038939290608676402,Very Low,Very Low,Very Low,1740,8,1,0,0.459800,0.057500,0.000000,,,
2025/2026,All Ages,Southern California,10/11/2025,41,2025,930,23488,3.9594999999999998,Low,200,18256,1.095500,Very Low,35,10497,0.333400,Very Low,92,23,,,,12884704.000000,245,35,7,1.9014794596755968,0.27163992281079957,0.054327984562159905,Very Low,Very Low,Very Low,1608,11,1,0,0.684100,0.062200,0.000000,,,
2025/2026,All Ages,Central California,09/06/2025,36,2025,1354,8536,15.8622,High,49,4752,1.031100,Very Low,2,3119,0.064100,Very Low,11,4,,,,4454294.000000,172,7,2,3.8614424642827796,0.15715172819755499,0.044900493770729993,Low,Very Low,Very Low,629,8,0,0,1.271900,0.000000,0.000000,,,
2023/2024,All Ages,Southern California,08/19/2023,33,2023,4916,32510,15.121499999999999,High,122,10422,1.170600,Very Low,20,5024,0.398100,Very Low,,,,,,,,,,,,,,,,1655,27,0,0,1.631400,0.000000,0.000000,,,
2023/2024,All Ages,Los Angeles,09/09/2023,36,2023,5550,48346,11.479799999999999,Moderate,103,10282,1.001800,Very Low,19,3962,0.479600,Very Low,,,,,,,,,,,,,,,,1253,38,0,0,3.032700,0.000000,0.000000,,,
2023/2024,All Ages,Bay Area,03/02/2024,9,2024,1436,53162,2.7012,Very Low,1295,26980,4.799900,Low,404,23507,1.718600,Low,,,,,,8391874.000000,429,,,5.1120881938885159,,,Low,,,1089,17,2,3,1.561100,0.183700,0.275500,,,
2024/2025,All Ages,Central California,07/13/2024,28,2024,1537,12952,11.866899999999999,Moderate,85,4829,1.760200,Very Low,5,3439,0.145400,Very Low,,,,,,4441622.000000,232,,,5.2233170675037179,,,Low,,,709,5,0,0,0.705200,0.000000,0.000000,,,
2024/2025,All Ages,Central California,08/03/2024,31,2024,2017,14250,14.154400000000001,High,42,5051,0.831500,Very Low,7,3402,0.205800,Very Low,,,,,,4441622.000000,232,,,5.2233170675037179,,,Low,,,647,10,0,0,1.545600,0.000000,0.000000,,,
2024/2025,All Ages,Central California,08/10/2024,32,2024,2140,14033,15.2498,High,39,5023,0.776400,Very Low,0,3528,0.000000,Very Low,,,,,,4441622.000000,268,,,6.0338317848749847,,,Low,,,628,13,1,0,2.070100,0.159200,0.000000,,,
2024/2025,All Ages,Los Angeles,08/17/2024,33,2024,3666,40443,9.0646000000000004,Moderate,138,12360,1.116500,Very Low,7,7927,0.088300,Very Low,,,,,,9784023.000000,684,,,6.990989289375138,,,Low,,,1256,30,1,0,2.388500,0.079600,0.000000,,,
2024/2025,All Ages,Rural North,11/09/2024,45,2024,37,824,4.4903000000000004,Low,19,837,2.270000,Low,5,483,1.035200,Low,,,,,,680190.000000,8,5,2,1.1761419603346124,0.73508872520913271,0.29403549008365309,Very Low,Very Low,Very Low,150,1,0,0,0.666700,0.000000,0.000000,,,
2024/2025,All Ages,Rural North,11/30/2024,48,2024,43,746,5.7641,Low,63,1195,5.272000,Low,15,596,2.516800,Low,,,,,,680190.000000,22,18,15,3.2343903909201841,2.6463194107528776,2.2052661756273984,Low,Low,High,134,0,1,0,0.000000,0.746300,0.000000,,,
2024/2025,All Ages,Central California,12/14/2024,50,2024,267,10407,2.5655999999999999,Very Low,1325,10100,13.118800,Moderate,479,7027,6.816600,Moderate,,,,,,4441622.000000,73,80,21,1.6435437324472908,1.8011438163805926,0.47280025179990548,Very Low,Low,Very Low,694,7,1,0,1.008600,0.144100,0.000000,,,
2024/2025,All Ages,Los Angeles,10/12/2024,41,2024,876,30782,2.8458000000000001,Very Low,163,13026,1.251300,Very Low,38,8627,0.440500,Very Low,,,,,,9784023.000000,241,,,2.4631994426014736,,,Very Low,,,1196,16,1,0,1.337800,0.083600,0.000000,,,
2024/2025,All Ages,Rural North,05/24/2025,21,2025,25,743,3.3647,Low,18,954,1.886800,Very Low,2,670,0.298500,Very Low,,,,,,680190.000000,3,1,0,0.44105323512547967,0.14701774504182655,0,Very Low,Very Low,Very Low,153,0,1,0,0.000000,0.653600,0.000000,,,
2024/2025,All Ages,Central California,06/07/2025,23,2025,337,6729,5.0082000000000004,Low,155,4361,3.554200,Low,10,2841,0.352000,Very Low,,,,,,4441622.000000,44,9,2,0.99062909900932594,0.20262867934281664,0.045028595409514816,Very Low,Very Low,Very Low,623,1,0,0,0.160500,0.000000,0.000000,,,
2023/2024,All Ages,Southern California,10/21/2023,42,2023,2539,32784,7.7446000000000002,Low,254,13618,1.865200,Very Low,247,7599,3.250400,Low,,,,,,,,,,,,,,,,1851,30,2,0,1.620700,0.108000,0.000000,,,
2024/2025,All Ages,Rural North,07/20/2024,29,2024,205,1039,19.730499999999999,Very High,9,762,1.181100,Very Low,0,450,0.000000,Very Low,,,,,,680190.000000,7,,,1.029124215292786,,,Very Low,,,148,1,0,0,0.675700,0.000000,0.000000,,,
2024/2025,All Ages,Rural North,09/14/2024,37,2024,214,1257,17.024699999999999,Very High,6,852,0.704200,Very Low,0,544,0.000000,Very Low,,,,,,680190.000000,19,,,2.7933371557947044,,,Very Low,,,139,2,0,0,1.438800,0.000000,0.000000,,,
2024/2025,All Ages,Bay Area,10/26/2024,43,2024,722,29073,2.4834000000000001,Very Low,418,15626,2.675000,Low,265,12673,2.091100,Low,,,,,,8391953.000000,147,,,1.7516780658804929,,,Very Low,,,1043,11,0,0,1.054700,0.000000,0.000000,,,
2024/2025,All Ages,Bay Area,11/02/2024,44,2024,691,30165,2.2907000000000002,Very Low,443,16021,2.765100,Low,330,13114,2.516400,Low,,,,,,8391953.000000,121,9,9,1.4418574555887052,0.10724559587023426,0.10724559587023426,Very Low,Very Low,Very Low,1070,6,1,0,0.560700,0.093500,0.000000,,,
2024/2025,All Ages,Southern California,04/12/2025,15,2025,896,31021,2.8883999999999999,Very Low,1032,20195,5.110200,Low,222,11382,1.950400,Low,,,,,,12840501.000000,165,127,53,1.2849965900863214,0.98905798146038071,0.41275648045196989,Very Low,Very Low,Very Low,1718,13,6,0,0.756700,0.349200,0.000000,,,
2024/2025,All Ages,Greater Sierra-Sacramento,05/03/2025,18,2025,188,5386,3.4904999999999999,Low,162,4457,3.634700,Low,21,3153,0.666000,Very Low,,,,,,2981445.000000,40,16,13,1.3416313230664996,0.53665252922659989,0.43603017999661237,Very Low,Very Low,Very Low,63,1,0,0,1.587300,0.000000,0.000000,,,
2024/2025,All Ages,Southern California,06/14/2025,24,2025,767,23412,3.2761,Low,282,13957,2.020500,Low,31,7616,0.407000,Very Low,,,,,,12840501.000000,152,64,6,1.1837544345037627,0.49842291979105802,0.046727148730411686,Very Low,Very Low,Very Low,1764,7,0,0,0.396800,0.000000,0.000000,,,
2025/2026,All Ages,Southern California,09/06/2025,36,2025,2622,27699,9.4659999999999993,Moderate,179,18385,0.973600,Very Low,18,10090,0.178400,Very Low,89,15,,,,12884704.000000,500,32,1,3.8805703258685647,0.24835650085558814,0.0077611406517371292,Low,Very Low,Very Low,1665,15,0,0,0.900900,0.000000,0.000000,,,
2025/2026,All Ages,Los Angeles,09/20/2025,38,2025,1882,24771,7.5975999999999999,Low,153,13698,1.117000,Very Low,16,7920,0.202000,Very Low,60,18,,,,9748926.000000,427,26,4,4.379969649990163,0.26669604426169607,0.041030160655645555,Low,Very Low,Very Low,1145,14,1,0,1.222700,0.087300,0.000000,,,
2023/2024,All Ages,Rural North,10/28/2023,43,2023,113,1187,9.5198,Moderate,9,744,1.209700,Very Low,5,425,1.176500,Low,,,,,,,,,,,,,,,,142,3,1,0,2.112700,0.704200,0.000000,,,
2023/2024,All Ages,Central California,11/18/2023,46,2023,1299,20245,6.4164000000000003,Low,975,8789,11.093400,Moderate,397,6411,6.192500,Moderate,,,,,,,,,,,,,,,,715,10,2,0,1.398600,0.279700,0.000000,,,
2023/2024,All Ages,Los Angeles,12/30/2023,52,2023,5567,46760,11.9055,Moderate,4642,23322,19.904000,High,1034,11272,9.173200,High,,,,,,,,,,,,,,,,1455,49,16,7,3.367700,1.099700,0.481100,,,
2023/2024,All Ages,Central California,01/20/2024,3,2024,1581,18140,8.7155000000000005,Moderate,1144,9822,11.647300,Moderate,751,7798,9.630700,High,,,,,,4432134.000000,297,,,6.7010609336270059,,,Low,,,728,20,5,6,2.747300,0.686800,0.824200,,,
2023/2024,All Ages,Southern California,02/17/2024,7,2024,2034,33796,6.0185000000000004,Low,1405,19676,7.140700,Low,475,10761,4.414100,Moderate,,,,,,12802429.000000,549,,,4.2882487377981162,,,Low,,,1867,35,8,4,1.874700,0.428500,0.214200,,,
2023/2024,All Ages,Central California,03/09/2024,10,2024,635,19237,3.3008999999999999,Low,555,9942,5.582400,Low,249,8357,2.979500,Low,,,,,,4432134.000000,159,,,3.5874366614366804,,,Low,,,630,12,1,3,1.904800,0.158700,0.476200,,,
2023/2024,All Ages,Bay Area,03/30/2024,13,2024,954,53667,1.7776000000000001,Very Low,1063,25914,4.102000,Low,156,22539,0.692100,Very Low,,,,,,8391874.000000,309,,,3.6821334543392812,,,Low,,,1072,10,3,1,0.932800,0.279900,0.093300,,,
2024/2025,All Ages,Southern California,12/14/2024,50,2024,846,36463,2.3201999999999998,Very Low,5280,24447,21.597700,Very High,723,12037,6.006500,Moderate,,,,,,12840501.000000,207,594,136,1.6120866311992033,4.6259877243107566,1.0591487045559982,Very Low,Moderate,Low,1900,22,17,4,1.157900,0.894700,0.210500,,,
2024/2025,All Ages,Southern California,01/04/2025,1,2025,1294,44671,2.8967000000000001,Very Low,9696,34501,28.103500,Very High,1559,16871,9.240700,High,,,,,,12840501.000000,305,1784,352,2.3752967271292609,13.893538889175742,2.7413260588508188,Very Low,Very High,High,2050,18,46,4,0.878000,2.243900,0.195100,,,
2024/2025,All Ages,Southern California,02/01/2025,5,2025,1175,49823,2.3582999999999998,Very Low,10105,34782,29.052400,Very High,1300,16308,7.971500,High,,,,,,12840501.000000,304,1627,307,2.3675088690075254,12.670845164063302,2.3908724433727313,Very Low,Very High,High,2157,25,65,4,1.159000,3.013400,0.185400,,,
2024/2025,All Ages,Rural North,03/08/2025,10,2025,33,1340,2.4626999999999999,Very Low,238,2000,11.900000,Moderate,150,1108,13.537900,Very High,,,,,,680190.000000,7,33,20,1.029124215292786,4.8515855863802759,2.9403549008365308,Very Low,Moderate,High,180,0,4,0,0.000000,2.222200,0.000000,,,
2025/2026,All Ages,Bay Area,11/01/2025,44,2025,296,18269,1.6202000000000001,Very Low,228,14154,1.610900,Very Low,168,11590,1.449500,Low,163,7,,,,8398557.000000,91,24,16,1.0835194664988284,0.28576337577991079,0.19050891718660717,Very Low,Very Low,Very Low,908,4,1,0,0.440500,0.110100,0.000000,,,
2023/2024,All Ages,Greater Sierra-Sacramento,09/30/2023,39,2023,963,8604,11.192500000000001,Moderate,55,1953,2.816200,Low,18,919,1.958700,Low,,,,,,,,,,,,,,,,48,2,0,0,4.166700,0.000000,0.000000,,,
2023/2024,All Ages,Bay Area,11/25/2023,47,2023,2507,40070,6.2565999999999997,Low,3335,19458,17.139500,High,2575,16675,15.442300,Very High,,,,,,,,,,,,,,,,1098,24,1,2,2.185800,0.091100,0.182100,,,
2024/2025,All Ages,Rural North,12/07/2024,49,2024,42,953,4.4070999999999998,Low,116,1495,7.759200,Low,15,692,2.167600,Low,,,,,,680190.000000,9,13,2,1.3231597053764388,1.9112306855437451,0.29403549008365309,Very Low,Low,Very Low,140,0,2,0,0.000000,1.428600,0.000000,,,
2024/2025,All Ages,Los Angeles,12/14/2024,50,2024,744,37579,1.9798,Very Low,5137,24633,20.854100,High,686,15067,4.553000,Moderate,,,,,,9784023.000000,272,515,150,2.780042524429879,5.2636834561815729,1.5331116862664775,Very Low,Moderate,Moderate,1365,8,8,1,0.586100,0.586100,0.073300,,,
2024/2025,All Ages,Central California,12/21/2024,51,2024,311,12185,2.5522999999999998,Very Low,2668,12579,21.210000,Very High,780,8840,8.823500,High,,,,,,4441622.000000,63,130,46,1.4184007553997164,2.9268587016184631,1.0356576944188407,Very Low,Low,Low,688,8,4,1,1.162800,0.581400,0.145300,,,
2024/2025,All Ages,Greater Sierra-Sacramento,12/21/2024,51,2024,281,9318,3.0156999999999998,Low,1797,9588,18.742200,High,529,6542,8.086200,High,,,,,,2981445.000000,71,124,43,2.3813955984430368,4.159057101506149,1.4422536722964872,Very Low,Moderate,Low,52,0,0,0,0.000000,0.000000,0.000000,,,
2024/2025,All Ages,Rural North,01/18/2025,3,2025,26,1163,2.2355999999999998,Very Low,348,1951,17.837000,High,93,947,9.820500,High,,,,,,680190.000000,20,33,16,2.9403549008365308,4.8515855863802759,2.3522839206692248,Very Low,Moderate,High,193,2,1,0,1.036300,0.518100,0.000000,,,
2024/2025,All Ages,Bay Area,01/25/2025,4,2025,897,42244,2.1234000000000002,Very Low,13054,35900,36.362100,Very High,1833,28297,6.477700,Moderate,,,,,,8391953.000000,148,860,189,1.7635942431994078,10.24791249426683,2.2521575132749194,Very Low,Very High,High,1162,8,29,5,0.688500,2.495700,0.430300,,,
2024/2025,All Ages,Rural North,06/07/2025,23,2025,34,662,5.1360000000000001,Low,15,721,2.080400,Low,2,503,0.397600,Very Low,,,,,,680190.000000,10,0,5,1.4701774504182654,0,0.73508872520913271,Very Low,Very Low,Low,139,1,0,0,0.719400,0.000000,0.000000,,,
2025/2026,All Ages,Los Angeles,08/16/2025,33,2025,1864,30568,6.0979000000000001,Low,151,12198,1.237900,Very Low,18,7129,0.252500,Very Low,56,24,,,,9748926.000000,332,26,3,3.4055033344185808,0.26669604426169607,0.030772620491734168,Low,Very Low,Very Low,1186,9,1,0,0.758900,0.084300,0.000000,,,
2025/2026,All Ages,Bay Area,09/06/2025,36,2025,2412,19469,12.3889,Moderate,123,9158,1.343100,Very Low,26,7164,0.362900,Very Low,80,10,,,,8398557.000000,420,14,2,5.0008590761484379,0.16669530253828127,0.023813614648325897,Low,Very Low,Very Low,939,13,0,0,1.384500,0.000000,0.000000,,,
2023/2024,All Ages,Central California,10/28/2023,43,2023,741,16073,4.6101999999999999,Low,224,4870,4.599600,Low,58,3228,1.796800,Low,,,,,,,,,,,,,,,,601,11,0,0,1.830300,0.000000,0.000000,,,
2023/2024,All Ages,Los Angeles,05/04/2024,18,2024,501,27937,1.7932999999999999,Very Low,438,12347,3.547400,Low,23,7474,0.307700,Very Low,,,,,,9825708.000000,150,,,1.5266075482804902,,,Very Low,,,1266,3,0,0,0.237000,0.000000,0.000000,,,
2023/2024,All Ages,Greater Sierra-Sacramento,06/29/2024,26,2024,956,6693,14.2836,High,105,3410,3.079200,Low,1,2018,0.049600,Very Low,,,,,,2973210.000000,219,,,7.3657763831010925,,,Low,,,51,0,0,0,0.000000,0.000000,0.000000,,,
2024/2025,All Ages,Greater Sierra-Sacramento,07/13/2024,28,2024,1324,7185,18.427299999999999,Very High,54,3425,1.576600,Very Low,0,2061,0.000000,Very Low,,,,,,2981445.000000,227,,,7.6137577584023859,,,Low,,,58,0,0,0,0.000000,0.000000,0.000000,,,
2024/2025,All Ages,Central California,09/28/2024,39,2024,697,12246,5.6917,Low,40,5079,0.787600,Very Low,2,3566,0.056100,Very Low,,,,,,4441622.000000,152,,,3.4221732511231262,,,Low,,,595,13,0,0,2.184900,0.000000,0.000000,,,
2024/2025,All Ages,Los Angeles,01/11/2025,2,2025,1011,37391,2.7039,Very Low,6828,27923,24.453000,Very High,916,17385,5.268900,Moderate,,,,,,9784023.000000,351,788,122,3.5874813458635573,8.0539467251865613,1.2469308381634017,Low,High,Low,1563,14,35,2,0.895700,2.239300,0.128000,,,
2025/2026,All Ages,Los Angeles,07/05/2025,27,2025,619,27353,2.2629999999999999,Very Low,169,10712,1.577700,Very Low,15,6373,0.235400,Very Low,55,30,,,,9748926.000000,162,22,4,1.6617215065536448,0.22566588360605053,0.041030160655645555,Very Low,Very Low,Very Low,1149,6,1,0,0.522200,0.087000,0.000000,,,
2025/2026,All Ages,Greater Sierra-Sacramento,07/12/2025,28,2025,335,3936,8.5112000000000005,Moderate,26,1952,1.332000,Very Low,6,1057,0.567600,Very Low,9,9,,,,2992125.000000,60,12,0,2.0052638175209925,0.40105276350419855,0,Very Low,Very Low,Very Low,42,0,0,0,0.000000,0.000000,0.000000,,,
2025/2026,All Ages,Rural North,10/18/2025,42,2025,40,766,5.2218999999999998,Low,3,1068,0.280900,Very Low,0,593,0.000000,Very Low,1,2,,,,677064.000000,8,0,0,1.181572199969279,0,0,Very Low,Very Low,Very Low,125,2,0,0,1.600000,0.000000,0.000000,,,
2025/2026,All Ages,Rural North,11/01/2025,44,2025,26,732,3.5518999999999998,Low,4,1072,0.373100,Very Low,2,587,0.340700,Very Low,,,,,,677064.000000,4,0,0,0.59078609998463949,0,0,Very Low,Very Low,Very Low,116,1,0,0,0.862100,0.000000,0.000000,,,
2023/2024,All Ages,Bay Area,10/07/2023,40,2023,2214,45836,4.8303000000000003,Low,204,9299,2.193800,Low,290,4762,6.089900,Moderate,,,,,,,,,,,,,,,,1096,24,0,0,2.189800,0.000000,0.000000,,,
2023/2024,All Ages,Southern California,02/24/2024,8,2024,1597,32660,4.8898000000000001,Low,1241,18767,6.612700,Low,434,10294,4.216000,Moderate,,,,,,12802429.000000,429,,,3.350926609317654,,,Low,,,1819,31,2,6,1.704200,0.110000,0.329900,,,
2023/2024,All Ages,Rural North,10/14/2023,41,2023,130,1241,10.4754,Moderate,3,699,0.429200,Very Low,2,430,0.465100,Very Low,,,,,,,,,,,,,,,,153,8,0,0,5.228800,0.000000,0.000000,,,
2024/2025,All Ages,Bay Area,09/28/2024,39,2024,1203,28328,4.2466999999999997,Low,186,8288,2.244200,Low,53,5919,0.895400,Very Low,,,,,,8391953.000000,434,,,5.1716209564090745,,,Low,,,1008,13,0,0,1.289700,0.000000,0.000000,,,
2024/2025,All Ages,Los Angeles,12/28/2024,52,2024,1035,40265,2.5705,Very Low,10188,30893,32.978300,Very High,1042,18165,5.736300,Moderate,,,,,,9784023.000000,348,1084,102,3.556819112138228,11.079287119419076,1.0425159466612046,Low,Very High,Low,1441,13,24,1,0.902200,1.665500,0.069400,,,
2024/2025,All Ages,Los Angeles,01/18/2025,3,2025,1072,42950,2.4958999999999998,Very Low,7758,28897,26.847100,Very High,775,17365,4.463000,Moderate,,,,,,9784023.000000,379,976,151,3.8736621939666329,9.9754467053072133,1.5433324308415872,Low,Very High,Moderate,1589,13,27,3,0.818100,1.699200,0.188800,,,
2024/2025,All Ages,Southern California,12/21/2024,51,2024,1134,43312,2.6181999999999999,Very Low,9270,31713,29.230900,Very High,1059,15256,6.941500,Moderate,,,,,,12840501.000000,253,1084,153,1.970328104799026,8.4420382039610438,1.1915422926254979,Very Low,High,Low,1981,18,26,1,0.908600,1.312500,0.050500,,,
2024/2025,All Ages,Southern California,05/03/2025,18,2025,674,26352,2.5577000000000001,Very Low,567,17486,3.242600,Low,92,10003,0.919700,Very Low,,,,,,12840501.000000,128,74,20,0.99684583958211603,0.57630150100841082,0.15575716243470561,Very Low,Very Low,Very Low,1726,3,4,1,0.173800,0.231700,0.057900,,,
2023/2024,All Ages,Rural North,04/13/2024,15,2024,45,1345,3.3456999999999999,Low,56,1112,5.036000,Low,8,809,0.988900,Very Low,,,,,,683715.000000,30,,,4.3877931594304638,,,Low,,,140,0,0,1,0.000000,0.000000,0.714300,,,
2023/2024,All Ages,Bay Area,04/27/2024,17,2024,875,47410,1.8455999999999999,Very Low,756,22564,3.350500,Low,51,19603,0.260200,Very Low,,,,,,8391874.000000,245,,,2.9194909265796887,,,Very Low,,,1040,10,1,1,0.961500,0.096200,0.096200,,,
2023/2024,All Ages,Bay Area,05/18/2024,20,2024,1302,38503,3.3816000000000002,Low,505,16266,3.104600,Low,33,13770,0.239700,Very Low,,,,,,8391874.000000,308,,,3.6702171648430375,,,Low,,,1048,15,1,0,1.431300,0.095400,0.000000,,,
2023/2024,All Ages,Greater Sierra-Sacramento,05/18/2024,20,2024,306,6701,4.5664999999999996,Low,235,4062,5.785300,Low,11,2514,0.437500,Very Low,,,,,,2973210.000000,104,,,3.4979029399201536,,,Low,,,57,2,0,0,3.508800,0.000000,0.000000,,,
2024/2025,All Ages,Bay Area,12/21/2024,51,2024,688,35971,1.9127000000000001,Very Low,6935,29189,23.759000,Very High,2681,23537,11.390600,Very High,,,,,,8391953.000000,137,396,198,1.6325162926913437,4.7188062182903074,2.3594031091451537,Very Low,Moderate,High,1125,7,5,0,0.622200,0.444400,0.000000,,,
2024/2025,All Ages,Bay Area,12/28/2024,52,2024,731,35958,2.0329000000000002,Very Low,8651,30664,28.212200,Very High,2787,24773,11.250200,Very High,,,,,,8391953.000000,142,660,248,1.6920971792859183,7.864677030483846,2.9552119750908994,Very Low,High,High,1159,9,6,0,0.776500,0.517700,0.000000,,,
2024/2025,All Ages,Central California,03/01/2025,9,2025,251,13668,1.8364,Very Low,2801,14308,19.576500,High,873,10506,8.309500,High,,,,,,4441622.000000,56,155,66,1.2608006714664148,3.4897161442373976,1.4859436485139887,Very Low,Low,Low,650,2,9,2,0.307700,1.384600,0.307700,,,
2024/2025,All Ages,Los Angeles,11/30/2024,48,2024,611,29951,2.04,Very Low,2424,18389,13.181800,Moderate,410,11088,3.697700,Low,,,,,,9784023.000000,279,248,105,2.8515877364556483,2.534744654627243,1.0731781803865341,Very Low,Low,Low,1303,10,6,0,0.767500,0.460500,0.000000,,,
2025/2026,All Ages,Southern California,07/19/2025,29,2025,941,19512,4.8227000000000002,Low,134,12540,1.068600,Very Low,13,6767,0.192100,Very Low,62,20,,,,12884704.000000,220,27,1,1.7074509433821685,0.20955079759690251,0.0077611406517371292,Very Low,Very Low,Very Low,1667,8,2,0,0.479900,0.120000,0.000000,,,
2025/2026,All Ages,Bay Area,08/16/2025,33,2025,2298,19152,11.998699999999999,Moderate,134,7464,1.795300,Very Low,19,5617,0.338300,Very Low,95,7,,,,8398557.000000,307,12,4,3.6553898485180252,0.14288168788995539,0.047627229296651793,Low,Very Low,Very Low,1045,14,0,0,1.339700,0.000000,0.000000,,,
2025/2026,All Ages,California,10/11/2025,41,2025,2903,77441,3.7486999999999999,Low,731,57602,1.269100,Very Low,189,37066,0.509900,Very Low,384,57,0.59999999999999998,0.20000000000000001,0,39155670.000000,786,96,21,2.0073721123913852,0.24517521983406232,0.053632079338701136,Very Low,Very Low,Very Low,4927,42,3,1,0.852400,0.060900,0.020300,,,
2023/2024,All Ages,California,12/16/2023,50,2023,16483,183212,8.9967000000000006,Moderate,18780,97557,19.250300,High,6596,62719,10.516700,Very High,,,2.1000000000000001,3.1000000000000001,1.3,,,,,,,,,,,6068,157,35,17,2.587300,0.576800,0.280200,,,
2023/2024,All Ages,California,04/20/2024,16,2024,2539,125671,2.0204,Very Low,2865,64769,4.423400,Low,223,47116,0.473300,Very Low,,,0.40000000000000002,0.59999999999999998,0,39109070.000000,720,,,1.8410051683663149,,,Very Low,,,5362,33,4,1,0.615400,0.074600,0.018600,,,
2024/2025,All Ages,California,07/20/2024,29,2024,14644,127627,11.4741,Moderate,799,49488,1.614500,Very Low,59,31853,0.185200,Very Low,,,2.8999999999999999,0.10000000000000001,0,39119734.000000,2029,,,5.1866405840080612,,,Low,,,5286,97,1,1,1.835000,0.018900,0.018900,,,
2024/2025,All Ages,California,10/05/2024,40,2024,4418,105090,4.2039999999999997,Low,765,49394,1.548800,Very Low,155,31606,0.490400,Very Low,,,0.80000000000000004,0.10000000000000001,0,39119734.000000,1582,,,4.0439947776741016,,,Low,,,5201,86,2,0,1.653500,0.038500,0.000000,,,
2023/2024,All Ages,California,02/03/2024,5,2024,10532,160088,6.5789,Low,6856,81010,8.463200,Low,3074,56434,5.447100,Moderate,,,1.8,1.6000000000000001,0.59999999999999998,39109070.000000,2467,,,6.3079996532773599,,,Low,,,5688,148,32,21,2.602000,0.562600,0.369200,,,
2024/2025,All Ages,California,08/17/2024,33,2024,15899,132787,11.9733,Moderate,552,45405,1.215700,Very Low,52,28103,0.185000,Very Low,,,3.1000000000000001,0.10000000000000001,0,39119734.000000,2985,,,7.6304199818945602,,,Low,,,5184,123,4,0,2.372700,0.077200,0.000000,,,
2024/2025,All Ages,California,01/04/2025,1,2025,3910,148008,2.6417000000000002,Very Low,31170,121945,25.560700,Very High,7507,80151,9.366100,High,,,0.5,4.4000000000000004,1.2,39119734.000000,1069,4025,1003,2.7326361677203632,10.288924766206232,2.5639233641005839,Very Low,Very High,High,6088,57,104,12,0.936300,1.708300,0.197100,,,
2025/2026,All Ages,California,11/01/2025,44,2025,1434,71560,2.0038999999999998,Very Low,968,60877,1.590100,Very Low,315,40019,0.787100,Very Low,553,54,0.29999999999999999,0.20000000000000001,0,39155670.000000,470,137,43,1.2003370137709302,0.34988546997152647,0.10981806721734043,Very Low,Very Low,Very Low,4614,22,2,0,0.476800,0.043300,0.000000,,,
2024/2025,All Ages,California,04/26/2025,17,2025,2094,103164,2.0297999999999998,Very Low,3481,71237,4.886500,Low,445,47426,0.938300,Very Low,,,0.40000000000000002,0.69999999999999996,0.10000000000000001,39119734.000000,553,256,101,1.4136087939657258,0.65440117767671946,0.25818171463026818,Very Low,Very Low,Very Low,5246,29,10,2,0.552800,0.190600,0.038100,,,
2024/2025,All Ages,California,05/10/2025,19,2025,2588,95780,2.702,Very Low,2169,57914,3.745200,Low,214,38163,0.560800,Very Low,,,0.40000000000000002,0.5,0,39119734.000000,514,182,46,1.3139148645540382,0.46523833725454267,0.11758771161378551,Very Low,Very Low,Very Low,5579,24,8,1,0.430200,0.143400,0.017900,,,
2025/2026,All Ages,California,07/05/2025,27,2025,3050,76970,3.9626000000000001,Low,596,35413,1.683000,Very Low,54,21954,0.246000,Very Low,231,180,0.80000000000000004,0.10000000000000001,0,39155670.000000,634,86,12,1.6191780143207868,0.21963613443468086,0.03064690247925779,Very Low,Very Low,Very Low,5066,31,1,0,0.611900,0.019700,0.000000,,,
2023/2024,All Ages,California,02/17/2024,7,2024,7898,152681,5.1729000000000003,Low,5601,81375,6.882900,Low,2134,56349,3.787100,Low,,,1.3999999999999999,1.2,0.29999999999999999,39109070.000000,1984,,,5.0729920194982903,,,Low,,,5736,105,26,12,1.830500,0.453300,0.209200,,,
2024/2025,All Ages,California,10/12/2024,41,2024,3500,102711,3.4076,Low,763,52359,1.457200,Very Low,238,35683,0.667000,Very Low,,,0.69999999999999996,0.20000000000000001,0,39119734.000000,966,,,2.4693419438894959,,,Very Low,,,5168,75,2,1,1.451200,0.038700,0.019300,,,
2024/2025,All Ages,California,08/10/2024,32,2024,16326,132846,12.289400000000001,Moderate,559,45985,1.215600,Very Low,58,29295,0.198000,Very Low,,,2.7999999999999998,0.10000000000000001,0,39119734.000000,2945,,,7.5281697978825726,,,Low,,,5286,115,3,0,2.175600,0.056800,0.000000,,,
2024/2025,All Ages,California,02/22/2025,8,2025,2640,133716,1.9742999999999999,Very Low,23238,121104,19.188500,High,4734,80591,5.874100,Moderate,,,0.40000000000000002,6.2999999999999998,0.59999999999999998,39119734.000000,740,2069,668,1.891628404221767,5.2888907680200488,1.7075780730001897,Very Low,Moderate,Moderate,6101,51,123,19,0.835900,2.016100,0.311400,,,
2025/2026,All Ages,California,09/06/2025,36,2025,9928,91662,10.831099999999999,Moderate,579,49455,1.170800,Very Low,76,30152,0.252100,Very Low,250,52,2.3999999999999999,0.10000000000000001,0,39155670.000000,1728,91,10,4.4131539570131224,0.2324056771343716,0.025539085399381496,Low,Very Low,Very Low,4992,58,1,0,1.161900,0.020000,0.000000,,,
2023/2024,All Ages,California,01/27/2024,4,2024,12546,165560,7.5778999999999996,Low,8437,82035,10.284600,Moderate,3505,56829,6.167600,Moderate,,,1.7,2,0.69999999999999996,39109070.000000,2963,,,7.5762476581519325,,,Low,,,5896,152,37,24,2.578000,0.627500,0.407100,,,
2025/2026,All Ages,California,07/26/2025,30,2025,4670,78380,5.9581999999999997,Low,428,36014,1.188400,Very Low,45,22852,0.196900,Very Low,168,75,1.1000000000000001,0.10000000000000001,0,39155670.000000,762,67,21,1.9460783074328698,0.17111187217585602,0.053632079338701136,Very Low,Very Low,Very Low,4879,30,0,0,0.614900,0.000000,0.000000,,,
2023/2024,All Ages,California,07/08/2023,27,2023,5916,121701,4.8611000000000004,Low,350,11553,3.029500,Low,22,8929,0.246400,Very Low,,,0.90000000000000002,0.10000000000000001,0,,,,,,,,,,,5129,55,1,1,1.072300,0.019500,0.019500,,,
2023/2024,All Ages,California,04/06/2024,14,2024,2557,134960,1.8946000000000001,Very Low,2732,68480,3.989500,Low,428,50440,0.848500,Very Low,,,0.5,0.69999999999999996,0.10000000000000001,39109070.000000,781,,,1.9969792173529055,,,Very Low,,,5411,37,5,3,0.683800,0.092400,0.055400,,,
2024/2025,18-64 yrs,Southern California,03/22/2025,12,2025,338,22366,1.5112223911293929,Very Low,831,16156,5.143600,Low,102,10592,0.963000,Very Low,,,,,,7875686.000000,54,86,26,0.68565455758393612,1.091968369485528,0.33012997217004336,Very Low,Low,Very Low,404,0,4,0,0.000000,0.990099,0.000000,,,
2024/2025,>64 yrs,Southern California,03/22/2025,12,2025,262,7803,3.357682942458029,Low,289,6932,4.169100,Low,109,3545,3.074800,Low,,,,,,2059864.000000,104,110,47,5.0488770132397089,5.3401583793881535,2.2817040348294841,Low,Moderate,High,1441,7,3,4,0.485774,0.208189,0.277585,,,
2024/2025,>64 yrs,Central California,03/29/2025,13,2025,80,2747,2.912267928649436,Very Low,59,2248,2.624600,Low,30,1679,1.786800,Low,,,,,,580446.000000,19,29,10,3.2733449795502079,4.9961581266818964,1.7228131471316883,Low,Moderate,Moderate,505,2,0,1,0.396040,0.000000,0.198020,,,
2024/2025,>64 yrs,Greater Sierra-Sacramento,03/29/2025,13,2025,47,1772,2.6523702031602712,Very Low,98,2238,4.378900,Low,37,1544,2.396400,Low,,,,,,525440.000000,33,41,11,6.280450669914738,7.8029841656516448,2.0934835566382461,Low,High,High,42,0,1,0,0.000000,2.380952,0.000000,,,
2024/2025,18-64 yrs,Los Angeles,03/29/2025,13,2025,362,24521,1.4762856327229723,Very Low,772,12541,6.155800,Low,79,8498,0.929600,Very Low,,,,,,6240953.000000,65,49,21,1.0415076030856185,0.78513650078761998,0.33648707176612286,Very Low,Very Low,Very Low,270,0,0,0,0.000000,0.000000,0.000000,,,
2024/2025,>64 yrs,Southern California,04/05/2025,14,2025,263,7581,3.4691993140746606,Low,144,6205,2.320700,Low,56,3261,1.717300,Low,,,,,,2059864.000000,92,59,25,4.4663142809428189,2.8642667671263733,1.213672358951853,Low,Low,Low,1384,10,2,1,0.722543,0.144509,0.072254,,,
2024/2025,0-17 yrs,Bay Area,04/19/2025,16,2025,68,6837,0.99458826970893666,Very Low,983,5321,18.474000,High,64,4304,1.487000,Low,,,,,,1670512.000000,3,15,0,0.17958565996532799,0.89792829982664002,0,Very Low,Very Low,Very Low,15,0,1,0,0.000000,6.666667,0.000000,,,
2024/2025,>64 yrs,Southern California,04/19/2025,16,2025,221,6311,3.5018222151798453,Low,97,5702,1.701200,Very Low,37,3015,1.227200,Low,,,,,,2059864.000000,91,53,11,4.4177673865847451,2.5729854009779287,0.53401583793881535,Low,Low,Low,1372,10,2,2,0.728863,0.145773,0.145773,,,
2024/2025,18-64 yrs,Southern California,04/26/2025,17,2025,302,16238,1.8598349550437245,Very Low,319,7787,4.096600,Low,23,3515,0.654300,Very Low,,,,,,7875686.000000,43,37,7,0.545984184742764,0.46980034501121548,0.088881146353473203,Very Low,Very Low,Very Low,358,0,2,0,0.000000,0.558659,0.000000,,,
2024/2025,>64 yrs,Bay Area,05/03/2025,18,2025,180,5634,3.1948881789137378,Low,87,3950,2.202500,Low,22,3694,0.595600,Very Low,,,,,,1498910.000000,57,36,8,3.802763341361389,2.4017452682282459,0.53372117071738789,Low,Low,Low,836,6,1,0,0.717703,0.119617,0.000000,,,
2024/2025,0-17 yrs,Southern California,05/03/2025,18,2025,108,4790,2.2546972860125263,Very Low,227,3844,5.905300,Low,58,2576,2.251600,Low,,,,,,2904951.000000,9,14,10,0.30981589706676632,0.48193583988163652,0.34423988562974039,Very Low,Very Low,Very Low,10,0,0,0,0.000000,0.000000,0.000000,,,
2024/2025,18-64 yrs,Southern California,05/03/2025,18,2025,301,15211,1.9788311090658077,Very Low,240,7712,3.112000,Low,12,4005,0.299600,Very Low,,,,,,7875686.000000,39,24,2,0.49519495825506499,0.30473535892619386,0.025394613243849489,Very Low,Very Low,Very Low,355,1,1,0,0.281690,0.281690,0.000000,,,
2024/2025,18-64 yrs,Rural North,05/10/2025,19,2025,12,369,3.2520325203252036,Low,12,416,2.884600,Low,0,252,0.000000,Very Low,,,,,,384002.000000,0,0,0,0,0,0,Very Low,Very Low,Very Low,29,0,0,0,0.000000,0.000000,0.000000,,,
2024/2025,0-17 yrs,Southern California,05/17/2025,20,2025,132,4736,2.7871621621621623,Very Low,165,3691,4.470300,Low,19,2603,0.729900,Very Low,,,,,,2904951.000000,20,15,3,0.68847977125948079,0.51635982844461059,0.10327196568892211,Very Low,Very Low,Very Low,26,0,0,0,0.000000,0.000000,0.000000,,,
2024/2025,>64 yrs,Bay Area,05/24/2025,21,2025,285,5639,5.0540876041851392,Low,44,2825,1.557500,Very Low,7,2483,0.281900,Very Low,,,,,,1498910.000000,103,17,3,6.8716600729863702,1.1341574877744494,0.20014543901902049,Low,Low,Very Low,789,2,1,1,0.253485,0.126743,0.126743,,,
2024/2025,>64 yrs,Rural North,05/24/2025,21,2025,8,176,4.5454545454545459,Low,2,261,0.766300,Very Low,1,176,0.568200,Very Low,,,,,,148325.000000,3,0,0,2.0225855385133995,0,0,Very Low,Very Low,Very Low,122,0,1,0,0.000000,0.819672,0.000000,,,
2024/2025,>64 yrs,Southern California,05/24/2025,21,2025,287,6255,4.5883293365307756,Low,71,5792,1.225800,Very Low,17,3613,0.470500,Very Low,,,,,,2059864.000000,104,26,4,5.0488770132397089,1.2622192533099272,0.19418757743229653,Low,Low,Very Low,1367,8,0,0,0.585223,0.000000,0.000000,,,
2024/2025,18-64 yrs,Bay Area,05/31/2025,22,2025,338,9005,3.7534702942809548,Low,259,4257,6.084100,Low,4,3285,0.121800,Very Low,,,,,,5222531.000000,43,14,0,0.82335557223116529,0.26806925607526311,0,Very Low,Very Low,Very Low,175,1,0,0,0.571429,0.000000,0.000000,,,
2024/2025,18-64 yrs,Rural North,05/31/2025,22,2025,11,279,3.9426523297491038,Low,2,333,0.600600,Very Low,0,219,0.000000,Very Low,,,,,,384002.000000,5,0,4,1.3020765516846267,0,1.0416612413477013,Very Low,Very Low,Low,41,0,0,0,0.000000,0.000000,0.000000,,,
2024/2025,18-64 yrs,Los Angeles,06/07/2025,23,2025,324,18425,1.758480325644505,Very Low,123,7550,1.629100,Very Low,5,4703,0.106300,Very Low,,,,,,6240953.000000,70,12,0,1.1216235725537429,0.19227832672349882,0,Very Low,Very Low,Very Low,290,1,0,0,0.344828,0.000000,0.000000,,,
2024/2025,18-64 yrs,Rural North,06/07/2025,23,2025,17,297,5.7239057239057241,Low,5,294,1.700700,Very Low,0,202,0.000000,Very Low,,,,,,384002.000000,3,0,2,0.78124593101077611,0,0.52083062067385066,Very Low,Very Low,Low,46,0,0,0,0.000000,0.000000,0.000000,,,
2024/2025,>64 yrs,Rural North,06/07/2025,23,2025,10,183,5.4644808743169397,Low,3,204,1.470600,Very Low,0,135,0.000000,Very Low,,,,,,148325.000000,7,0,3,4.7193662565312664,0,2.0225855385133995,Low,Very Low,High,92,1,0,0,1.086957,0.000000,0.000000,,,
2024/2025,18-64 yrs,Bay Area,06/14/2025,24,2025,437,9504,4.5980639730639732,Low,124,3970,3.123400,Low,7,2994,0.233800,Very Low,,,,,,5222531.000000,41,8,1,0.78505996422041346,0.15318243204300749,0.019147804005375937,Very Low,Very Low,Very Low,201,0,0,0,0.000000,0.000000,0.000000,,,
2024/2025,0-17 yrs,Central California,06/14/2025,24,2025,61,1860,3.2795698924731185,Low,57,1349,4.225400,Low,10,933,1.071800,Low,,,,,,1224522.000000,0,3,1,0,0.2449935566694596,0.081664518889819862,Very Low,Very Low,Very Low,11,0,0,0,0.000000,0.000000,0.000000,,,
2024/2025,>64 yrs,Greater Sierra-Sacramento,06/14/2025,24,2025,65,1057,6.1494796594134344,Low,10,658,1.519800,Very Low,2,413,0.484300,Very Low,,,,,,525440.000000,30,0,1,5.7095006090133982,0,0.19031668696711329,Low,Very Low,Very Low,32,0,0,0,0.000000,0.000000,0.000000,,,
2024/2025,0-17 yrs,Los Angeles,06/14/2025,24,2025,83,3378,2.4570751924215513,Very Low,80,2452,3.262600,Low,14,1626,0.861000,Very Low,,,,,,1934637.000000,5,7,0,0.25844641656290046,0.36182498318806061,0,Very Low,Very Low,Very Low,13,0,0,0,0.000000,0.000000,0.000000,,,
2024/2025,>64 yrs,Bay Area,06/21/2025,25,2025,327,5361,6.0996082820369333,Low,39,2695,1.447100,Very Low,1,2268,0.044100,Very Low,,,,,,1498910.000000,131,9,1,8.7396841704972275,0.60043631705706146,0.066715146339673487,Low,Very Low,Very Low,861,11,0,0,1.277584,0.000000,0.000000,,,
2024/2025,>64 yrs,Southern California,06/21/2025,25,2025,245,6617,3.7025842526824846,Low,48,5182,0.926300,Very Low,5,3053,0.163800,Very Low,,,,,,2059864.000000,88,24,0,4.2721267035105228,1.165125464593779,0,Low,Low,Very Low,1365,4,1,0,0.293040,0.073260,0.000000,,,
2025/2026,18-64 yrs,Bay Area,07/05/2025,27,2025,528,9634,5.4805895785758771,Low,81,3281,2.468800,Low,1,2457,0.040700,Very Low,47,26,,,,5207239.000000,57,4,1,1.094629994897488,0.076816139992806162,0.019204034998201541,Very Low,Very Low,Very Low,215,0,0,0,0.000000,0.000000,0.000000,,,
2025/2026,>64 yrs,Greater Sierra-Sacramento,07/05/2025,27,2025,83,1069,7.7642656688493918,Low,8,585,1.367500,Very Low,0,300,0.000000,Very Low,7,1,,,,540932.000000,30,2,0,5.5459835986778376,0.36973223991185583,0,Low,Very Low,Very Low,45,0,0,0,0.000000,0.000000,0.000000,,,
2025/2026,18-64 yrs,Greater Sierra-Sacramento,07/12/2025,28,2025,183,2038,8.979391560353287,Moderate,12,758,1.583100,Very Low,3,403,0.744400,Very Low,7,2,,,,1800650.000000,14,7,0,0.77749701496681767,0.38874850748340883,0,Very Low,Very Low,Very Low,13,0,0,0,0.000000,0.000000,0.000000,,,
2025/2026,>64 yrs,Southern California,07/12/2025,28,2025,318,6914,4.5993636100665309,Low,37,4600,0.804300,Very Low,3,2749,0.109100,Very Low,27,1,,,,2132361.000000,103,17,1,4.830326572283024,0.79723836629913969,0.046896374488184692,Low,Very Low,Very Low,1336,4,0,0,0.299401,0.000000,0.000000,,,
2025/2026,18-64 yrs,Rural North,07/19/2025,29,2025,23,257,8.9494163424124515,Moderate,2,177,1.129900,Very Low,1,121,0.826400,Very Low,0,3,,,,381874.000000,0,0,0,0,0,0,Very Low,Very Low,Very Low,36,0,0,0,0.000000,0.000000,0.000000,,,
2025/2026,>64 yrs,Rural North,07/19/2025,29,2025,21,169,12.42603550295858,Moderate,0,156,0.000000,Very Low,0,108,0.000000,Very Low,,,,,,150862.000000,4,0,0,2.6514297835107579,0,0,Very Low,Very Low,Very Low,109,3,0,0,2.752294,0.000000,0.000000,,,
2025/2026,>64 yrs,Bay Area,07/26/2025,30,2025,528,5444,9.6987509184423217,Moderate,24,2270,1.057300,Very Low,1,1861,0.053700,Very Low,10,0,,,,1548338.000000,151,6,5,9.7523925654475949,0.38751228736877863,0.32292690614064884,Low,Very Low,Very Low,797,8,0,0,1.003764,0.000000,0.000000,,,
2025/2026,>64 yrs,Greater Sierra-Sacramento,08/02/2025,31,2025,135,1045,12.918660287081341,Moderate,4,439,0.911200,Very Low,2,242,0.826400,Very Low,2,0,,,,540932.000000,62,1,0,11.46169943726753,0.18486611995592792,0,Low,Very Low,Very Low,40,0,0,0,0.000000,0.000000,0.000000,,,
2025/2026,18-64 yrs,Rural North,08/02/2025,31,2025,48,310,15.483870967741936,High,5,257,1.945500,Very Low,0,166,0.000000,Very Low,3,0,,,,381874.000000,1,0,0,0.2618664795194226,0,0,Very Low,Very Low,Very Low,31,0,0,0,0.000000,0.000000,0.000000,,,
2025/2026,18-64 yrs,Bay Area,08/09/2025,32,2025,1084,9465,11.452720549392499,Moderate,59,3149,1.873600,Very Low,3,2337,0.128400,Very Low,40,6,,,,5207239.000000,88,3,0,1.6899550798417355,0.057612104994604625,0,Very Low,Very Low,Very Low,223,0,0,0,0.000000,0.000000,0.000000,,,
2025/2026,0-17 yrs,Southern California,08/09/2025,32,2025,327,3211,10.183743382123948,Moderate,34,2446,1.390000,Very Low,9,1596,0.563900,Very Low,15,5,,,,2856266.000000,30,3,3,1.0503223439273512,0.10503223439273514,0.10503223439273514,Very Low,Very Low,Very Low,10,0,0,0,0.000000,0.000000,0.000000,,,
2025/2026,0-17 yrs,Bay Area,08/16/2025,33,2025,480,4267,11.249121162409187,Moderate,54,1823,2.962200,Low,11,1295,0.849400,Very Low,30,4,,,,1642980.000000,21,1,1,1.2781652850308585,0.060865013572898023,0.060865013572898023,Very Low,Very Low,Very Low,7,0,0,0,0.000000,0.000000,0.000000,,,
2025/2026,>64 yrs,Southern California,08/23/2025,34,2025,680,9785,6.9494123658661211,Low,37,6816,0.542800,Very Low,4,4426,0.090400,Very Low,17,0,,,,2132361.000000,253,22,1,11.864782745510727,1.0317202387400632,0.046896374488184692,Low,Low,Very Low,1249,10,0,0,0.800641,0.000000,0.000000,,,
2025/2026,>64 yrs,Los Angeles,08/30/2025,35,2025,587,8229,7.1333090290436258,Low,39,3865,1.009100,Very Low,1,2204,0.045400,Very Low,18,5,,,,1662650.000000,301,14,1,18.103629747691937,0.84202929059032272,0.060144949327880191,Moderate,Very Low,Very Low,869,9,1,0,1.035673,0.115075,0.000000,,,
2025/2026,0-17 yrs,Greater Sierra-Sacramento,09/13/2025,37,2025,128,1259,10.16679904686259,Moderate,6,703,0.853500,Very Low,9,384,2.343800,Low,3,0,,,,650543.000000,6,0,0,0.92230644246421833,0,0,Very Low,Very Low,Very Low,2,0,0,0,0.000000,0.000000,0.000000,,,
2025/2026,18-64 yrs,Greater Sierra-Sacramento,09/13/2025,37,2025,395,2574,15.345765345765347,High,12,1141,1.051700,Very Low,4,600,0.666700,Very Low,7,0,,,,1800650.000000,48,3,1,2.6657040513148034,0.16660650320717521,0.055535501069058392,Very Low,Very Low,Very Low,13,0,0,0,0.000000,0.000000,0.000000,,,
2025/2026,18-64 yrs,Los Angeles,09/13/2025,37,2025,1177,13834,8.508023709700737,Moderate,103,6836,1.506700,Very Low,9,3509,0.256500,Very Low,38,7,,,,6194360.000000,178,9,1,2.8735817743883145,0.14529346050277997,0.016143717833642216,Very Low,Very Low,Very Low,277,3,0,0,1.083032,0.000000,0.000000,,,
2025/2026,18-64 yrs,Rural North,09/13/2025,37,2025,66,414,15.942028985507244,High,0,345,0.000000,Very Low,1,207,0.483100,Very Low,1,0,,,,381874.000000,1,0,0,0.2618664795194226,0,0,Very Low,Very Low,Very Low,41,0,0,0,0.000000,0.000000,0.000000,,,
2025/2026,18-64 yrs,Bay Area,09/27/2025,39,2025,486,8466,5.7406094968107721,Low,82,4106,1.997100,Very Low,9,2782,0.323500,Very Low,65,4,,,,5207239.000000,58,3,0,1.1138340298956895,0.057612104994604625,0,Very Low,Very Low,Very Low,195,0,0,0,0.000000,0.000000,0.000000,,,
2025/2026,18-64 yrs,Central California,10/04/2025,40,2025,192,3551,5.4069276260208392,Low,21,2130,0.985900,Very Low,1,1150,0.087000,Very Low,7,1,,,,2656528.000000,23,1,0,0.86579174019622607,0.037643119138966348,0,Very Low,Very Low,Very Low,168,0,0,0,0.000000,0.000000,0.000000,,,
2025/2026,0-17 yrs,Los Angeles,10/04/2025,40,2025,137,3583,3.8236114987440692,Low,58,3212,1.805700,Very Low,22,2043,1.076800,Low,16,8,,,,1891916.000000,10,8,0,0.52856469314705301,0.4228517545176424,0,Very Low,Very Low,Very Low,14,0,0,0,0.000000,0.000000,0.000000,,,
2025/2026,18-64 yrs,Bay Area,10/11/2025,41,2025,284,8339,3.405684134788344,Low,82,5727,1.431800,Very Low,24,4520,0.531000,Very Low,61,7,,,,5207239.000000,48,0,0,0.921793679913674,0,0,Very Low,Very Low,Very Low,159,1,0,0,0.628931,0.000000,0.000000,,,
2025/2026,>64 yrs,Central California,10/11/2025,41,2025,97,1249,7.7662129703763014,Low,15,1261,1.189500,Very Low,2,797,0.250900,Very Low,6,0,,,,597083.000000,45,8,0,7.5366406345516452,1.3398472239202925,0,Low,Low,Very Low,423,3,1,0,0.709220,0.236407,0.000000,,,
2025/2026,>64 yrs,Greater Sierra-Sacramento,10/11/2025,41,2025,110,1338,8.2212257100149486,Moderate,17,1626,1.045500,Very Low,1,1182,0.084600,Very Low,14,0,,,,540932.000000,51,6,0,9.4281721177523234,1.1091967197355674,0,Low,Low,Very Low,34,0,0,0,0.000000,0.000000,0.000000,,,
2025/2026,0-17 yrs,Southern California,10/11/2025,41,2025,154,4870,3.162217659137577,Low,73,4233,1.724500,Very Low,24,2953,0.812700,Very Low,36,14,,,,2856266.000000,11,11,3,0.38511819277336218,0.38511819277336218,0.10503223439273514,Very Low,Very Low,Very Low,12,0,0,0,0.000000,0.000000,0.000000,,,
2025/2026,0-17 yrs,Bay Area,10/18/2025,42,2025,64,4809,1.3308380120607195,Very Low,58,3566,1.626500,Very Low,64,2715,2.357300,Low,34,0,,,,1642980.000000,2,2,4,0.12173002714579605,0.12173002714579605,0.24346005429159209,Very Low,Very Low,Very Low,9,0,0,0,0.000000,0.000000,0.000000,,,
2025/2026,18-64 yrs,Central California,10/18/2025,42,2025,99,3468,2.8546712802768166,Very Low,22,2297,0.957800,Very Low,1,1309,0.076400,Very Low,15,0,,,,2656528.000000,8,2,0,0.30114495311173078,0.075286238277932696,0,Very Low,Very Low,Very Low,151,0,0,0,0.000000,0.000000,0.000000,,,
2025/2026,>64 yrs,Central California,10/18/2025,42,2025,63,1135,5.5506607929515415,Low,8,1299,0.615900,Very Low,1,800,0.125000,Very Low,1,0,,,,597083.000000,42,9,1,7.0341979255815366,1.5073281269103291,0.16748090299003657,Low,Low,Very Low,458,4,0,0,0.873362,0.000000,0.000000,,,
2025/2026,>64 yrs,Greater Sierra-Sacramento,10/18/2025,42,2025,81,1358,5.9646539027982328,Low,9,1639,0.549100,Very Low,1,1158,0.086400,Very Low,7,0,,,,540932.000000,36,1,0,6.6551803184134046,0.18486611995592792,0,Low,Very Low,Very Low,40,2,0,0,5.000000,0.000000,0.000000,,,
2025/2026,18-64 yrs,Los Angeles,10/18/2025,42,2025,236,11033,2.1390374331550799,Very Low,101,6755,1.495200,Very Low,6,3636,0.165000,Very Low,39,6,,,,6194360.000000,67,9,0,1.0816290948540286,0.14529346050277997,0,Very Low,Very Low,Very Low,272,0,0,0,0.000000,0.000000,0.000000,,,
2025/2026,18-64 yrs,Rural North,10/18/2025,42,2025,20,386,5.1813471502590671,Low,1,466,0.214600,Very Low,0,247,0.000000,Very Low,0,1,,,,381874.000000,3,0,0,0.78559943855826786,0,0,Very Low,Very Low,Very Low,24,0,0,0,0.000000,0.000000,0.000000,,,
2025/2026,>64 yrs,Rural North,10/18/2025,42,2025,12,153,7.8431372549019605,Low,1,300,0.333300,Very Low,0,154,0.000000,Very Low,0,1,,,,150862.000000,5,0,0,3.314287229388448,0,0,Low,Very Low,Very Low,100,2,0,0,2.000000,0.000000,0.000000,,,
2025/2026,>64 yrs,Bay Area,10/25/2025,43,2025,152,4575,3.3224043715846996,Low,39,4135,0.943200,Very Low,15,3671,0.408600,Very Low,32,3,,,,1548338.000000,77,6,1,4.9730743545659921,0.38751228736877863,0.064585381228129776,Low,Very Low,Very Low,814,6,0,1,0.737101,0.000000,0.122850,,,
2025/2026,0-17 yrs,Los Angeles,10/25/2025,43,2025,67,4203,1.5940994527718295,Very Low,74,3556,2.081000,Low,22,2391,0.920100,Very Low,26,7,,,,1891916.000000,3,4,2,0.15856940794411589,0.2114258772588212,0.1057129386294106,Very Low,Very Low,Very Low,7,0,0,0,0.000000,0.000000,0.000000,,,
2025/2026,18-64 yrs,Los Angeles,10/25/2025,43,2025,224,11644,1.9237375472346274,Very Low,135,7172,1.882300,Very Low,14,3908,0.358200,Very Low,49,8,,,,6194360.000000,51,12,1,0.82332960951575296,0.19372461400370661,0.016143717833642216,Very Low,Very Low,Very Low,239,1,0,0,0.418410,0.000000,0.000000,,,
2025/2026,0-17 yrs,Bay Area,11/01/2025,44,2025,46,5261,0.87435848697966168,Very Low,84,3840,2.187500,Low,110,3068,3.585400,Low,60,1,,,,1642980.000000,4,2,6,0.24346005429159209,0.12173002714579605,0.36519008143738813,Very Low,Very Low,Very Low,9,0,0,0,0.000000,0.000000,0.000000,,,
2025/2026,>64 yrs,Bay Area,11/01/2025,44,2025,107,4391,2.4368025506718287,Very Low,49,4169,1.175300,Very Low,20,3719,0.537800,Very Low,33,1,,,,1548338.000000,55,18,7,3.5521959675471373,1.1625368621063359,0.45209766859690842,Low,Low,Very Low,743,4,1,0,0.538358,0.134590,0.000000,,,
2025/2026,0-17 yrs,Los Angeles,11/08/2025,45,2025,54,3885,1.3899613899613898,Very Low,120,3706,3.238000,Low,35,2509,1.395000,Low,53,5,,,,1891916.000000,4,6,0,0.2114258772588212,0.31713881588823178,0,Very Low,Very Low,Very Low,1,0,0,0,0.000000,0.000000,0.000000,,,
2025/2026,18-64 yrs,Los Angeles,11/08/2025,45,2025,149,9663,1.5419641933147055,Very Low,205,7806,2.626200,Low,24,4225,0.568000,Very Low,111,21,,,,6194360.000000,53,18,1,0.85561704518303749,0.29058692100555994,0.016143717833642216,Very Low,Very Low,Very Low,101,0,0,0,0.000000,0.000000,0.000000,,,
2025/2026,0-17 yrs,Rural North,11/08/2025,45,2025,1,237,0.42194092827004215,Very Low,1,334,0.299400,Very Low,3,228,1.315800,Low,1,0,,,,144328.000000,0,0,0,0,0,0,Very Low,Very Low,Very Low,1,0,0,0,0.000000,0.000000,0.000000,,,
2025/2026,18-64 yrs,Rural North,11/08/2025,45,2025,12,342,3.5087719298245612,Low,0,423,0.000000,Very Low,0,198,0.000000,Very Low,,,,,,381874.000000,0,0,0,0,0,0,Very Low,Very Low,Very Low,13,0,0,0,0.000000,0.000000,0.000000,,,
2025/2026,0-17 yrs,Southern California,11/08/2025,45,2025,62,4960,1.25,Very Low,133,4471,2.974700,Low,52,3217,1.616400,Low,61,21,,,,2856266.000000,9,12,9,0.31509670317820543,0.42012893757094055,0.31509670317820543,Very Low,Very Low,Very Low,5,0,0,0,0.000000,0.000000,0.000000,,,
2025/2026,>64 yrs,Southern California,11/08/2025,45,2025,163,7653,2.1298837057363125,Very Low,72,5635,1.277700,Very Low,11,3624,0.303500,Very Low,43,1,,,,2132361.000000,75,37,2,3.5172280866138523,1.7351658560628336,0.093792748976369383,Low,Low,Very Low,941,7,0,0,0.743889,0.000000,0.000000,,,
2024/2025,>64 yrs,California,03/01/2025,9,2025,902,32470,2.7778999999999998,Very Low,2186,28635,7.634000,Low,621,20126,3.085600,Low,,,,,,6421418.000000,449,756,188,6.9922250817498561,11.773100583079936,2.9277022614008308,Low,Very High,High,4561,30,60,11,0.657800,1.315500,0.241200,,,
2024/2025,18-64 yrs,California,04/26/2025,17,2025,1032,56410,1.8294999999999999,Very Low,1576,32931,4.785800,Low,115,20538,0.559900,Very Low,,,,,,24153482.000000,150,111,24,0.62102847117446669,0.45956106866910534,0.09936455538791468,Very Low,Very Low,Very Low,1173,3,4,1,0.255800,0.341000,0.085300,,,
2024/2025,0-17 yrs,California,05/03/2025,18,2025,365,19149,1.9060999999999999,Very Low,1305,15348,8.502700,Low,169,10833,1.560000,Low,,,,,,8544834.000000,15,34,21,0.17554466242410327,0.39790123482796741,0.24576252739374457,Very Low,Very Low,Very Low,48,1,0,0,2.083300,0.000000,0.000000,9,44,8
2025/2026,>64 yrs,California,07/05/2025,27,2025,1050,22191,4.7316000000000003,Low,119,11921,0.998200,Very Low,6,7956,0.075400,Very Low,68,8,,,,6632226.000000,420,51,3,6.3327154412409952,0.76897258929354939,0.045233681723149961,Low,Very Low,Very Low,3871,26,1,0,0.671700,0.025800,0.000000,,,
2023/2024,>64 yrs,California,03/09/2024,10,2024,1574,35628,4.4179000000000004,Low,429,22140,1.937700,Very Low,300,16533,1.814600,Low,,,,,,6221657.000000,845,,,13.581590884871988,,,Moderate,,,4062,60,4,10,1.477100,0.098500,0.246200,,,
2024/2025,>64 yrs,California,08/03/2024,31,2024,5252,35348,14.858000000000001,High,129,16488,0.782400,Very Low,8,10551,0.075800,Very Low,,,,,,6421418.000000,1958,,,30.491707594802271,,,High,,,3934,111,1,0,2.821600,0.025400,0.000000,,,
2024/2025,0-17 yrs,California,10/19/2024,42,2024,349,19608,1.7799,Very Low,284,12564,2.260400,Low,267,9255,2.884900,Low,,,,,,8544834.000000,36,,,0.42130718981784782,,,Very Low,,,52,0,0,0,0.000000,0.000000,0.000000,9,44,8
2024/2025,>64 yrs,California,12/07/2024,49,2024,1053,30186,3.4883999999999999,Low,1474,23796,6.194300,Low,289,16539,1.747400,Low,,,,,,6421418.000000,510,512,99,7.9421710282682119,7.9733167970065173,1.5417155525461821,Low,High,Moderate,4417,41,10,1,0.928200,0.226400,0.022600,,,
2024/2025,0-17 yrs,California,02/01/2025,5,2025,678,42263,1.6042000000000001,Very Low,19037,41576,45.788400,Very High,3857,28806,13.389600,Very High,,,,,,8544834.000000,40,396,343,0.46811909979760874,4.6343790879963267,4.0141212807644946,Very Low,Moderate,Very High,49,0,3,1,0.000000,6.122400,2.040800,9,44,8
2024/2025,0-17 yrs,California,04/19/2025,16,2025,296,20670,1.4319999999999999,Very Low,1975,17742,11.131800,Moderate,279,12853,2.170700,Low,,,,,,8544834.000000,21,60,29,0.24576252739374457,0.70217864969641308,0.33938634735326634,Very Low,Very Low,Very Low,52,0,1,0,0.000000,1.923100,0.000000,9,44,8
2023/2024,>64 yrs,California,02/03/2024,5,2024,3265,41018,7.9599000000000002,Low,828,23220,3.565900,Low,602,16159,3.725500,Low,,,,,,6221657.000000,1607,,,25.829132014188502,,,High,,,4339,122,25,17,2.811700,0.576200,0.391800,,,
2023/2024,0-17 yrs,California,05/18/2024,20,2024,425,22097,1.9233,Very Low,729,12333,5.911000,Low,38,8781,0.432800,Very Low,,,,,,8694111.000000,41,,,0.47158358111599913,,,Very Low,,,54,1,0,0,1.851900,0.000000,0.000000,11,19,7
2024/2025,18-64 yrs,California,08/31/2024,35,2024,6683,70695,9.4533000000000005,Moderate,285,21219,1.343100,Very Low,13,12095,0.107500,Very Low,,,,,,24153482.000000,799,,,3.3080116564559927,,,Low,,,1188,13,1,0,1.094300,0.084200,0.000000,,,
2023/2024,>64 yrs,California,01/27/2024,4,2024,4091,45037,9.0836000000000006,Moderate,1159,24586,4.714100,Low,787,17364,4.532400,Moderate,,,,,,6221657.000000,1963,,,31.551080363318004,,,High,,,4547,139,23,20,3.057000,0.505800,0.439900,,,
2023/2024,>64 yrs,California,03/02/2024,9,2024,1877,35462,5.2930000000000001,Low,465,22728,2.045900,Low,364,17190,2.117500,Low,,,,,,6221657.000000,1011,,,16.249690395982938,,,Moderate,,,4121,89,9,8,2.159700,0.218400,0.194100,,,
2023/2024,>64 yrs,California,06/29/2024,26,2024,3431,31458,10.906599999999999,Moderate,270,15565,1.734700,Very Low,23,10617,0.216600,Very Low,,,,,,6221657.000000,1095,,,17.59981304015956,,,Moderate,,,4072,50,1,0,1.227900,0.024600,0.000000,,,
2024/2025,0-17 yrs,California,08/31/2024,35,2024,2983,23852,12.5063,Moderate,220,11611,1.894800,Very Low,48,7929,0.605400,Very Low,,,,,,8544834.000000,99,,,1.1585947719990817,,,Very Low,,,47,0,0,0,0.000000,0.000000,0.000000,9,44,8
2024/2025,18-64 yrs,California,12/07/2024,49,2024,1191,67025,1.7768999999999999,Very Low,5232,38747,13.503000,Moderate,496,23262,2.132200,Low,,,,,,24153482.000000,224,450,56,0.92740251695387022,1.8630854135234001,0.23185062923846755,Very Low,Low,Very Low,1200,8,6,0,0.666700,0.500000,0.000000,,,
2024/2025,0-17 yrs,California,03/29/2025,13,2025,342,26127,1.3089999999999999,Very Low,4372,23800,18.369700,High,901,16806,5.361200,Moderate,,,,,,8544834.000000,25,96,97,0.29257443737350547,1.1234858395142611,1.135188817009201,Very Low,Low,Low,47,0,1,0,0.000000,2.127700,0.000000,9,44,8
2024/2025,>64 yrs,California,04/12/2025,15,2025,927,34930,2.6539000000000001,Very Low,488,23235,2.100300,Low,180,16015,1.123900,Low,,,,,,6421418.000000,415,186,59,6.4627470131986415,2.896556492662524,0.91880017778004797,Low,Low,Low,4276,22,11,3,0.514500,0.257200,0.070200,,,
2025/2026,18-64 yrs,California,09/06/2025,36,2025,4839,45843,10.5556,Moderate,288,21599,1.333400,Very Low,24,11684,0.205400,Very Low,123,22,,,,24136728.000000,548,27,2,2.270398870965443,0.11186271809501271,0.0082861272662972385,Very Low,Very Low,Very Low,1138,7,0,0,0.615100,0.000000,0.000000,,,
2025/2026,0-17 yrs,California,09/20/2025,38,2025,1111,16857,6.5907,Low,154,11727,1.313200,Very Low,72,8151,0.883300,Very Low,65,30,,,,8386716.000000,64,11,8,0.76311156834212568,0.13115980080880288,0.09538894604276571,Very Low,Very Low,Very Low,59,0,0,0,0.000000,0.000000,0.000000,2,0,0
2025/2026,>64 yrs,California,11/01/2025,44,2025,497,19441,2.5565000000000002,Very Low,208,18919,1.099400,Very Low,43,13169,0.326500,Very Low,133,6,,,,6632226.000000,297,88,14,4.478134490591847,1.3268546638790657,0.21109051470803319,Low,Low,Very Low,3659,21,2,0,0.573900,0.054700,0.000000,,,
2023/2024,>64 yrs,California,10/14/2023,41,2023,2992,38628,7.7457000000000003,Low,129,12357,1.043900,Very Low,58,6741,0.860400,Very Low,,,,,,,,,,,,,,,,4036,77,1,1,1.907800,0.024800,0.024800,,,
2024/2025,18-64 yrs,California,05/03/2025,18,2025,1069,54779,1.9515,Very Low,1132,28310,3.998600,Low,71,18299,0.388000,Very Low,,,,,,24153482.000000,147,86,9,0.60860790175097734,0.35605632347336091,0.037261708270468,Very Low,Very Low,Very Low,1176,4,2,0,0.340100,0.170100,0.000000,,,
2023/2024,0-17 yrs,California,07/29/2023,30,2023,1136,18098,6.2769000000000004,Low,132,2834,4.657700,Low,24,2056,1.167300,Low,,,,,,,,,,,,,,,,59,1,0,0,1.694900,0.000000,0.000000,11,19,7
2023/2024,18-64 yrs,California,09/23/2023,38,2023,7598,84793,8.9605999999999995,Moderate,189,17182,1.100000,Very Low,31,7312,0.424000,Very Low,,,,,,,,,,,,,,,,1282,18,0,0,1.404100,0.000000,0.000000,,,
2023/2024,18-64 yrs,California,02/03/2024,5,2024,5481,84714,6.4699999999999998,Low,3253,37258,8.731000,Low,733,24450,2.998000,Low,,,,,,24193302.000000,762,,,3.1496320758530607,,,Low,,,1304,26,7,3,1.993900,0.536800,0.230100,,,
2024/2025,0-17 yrs,California,08/10/2024,32,2024,2607,19448,13.404999999999999,High,157,7860,1.997500,Very Low,31,5697,0.544100,Very Low,,,,,,8544834.000000,118,,,1.3809513444029455,,,Very Low,,,49,0,0,0,0.000000,0.000000,0.000000,9,44,8
2024/2025,18-64 yrs,California,01/25/2025,4,2025,1712,87304,1.9610000000000001,Very Low,18670,57868,32.263100,Very High,1178,33582,3.507800,Low,,,,,,24153482.000000,255,1512,143,1.0557484009965934,6.2599669894386247,0.59204714251965818,Very Low,High,Low,1399,8,47,4,0.571800,3.359500,0.285900,,,
2023/2024,0-17 yrs,California,07/08/2023,27,2023,580,16831,3.4460000000000002,Low,119,1697,7.012400,Low,15,1317,1.139000,Low,,,,,,,,,,,,,,,,68,1,0,0,1.470600,0.000000,0.000000,11,19,7
2023/2024,>64 yrs,California,10/28/2023,43,2023,2811,35353,7.9512,Low,380,12948,2.934800,Low,192,8137,2.359600,Low,,,,,,,,,,,,,,,,3945,76,4,1,1.926500,0.101400,0.025300,,,
2023/2024,0-17 yrs,California,11/11/2023,45,2023,1504,33466,4.4941000000000004,Low,2495,17952,13.898200,Moderate,3330,13977,23.824900,Very High,,,,,,,,,,,,,,,,60,1,0,0,1.666700,0.000000,0.000000,11,19,7
2024/2025,18-64 yrs,California,09/14/2024,37,2024,4532,65088,6.9629000000000003,Low,336,20316,1.653900,Very Low,86,11817,0.727800,Very Low,,,,,,24153482.000000,605,,,2.5048148337370155,,,Very Low,,,1159,11,0,0,0.949100,0.000000,0.000000,,,
2025/2026,18-64 yrs,California,10/18/2025,42,2025,954,35690,2.673,Very Low,323,24582,1.314000,Very Low,29,14286,0.203000,Very Low,171,13,,,,24136728.000000,177,30,3,0.73332226306730552,0.12429190899445856,0.012429190899445858,Very Low,Very Low,Very Low,1030,1,0,0,0.097100,0.000000,0.000000,,,
2023/2024,>64 yrs,California,09/09/2023,36,2023,5087,43474,11.7012,Moderate,93,10364,0.897300,Very Low,14,4817,0.290600,Very Low,,,,,,,,,,,,,,,,3990,119,2,0,2.982500,0.050100,0.000000,,,
2023/2024,18-64 yrs,California,12/16/2023,50,2023,8401,93040,9.0294000000000008,Moderate,8076,42896,18.826900,High,1254,25496,4.918400,Moderate,,,,,,,,,,,,,,,,1383,14,9,2,1.012300,0.650800,0.144600,,,
2023/2024,>64 yrs,California,04/27/2024,17,2024,895,28812,3.1063000000000001,Low,268,17883,1.498600,Very Low,55,13510,0.407100,Very Low,,,,,,6221657.000000,472,,,7.5864034291829334,,,Low,,,3978,27,2,4,0.678700,0.050300,0.100600,,,
2024/2025,18-64 yrs,California,12/21/2024,51,2024,1574,74800,2.1042999999999998,Very Low,13705,50976,26.885200,Very High,827,28586,2.893000,Low,,,,,,24153482.000000,229,1070,117,0.9481034659930192,4.430003094377863,0.48440220751608398,Very Low,Moderate,Very Low,1259,10,13,1,0.794300,1.032600,0.079400,,,
2024/2025,0-17 yrs,California,12/28/2024,52,2024,479,36977,1.2954000000000001,Very Low,12834,33934,37.820500,Very High,5386,24592,21.901400,Very High,,,,,,8544834.000000,35,346,402,0.40960421232290767,4.0492302132493156,4.7045969529659679,Very Low,Moderate,Very High,53,0,1,1,0.000000,1.886800,1.886800,9,44,8
2024/2025,18-64 yrs,California,03/08/2025,10,2025,1072,60487,1.7723,Very Low,4960,41801,11.865700,Moderate,669,26755,2.500500,Low,,,,,,24153482.000000,198,406,91,0.81975758195029613,1.6809170619788898,0.37675727251250979,Very Low,Low,Very Low,1228,2,18,0,0.162900,1.465800,0.000000,,,
2024/2025,0-17 yrs,California,06/14/2025,24,2025,419,14255,2.9392999999999998,Very Low,466,9882,4.715600,Low,66,6734,0.980100,Very Low,,,,,,8544834.000000,22,28,6,0.2574655048886848,0.32768336985832613,0.070217864969641317,Very Low,Very Low,Very Low,54,0,1,0,0.000000,1.851900,0.000000,9,44,8
2023/2024,All Ages,Los Angeles,07/08/2023,27,2023,1492,31765,4.6970000000000001,Low,110,3616,3.042000,Low,5,2631,0.190000,Very Low,,,,,,,,,,,,,,,,1157,8,0,0,0.691400,0.000000,0.000000,,,
2023/2024,All Ages,Greater Sierra-Sacramento,09/09/2023,36,2023,1382,8746,15.801500000000001,High,39,1595,2.445100,Low,5,772,0.647700,Very Low,,,,,,,,,,,,,,,,65,4,0,0,6.153800,0.000000,0.000000,,,
2023/2024,All Ages,Rural North,10/07/2023,40,2023,142,1332,10.6607,Moderate,2,668,0.299400,Very Low,0,404,0.000000,Very Low,,,,,,,,,,,,,,,,149,4,0,0,2.684600,0.000000,0.000000,,,
2023/2024,All Ages,Central California,11/25/2023,47,2023,1148,18202,6.3070000000000004,Low,1201,8692,13.817300,Moderate,533,6473,8.234200,High,,,,,,,,,,,,,,,,675,20,3,0,2.963000,0.444400,0.000000,,,
2024/2025,All Ages,Southern California,07/27/2024,30,2024,4329,28284,15.3055,High,159,14397,1.104400,Very Low,9,7283,0.123600,Very Low,,,,,,12840501.000000,662,,,5.1555620765887564,,,Low,,,1760,26,2,0,1.477300,0.113600,0.000000,,,
2024/2025,All Ages,Central California,10/12/2024,41,2024,385,11559,3.3307000000000002,Low,44,5975,0.736400,Very Low,16,4376,0.365600,Very Low,,,,,,4441622.000000,110,,,2.4765727475233148,,,Very Low,,,618,12,0,1,1.941700,0.000000,0.161800,,,
2024/2025,All Ages,Los Angeles,10/19/2024,42,2024,633,30080,2.1044,Very Low,184,12931,1.422900,Very Low,54,8228,0.656300,Very Low,,,,,,9784023.000000,206,,,2.1054733824726291,,,Very Low,,,1121,9,0,0,0.802900,0.000000,0.000000,,,
2024/2025,All Ages,Bay Area,09/21/2024,38,2024,1413,28871,4.8941999999999997,Low,166,8317,1.995900,Very Low,29,5888,0.492500,Very Low,,,,,,8391953.000000,453,,,5.3980283254684576,,,Low,,,1068,26,0,0,2.434500,0.000000,0.000000,,,
2024/2025,All Ages,Southern California,03/15/2025,11,2025,683,38068,1.7942,Very Low,2090,22441,9.313300,Moderate,640,11244,5.691900,Moderate,,,,,,12840501.000000,180,277,156,1.4018144619123505,2.1572366997206731,1.2149058669907038,Very Low,Low,Low,1798,7,16,5,0.389300,0.889900,0.278100,,,
2024/2025,All Ages,Los Angeles,03/29/2025,13,2025,705,45115,1.5627,Very Low,1627,24627,6.606600,Low,286,17120,1.670600,Low,,,,,,9784023.000000,233,131,49,2.3814334860005952,1.3389175393393904,0.5008164841803826,Very Low,Low,Low,1250,2,0,2,0.160000,0.000000,0.160000,,,
2024/2025,All Ages,Central California,04/05/2025,14,2025,214,10447,2.0484,Very Low,751,9630,7.798500,Low,190,6579,2.888000,Low,,,,,,4441622.000000,32,43,24,0.72045752655223705,0.96811480130456851,0.54034314491417768,Very Low,Very Low,Low,637,1,3,1,0.157000,0.471000,0.157000,,,
2025/2026,All Ages,Los Angeles,10/25/2025,43,2025,464,21827,2.1257999999999999,Very Low,243,14864,1.634800,Very Low,42,8714,0.482000,Very Low,97,15,,,,9748926.000000,160,29,5,1.6412064262258221,0.29746866475343031,0.051287700819556942,Very Low,Very Low,Very Low,1124,4,1,0,0.355900,0.089000,0.000000,,,
2023/2024,All Ages,Central California,11/04/2023,44,2023,771,16657,4.6287000000000003,Low,417,6209,6.716100,Low,134,4125,3.248500,Low,,,,,,,,,,,,,,,,681,7,0,1,1.027900,0.000000,0.146800,,,
2023/2024,All Ages,Southern California,12/02/2023,48,2023,3716,39434,9.4232999999999993,Moderate,2297,20659,11.118600,Moderate,1263,11466,11.015200,Very High,,,,,,,,,,,,,,,,1905,42,6,1,2.204700,0.315000,0.052500,,,
2023/2024,All Ages,Southern California,04/06/2024,14,2024,575,26057,2.2067000000000001,Very Low,588,14916,3.942100,Low,96,8440,1.137400,Low,,,,,,12802429.000000,149,,,1.1638416428632412,,,Very Low,,,1759,13,1,0,0.739100,0.056900,0.000000,,,
2023/2024,All Ages,Southern California,06/22/2024,25,2024,1848,24936,7.4109999999999996,Low,321,12309,2.607800,Low,16,6603,0.242300,Very Low,,,,,,12802429.000000,241,,,1.8824552746982623,,,Very Low,,,1734,20,1,0,1.153400,0.057700,0.000000,,,
2024/2025,All Ages,Central California,10/05/2024,40,2024,467,12211,3.8243999999999998,Low,57,5480,1.040100,Very Low,8,3827,0.209000,Very Low,,,,,,4441622.000000,206,,,4.6379453271800255,,,Low,,,613,7,0,0,1.141900,0.000000,0.000000,,,
2024/2025,All Ages,Bay Area,11/09/2024,45,2024,618,29873,2.0688,Very Low,588,17396,3.380100,Low,465,14250,3.263200,Low,,,,,,8391953.000000,174,37,36,2.073414853491196,0.44089856079985196,0.42898238348093704,Very Low,Very Low,Very Low,1019,8,1,1,0.785100,0.098100,0.098100,,,
2024/2025,All Ages,Bay Area,11/16/2024,46,2024,581,24950,2.3287,Very Low,891,18096,4.923700,Low,672,14947,4.495900,Moderate,,,,,,8391953.000000,175,71,55,2.0853310308101105,0.84604858964295915,0.6553897525403205,Very Low,Very Low,Low,1051,7,1,0,0.666000,0.095100,0.000000,,,
2024/2025,All Ages,Central California,12/07/2024,49,2024,315,12627,2.4946999999999999,Very Low,946,9711,9.741500,Moderate,332,6676,4.973000,Moderate,,,,,,4441622.000000,68,50,28,1.5309722439235036,1.1257148852378702,0.63040033573320742,Very Low,Low,Low,642,5,0,0,0.778800,0.000000,0.000000,,,
2024/2025,All Ages,Los Angeles,02/01/2025,5,2025,1299,50778,2.5581999999999998,Very Low,8854,34214,25.878300,Very High,907,21801,4.160400,Moderate,,,,,,9784023.000000,376,1020,144,3.8429999602413036,10.425159466612046,1.4717872188158185,Low,Very High,Low,1631,21,36,2,1.287600,2.207200,0.122600,,,
2025/2026,All Ages,Los Angeles,09/06/2025,36,2025,2422,29631,8.1738999999999997,Moderate,199,13984,1.423100,Very Low,18,7849,0.229300,Very Low,56,22,,,,9748926.000000,462,36,1,4.738983555727061,0.36927144590081001,0.010257540163911389,Low,Very Low,Very Low,1172,16,1,0,1.365200,0.085300,0.000000,,,
2023/2024,All Ages,Southern California,09/02/2023,35,2023,6000,37165,16.144200000000001,High,128,12999,0.984700,Very Low,58,6626,0.875300,Very Low,,,,,,,,,,,,,,,,1806,40,0,0,2.214800,0.000000,0.000000,,,
2023/2024,All Ages,Los Angeles,08/12/2023,32,2023,4043,34854,11.5998,Moderate,132,6325,2.087000,Low,11,1861,0.591100,Very Low,,,,,,,,,,,,,,,,1214,11,0,0,0.906100,0.000000,0.000000,,,
2023/2024,All Ages,Rural North,02/17/2024,7,2024,175,1764,9.9206000000000003,Moderate,198,1499,13.208800,Moderate,61,1006,6.063600,Moderate,,,,,,683715.000000,34,,,4.9728322473545266,,,Low,,,161,2,0,0,1.242200,0.000000,0.000000,,,
2023/2024,All Ages,Bay Area,03/23/2024,12,2024,1029,54553,1.8862000000000001,Very Low,1265,26997,4.685700,Low,161,23282,0.691500,Very Low,,,,,,8391874.000000,324,,,3.8608777967829351,,,Low,,,1123,12,4,1,1.068600,0.356200,0.089000,,,
2024/2025,All Ages,Southern California,08/31/2024,35,2024,4003,31229,12.818199999999999,Moderate,179,15293,1.170500,Very Low,16,8193,0.195300,Very Low,,,,,,12840501.000000,1042,,,8.1149481628481634,,,Low,,,1722,52,2,0,3.019700,0.116100,0.000000,,,
2024/2025,All Ages,Southern California,10/19/2024,42,2024,773,26927,2.8706999999999998,Very Low,197,13611,1.447400,Very Low,25,7021,0.356100,Very Low,,,,,,12840501.000000,269,,,2.094933834746791,,,Very Low,,,1692,14,1,0,0.827400,0.059100,0.000000,,,
2024/2025,All Ages,Los Angeles,12/21/2024,51,2024,935,44446,2.1036999999999999,Very Low,8917,30460,29.274500,Very High,1068,18033,5.922500,Moderate,,,,,,9784023.000000,310,791,151,3.1684308182840537,8.0846089589118915,1.5433324308415872,Low,High,Moderate,1393,1,12,3,0.071800,0.861500,0.215400,,,
2024/2025,All Ages,Greater Sierra-Sacramento,04/12/2025,15,2025,164,6548,2.5045999999999999,Very Low,502,7254,6.920300,Low,88,4651,1.892100,Low,,,,,,2981445.000000,33,35,14,1.1068458415298621,1.1739274076831872,0.46957096307327489,Very Low,Low,Very Low,53,0,0,0,0.000000,0.000000,0.000000,,,
2024/2025,All Ages,Los Angeles,04/12/2025,15,2025,592,42586,1.3900999999999999,Very Low,1002,22424,4.468400,Low,167,13706,1.218400,Low,,,,,,9784023.000000,270,115,28,2.7596010352796592,1.1753856261376328,0.28618084810307581,Very Low,Low,Very Low,1328,7,2,2,0.527100,0.150600,0.150600,,,
2024/2025,All Ages,Southern California,04/26/2025,17,2025,626,26901,2.3271000000000002,Very Low,667,17522,3.806600,Low,93,9191,1.011900,Low,,,,,,12840501.000000,145,89,28,1.1292394276516158,0.69311937283444003,0.21806002740858788,Very Low,Very Low,Very Low,1693,12,5,1,0.708800,0.295300,0.059100,,,
2025/2026,All Ages,Bay Area,07/05/2025,27,2025,1019,18730,5.4405000000000001,Low,169,7312,2.311300,Low,13,5737,0.226600,Very Low,85,51,,,,8398557.000000,204,11,2,2.4289886941292416,0.13097488056579243,0.023813614648325897,Very Low,Very Low,Very Low,1055,10,0,0,0.947900,0.000000,0.000000,,,
2025/2026,All Ages,Central California,07/26/2025,30,2025,593,6347,9.343,Moderate,38,3175,1.196900,Very Low,3,1980,0.151500,Very Low,11,9,,,,4454294.000000,49,6,3,1.100062097382885,0.13470148131218998,0.06735074065609499,Very Low,Very Low,Very Low,564,3,0,0,0.531900,0.000000,0.000000,,,
2025/2026,All Ages,Los Angeles,11/15/2025,46,2025,240,16771,1.431,Very Low,318,12563,2.531200,Low,76,8844,0.859300,Very Low,184,13,,,,9748926.000000,133,43,10,1.3642528418002147,0.44107422704818977,0.10257540163911388,Very Low,Very Low,Very Low,126,0,0,0,0.000000,0.000000,0.000000,,,
2023/2024,All Ages,Rural North,08/26/2023,34,2023,223,1196,18.645499999999998,Very High,0,393,0.000000,Very Low,0,174,0.000000,Very Low,,,,,,,,,,,,,,,,128,1,0,0,0.781300,0.000000,0.000000,,,
2023/2024,All Ages,Rural North,09/23/2023,38,2023,189,1451,13.025499999999999,High,5,617,0.810400,Very Low,2,382,0.523600,Very Low,,,,,,,,,,,,,,,,154,5,0,0,3.246800,0.000000,0.000000,,,
2023/2024,All Ages,Bay Area,12/02/2023,48,2023,3804,47588,7.9935999999999998,Low,4409,25021,17.621200,High,2368,21358,11.087200,Very High,,,,,,,,,,,,,,,,1182,28,5,2,2.368900,0.423000,0.169200,,,
2023/2024,All Ages,Greater Sierra-Sacramento,01/27/2024,4,2024,922,11183,8.2446999999999999,Moderate,828,7216,11.474500,Moderate,448,5210,8.598800,High,,,,,,2973210.000000,243,,,8.1729847538518978,,,Low,,,40,0,1,0,0.000000,2.500000,0.000000,,,
2023/2024,All Ages,Greater Sierra-Sacramento,04/27/2024,17,2024,252,7753,3.2504,Low,200,5849,3.419400,Low,21,4285,0.490100,Very Low,,,,,,2973210.000000,95,,,3.1951998008886013,,,Low,,,56,0,0,0,0.000000,0.000000,0.000000,,,
2024/2025,All Ages,Greater Sierra-Sacramento,11/23/2024,47,2024,260,6908,3.7637999999999998,Low,376,6356,5.915700,Low,117,4555,2.568600,Low,,,,,,2981445.000000,81,40,17,2.7168034292096617,1.3416313230664996,0.57019331230326231,Very Low,Low,Low,67,0,0,0,0.000000,0.000000,0.000000,,,
2024/2025,All Ages,Greater Sierra-Sacramento,01/11/2025,2,2025,249,10777,2.3105000000000002,Very Low,2175,10680,20.365200,High,839,7844,10.696100,Very High,,,,,,2981445.000000,89,221,86,2.9851296938229614,7.4125130599424107,2.8845073445929743,Very Low,High,High,58,1,0,0,1.724100,0.000000,0.000000,,,
2024/2025,All Ages,Greater Sierra-Sacramento,02/01/2025,5,2025,281,12584,2.2330000000000001,Very Low,5329,14456,36.863600,Very High,790,9720,8.127600,High,,,,,,2981445.000000,70,434,88,2.3478548153663743,14.556699855271519,2.9515889107462994,Very Low,Very High,High,52,0,1,0,0.000000,1.923100,0.000000,,,
2024/2025,All Ages,Central California,02/08/2025,6,2025,384,17749,2.1635,Very Low,6402,18517,34.573600,Very High,1194,13924,8.575100,High,,,,,,4441622.000000,45,431,84,1.0131433967140833,9.7036623107504418,1.8912010071996219,Very Low,Very High,Moderate,735,5,16,3,0.680300,2.176900,0.408200,,,
2024/2025,All Ages,Greater Sierra-Sacramento,11/16/2024,46,2024,223,6728,3.3144999999999998,Low,230,6076,3.785400,Low,65,4255,1.527600,Low,,,,,,2981445.000000,54,24,10,1.8112022861397743,0.80497879383989979,0.33540783076662489,Very Low,Very Low,Very Low,58,0,0,0,0.000000,0.000000,0.000000,,,
2024/2025,All Ages,Bay Area,06/21/2025,25,2025,867,18548,4.6744000000000003,Low,278,8493,3.273300,Low,18,6542,0.275100,Very Low,,,,,,8391953.000000,180,24,4,2.1449119174046851,0.28598825565395802,0.047664709275659675,Very Low,Very Low,Very Low,1056,13,0,0,1.231100,0.000000,0.000000,,,
2025/2026,All Ages,Greater Sierra-Sacramento,08/16/2025,33,2025,602,4348,13.8454,High,18,1828,0.984700,Very Low,8,893,0.895900,Very Low,19,0,,,,2992125.000000,97,4,0,3.241843171658938,0.13368425450139951,0,Low,Very Low,Very Low,64,1,0,0,1.562500,0.000000,0.000000,,,
2025/2026,All Ages,Bay Area,10/18/2025,42,2025,429,18116,2.3681000000000001,Very Low,200,13701,1.459700,Very Low,95,11026,0.861600,Very Low,135,4,,,,8398557.000000,114,19,11,1.3573760349545763,0.22622933915909602,0.13097488056579243,Very Low,Very Low,Very Low,975,5,0,2,0.512800,0.000000,0.205100,,,
2023/2024,All Ages,Bay Area,07/08/2023,27,2023,1799,40890,4.3996000000000004,Low,80,1650,4.848500,Low,8,1602,0.499400,Very Low,,,,,,,,,,,,,,,,1068,22,1,0,2.059900,0.093600,0.000000,,,
2023/2024,All Ages,Rural North,09/09/2023,36,2023,225,1377,16.3399,High,2,609,0.328400,Very Low,1,282,0.354600,Very Low,,,,,,,,,,,,,,,,157,5,1,0,3.184700,0.636900,0.000000,,,
2023/2024,All Ages,Greater Sierra-Sacramento,03/02/2024,9,2024,530,9497,5.5807000000000002,Low,458,7537,6.076700,Low,199,5721,3.478400,Low,,,,,,2973210.000000,197,,,6.6258353765795226,,,Low,,,60,0,0,0,0.000000,0.000000,0.000000,,,
2023/2024,All Ages,Southern California,05/25/2024,21,2024,838,23921,3.5032000000000001,Low,350,12587,2.780600,Low,19,7142,0.266000,Very Low,,,,,,12802429.000000,126,,,0.98418823490448559,,,Very Low,,,1698,9,3,0,0.530000,0.176700,0.000000,,,
2024/2025,All Ages,Bay Area,09/14/2024,37,2024,1964,29230,6.7191000000000001,Low,174,8254,2.108100,Low,31,5921,0.523600,Very Low,,,,,,8391953.000000,550,,,6.5538975254032037,,,Low,,,983,18,1,0,1.831100,0.101700,0.000000,,,
2024/2025,All Ages,Central California,03/29/2025,13,2025,233,12077,1.9293,Very Low,1058,10582,9.998100,Moderate,274,7537,3.635400,Low,,,,,,4441622.000000,37,57,24,0.833029015076024,1.283314969171172,0.54034314491417768,Very Low,Low,Low,673,2,0,1,0.297200,0.000000,0.148600,,,
2023/2024,All Ages,Los Angeles,07/22/2023,29,2023,2003,32475,6.1677999999999997,Low,126,2900,4.344800,Low,4,2180,0.183500,Very Low,,,,,,,,,,,,,,,,1266,10,0,0,0.789900,0.000000,0.000000,,,
2023/2024,All Ages,Los Angeles,07/29/2023,30,2023,2621,32048,8.1783999999999999,Moderate,102,4143,2.462000,Low,3,1808,0.165900,Very Low,,,,,,,,,,,,,,,,1224,14,0,0,1.143800,0.000000,0.000000,,,
2023/2024,All Ages,Los Angeles,11/25/2023,47,2023,2411,33507,7.1955,Low,1714,15034,11.400800,Moderate,718,7494,9.581000,High,,,,,,,,,,,,,,,,1340,31,5,2,2.313400,0.373100,0.149300,,,
2023/2024,All Ages,Rural North,12/30/2023,52,2023,246,1918,12.825900000000001,Moderate,291,1696,17.158000,High,188,1147,16.390600,Very High,,,,,,,,,,,,,,,,165,6,0,1,3.636400,0.000000,0.606100,,,
2023/2024,All Ages,Los Angeles,11/04/2023,44,2023,1998,36020,5.5468999999999999,Low,499,12836,3.887500,Low,350,6698,5.225400,Moderate,,,,,,,,,,,,,,,,1289,18,1,0,1.396400,0.077600,0.000000,,,
2023/2024,All Ages,Bay Area,03/09/2024,10,2024,1300,54350,2.3919000000000001,Very Low,1340,26517,5.053400,Low,251,22889,1.096600,Low,,,,,,8391874.000000,357,,,4.2541153501589752,,,Low,,,1115,14,2,2,1.255600,0.179400,0.179400,,,
2023/2024,All Ages,Rural North,03/09/2024,10,2024,107,1700,6.2941000000000003,Low,113,1527,7.400100,Low,44,1081,4.070300,Moderate,,,,,,683715.000000,26,,,3.8027540715064028,,,Low,,,158,0,0,1,0.000000,0.000000,0.632900,,,
2023/2024,All Ages,Bay Area,06/22/2024,25,2024,3642,47238,7.7099000000000002,Low,437,16310,2.679300,Low,29,13547,0.214100,Very Low,,,,,,8391874.000000,479,,,5.7079026687006982,,,Low,,,1056,21,4,0,1.988600,0.378800,0.000000,,,
2024/2025,All Ages,Central California,07/06/2024,27,2024,1207,10879,11.094799999999999,Moderate,108,4704,2.295900,Low,2,3183,0.062800,Very Low,,,,,,4441622.000000,198,,,4.457830945541966,,,Low,,,675,6,0,0,0.888900,0.000000,0.000000,,,
2024/2025,All Ages,Southern California,08/24/2024,34,2024,4680,31137,15.0303,High,171,15392,1.111000,Very Low,17,7976,0.213100,Very Low,,,,,,12840501.000000,1134,,,8.8314311100478076,,,Low,,,1729,46,1,0,2.660500,0.057800,0.000000,,,
2024/2025,All Ages,Greater Sierra-Sacramento,08/31/2024,35,2024,1317,8030,16.401,High,37,3584,1.032400,Very Low,3,2196,0.136600,Very Low,,,,,,2981445.000000,272,,,9.123092996852197,,,Low,,,60,2,0,0,3.333300,0.000000,0.000000,,,
2024/2025,All Ages,Rural North,02/22/2025,8,2025,21,1658,1.2665999999999999,Very Low,611,2696,22.663200,Very High,143,1345,10.632000,Very High,,,,,,680190.000000,9,65,13,1.3231597053764388,9.5561534277187263,1.9112306855437451,Very Low,Very High,Moderate,182,3,11,0,1.648400,6.044000,0.000000,,,
2024/2025,All Ages,Southern California,02/22/2025,8,2025,761,32575,2.3361000000000001,Very Low,3648,26310,13.865500,Moderate,1120,12975,8.632000,High,,,,,,12840501.000000,243,496,254,1.8924495235816734,3.8627776283806994,1.9781159629207614,Very Low,Low,Moderate,1984,15,34,4,0.756000,1.713700,0.201600,,,
2024/2025,All Ages,Southern California,03/08/2025,10,2025,593,28587,2.0743999999999998,Very Low,2215,21781,10.169400,Moderate,754,11400,6.614000,Moderate,,,,,,12840501.000000,178,337,190,1.3862387456688801,2.6245081870247895,1.4796930431297035,Very Low,Low,Low,1901,16,13,5,0.841700,0.683900,0.263000,,,
2024/2025,All Ages,Southern California,10/05/2024,40,2024,1215,25924,4.6867999999999999,Low,175,14033,1.247100,Very Low,22,7133,0.308400,Very Low,,,,,,12840501.000000,498,,,3.8783533446241698,,,Low,,,1733,29,1,0,1.673400,0.057700,0.000000,,,
2024/2025,All Ages,Southern California,10/12/2024,41,2024,850,26978,3.1507000000000001,Low,165,13698,1.204600,Very Low,20,7273,0.275000,Very Low,,,,,,12840501.000000,318,,,2.4765388827118193,,,Very Low,,,1703,18,1,0,1.057000,0.058700,0.000000,,,
2025/2026,All Ages,Bay Area,07/19/2025,29,2025,1417,18243,7.7674000000000003,Low,111,7173,1.547500,Very Low,14,5522,0.253500,Very Low,52,24,,,,8398557.000000,193,7,1,2.2980138135634487,0.083347651269140635,0.011906807324162948,Very Low,Very Low,Very Low,998,4,0,0,0.400800,0.000000,0.000000,,,
2025/2026,All Ages,Los Angeles,08/09/2025,32,2025,1629,26905,6.0545999999999998,Low,135,11683,1.155500,Very Low,18,6993,0.257400,Very Low,47,25,,,,9748926.000000,286,23,2,2.933656486878657,0.23592342376996195,0.020515080327822777,Very Low,Very Low,Very Low,1176,10,0,1,0.850300,0.000000,0.085000,,,
2025/2026,All Ages,Los Angeles,08/30/2025,35,2025,2419,30513,7.9278000000000004,Low,223,13822,1.613400,Very Low,18,7723,0.233100,Very Low,69,24,,,,9748926.000000,473,34,3,4.8518164975300868,0.34875636557298723,0.030772620491734168,Low,Very Low,Very Low,1184,13,1,0,1.098000,0.084500,0.000000,,,
2025/2026,All Ages,Rural North,10/25/2025,43,2025,21,704,2.9830000000000001,Very Low,19,988,1.923100,Very Low,0,541,0.000000,Very Low,10,0,,,,677064.000000,3,1,0,0.44308957498847967,0.14769652499615987,0,Very Low,Very Low,Very Low,134,2,0,0,1.492500,0.000000,0.000000,,,
2025/2026,All Ages,Los Angeles,07/26/2025,30,2025,1059,29599,3.5777999999999999,Low,110,10886,1.010500,Very Low,14,6612,0.211700,Very Low,44,13,,,,9748926.000000,203,16,3,2.0822806532740117,0.16412064262258222,0.030772620491734168,Very Low,Very Low,Very Low,1157,6,0,0,0.518600,0.000000,0.000000,,,
2023/2024,All Ages,Greater Sierra-Sacramento,08/05/2023,31,2023,722,6658,10.844099999999999,Moderate,26,988,2.631600,Low,0,386,0.000000,Very Low,,,,,,,,,,,,,,,,43,1,0,0,2.325600,0.000000,0.000000,,,
2023/2024,All Ages,Rural North,09/02/2023,35,2023,299,1478,20.23,Very High,3,452,0.663700,Very Low,0,242,0.000000,Very Low,,,,,,,,,,,,,,,,138,4,0,0,2.898600,0.000000,0.000000,,,
2023/2024,All Ages,Los Angeles,10/14/2023,41,2023,2081,38938,5.3444000000000003,Low,155,11014,1.407300,Very Low,121,5517,2.193200,Low,,,,,,,,,,,,,,,,1290,23,0,0,1.782900,0.000000,0.000000,,,
2023/2024,All Ages,Southern California,10/28/2023,43,2023,2197,32490,6.7621000000000002,Low,371,13097,2.832700,Low,327,7513,4.352500,Moderate,,,,,,,,,,,,,,,,1705,29,1,1,1.700900,0.058700,0.058700,,,
2023/2024,All Ages,Greater Sierra-Sacramento,12/02/2023,48,2023,949,10514,9.0260999999999996,Moderate,1114,7291,15.279100,High,515,4966,10.370500,Very High,,,,,,,,,,,,,,,,48,3,0,0,6.250000,0.000000,0.000000,,,
2023/2024,All Ages,Southern California,03/09/2024,10,2024,993,30822,3.2216999999999998,Low,762,16298,4.675400,Low,260,9116,2.852100,Low,,,,,,12802429.000000,333,,,2.6010689065332837,,,Very Low,,,1780,22,3,1,1.236000,0.168500,0.056200,,,
2023/2024,All Ages,Central California,01/27/2024,4,2024,1457,19588,7.4382000000000001,Low,925,9753,9.484300,Moderate,728,7731,9.416600,High,,,,,,4432134.000000,270,,,6.0918735760245513,,,Low,,,708,14,7,6,1.977400,0.988700,0.847500,,,
2023/2024,All Ages,Southern California,04/20/2024,16,2024,568,26516,2.1421000000000001,Very Low,580,14162,4.095500,Low,46,8169,0.563100,Very Low,,,,,,12802429.000000,154,,,1.202896731549927,,,Very Low,,,1764,11,2,0,0.623600,0.113400,0.000000,,,
2024/2025,All Ages,Bay Area,08/31/2024,35,2024,2749,35481,7.7477999999999998,Low,212,8544,2.481300,Low,21,6032,0.348100,Very Low,,,,,,8391953.000000,637,,,7.5906049521488024,,,Low,,,1057,30,0,0,2.838200,0.000000,0.000000,,,
2024/2025,All Ages,Greater Sierra-Sacramento,07/27/2024,30,2024,1263,6996,18.0532,Very High,32,3127,1.023300,Very Low,2,1890,0.105800,Very Low,,,,,,2981445.000000,257,,,8.61998125070226,,,Low,,,48,0,0,0,0.000000,0.000000,0.000000,,,
2024/2025,All Ages,Southern California,12/07/2024,49,2024,772,35561,2.1709000000000001,Very Low,3136,21343,14.693300,Moderate,516,11103,4.647400,Moderate,,,,,,12840501.000000,230,427,112,1.7912073679991145,3.325415417980965,0.8722401096343515,Very Low,Low,Low,1858,16,7,0,0.861100,0.376700,0.000000,,,
2024/2025,All Ages,Rural North,04/26/2025,17,2025,16,789,2.0278999999999998,Very Low,32,1186,2.698100,Low,14,712,1.966300,Low,,,,,,680190.000000,2,8,0,0.29403549008365309,1.1761419603346124,0,Very Low,Low,Very Low,146,0,0,0,0.000000,0.000000,0.000000,,,
2025/2026,All Ages,Rural North,07/26/2025,30,2025,83,586,14.1638,High,9,487,1.848000,Very Low,2,318,0.628900,Very Low,5,5,,,,677064.000000,5,0,0,0.73848262498079942,0,0,Very Low,Very Low,Very Low,137,1,0,0,0.729900,0.000000,0.000000,,,
2025/2026,All Ages,Greater Sierra-Sacramento,10/25/2025,43,2025,215,5524,3.8921000000000001,Low,66,5424,1.216800,Very Low,13,3547,0.366500,Very Low,53,1,,,,2992125.000000,46,5,4,1.5373689267660942,0.16710531812674939,0.13368425450139951,Very Low,Very Low,Very Low,51,0,0,0,0.000000,0.000000,0.000000,,,
2023/2024,All Ages,Greater Sierra-Sacramento,07/29/2023,30,2023,588,6972,8.4337,Moderate,16,742,2.156300,Low,0,312,0.000000,Very Low,,,,,,,,,,,,,,,,68,0,0,0,0.000000,0.000000,0.000000,,,
2023/2024,All Ages,Bay Area,09/23/2023,38,2023,3023,48207,6.2709000000000001,Low,149,8181,1.821300,Very Low,168,4068,4.129800,Moderate,,,,,,,,,,,,,,,,1018,30,0,0,2.947000,0.000000,0.000000,,,
2023/2024,All Ages,Rural North,09/30/2023,39,2023,167,1378,12.119,Moderate,5,656,0.762200,Very Low,2,380,0.526300,Very Low,,,,,,,,,,,,,,,,147,9,0,0,6.122400,0.000000,0.000000,,,
2023/2024,All Ages,Greater Sierra-Sacramento,10/21/2023,42,2023,1049,8626,12.1609,Moderate,471,2861,16.462800,High,224,1599,14.008800,Very High,,,,,,,,,,,,,,,,52,5,0,0,9.615400,0.000000,0.000000,,,
2023/2024,All Ages,Southern California,01/13/2024,2,2024,4406,40347,10.920299999999999,Moderate,3261,23778,13.714400,Moderate,1109,13180,8.414300,High,,,,,,12802429.000000,1082,,,8.4515211917988378,,,Low,,,2056,62,19,5,3.015600,0.924100,0.243200,,,
2023/2024,All Ages,Los Angeles,02/03/2024,5,2024,2580,39596,6.5157999999999996,Low,1552,17571,8.832700,Low,468,9644,4.852800,Moderate,,,,,,9825708.000000,655,,,6.6661862941581411,,,Low,,,1344,33,5,5,2.455400,0.372000,0.372000,,,
2023/2024,All Ages,Greater Sierra-Sacramento,03/30/2024,13,2024,255,8259,3.0874999999999999,Low,306,6347,4.821200,Low,46,4724,0.973800,Very Low,,,,,,2973210.000000,118,,,3.9687744895247894,,,Low,,,61,0,0,0,0.000000,0.000000,0.000000,,,
2023/2024,All Ages,Los Angeles,04/06/2024,14,2024,485,30204,1.6056999999999999,Very Low,503,14208,3.540300,Low,104,8769,1.186000,Low,,,,,,9825708.000000,153,,,1.5571396992461,,,Very Low,,,1273,7,1,1,0.549900,0.078600,0.078600,,,
2023/2024,All Ages,Rural North,05/25/2024,21,2024,71,998,7.1142000000000003,Low,24,769,3.120900,Low,5,469,1.066100,Low,,,,,,683715.000000,4,,,0.58503908792406201,,,Very Low,,,144,2,0,1,1.388900,0.000000,0.694400,,,
2023/2024,All Ages,Rural North,06/29/2024,26,2024,120,1063,11.2888,Moderate,7,694,1.008600,Very Low,2,468,0.427400,Very Low,,,,,,683715.000000,7,,,1.0238184038671083,,,Very Low,,,133,2,0,0,1.503800,0.000000,0.000000,,,
2024/2025,All Ages,Central California,11/09/2024,45,2024,307,12134,2.5301,Very Low,187,7575,2.468600,Low,75,5388,1.392000,Low,,,,,,4441622.000000,47,9,9,1.0581719921235981,0.20262867934281664,0.20262867934281664,Very Low,Very Low,Very Low,650,3,1,0,0.461500,0.153800,0.000000,,,
2024/2025,All Ages,Central California,11/23/2024,47,2024,284,10874,2.6116999999999999,Very Low,473,8541,5.538000,Low,163,6047,2.695600,Low,,,,,,4441622.000000,43,30,25,0.96811480130456851,0.67542893114272218,0.56285744261893511,Very Low,Very Low,Low,669,6,0,2,0.896900,0.000000,0.299000,,,
2024/2025,All Ages,Bay Area,02/08/2025,6,2025,1075,45086,2.3843000000000001,Very Low,14151,39401,35.915300,Very High,1639,32358,5.065200,Moderate,,,,,,8391953.000000,162,900,165,1.9304207256642167,10.724559587023426,1.9661692576209615,Very Low,Very High,Moderate,1276,11,38,2,0.862100,2.978100,0.156700,,,
2024/2025,All Ages,Los Angeles,02/15/2025,7,2025,890,41779,2.1303000000000001,Very Low,4197,32114,13.069100,Moderate,793,20932,3.788500,Low,,,,,,9784023.000000,346,498,105,3.5363776229880082,5.0899307984047057,1.0731781803865341,Low,Moderate,Low,1364,9,20,6,0.659800,1.466300,0.439900,,,
2024/2025,All Ages,Greater Sierra-Sacramento,04/05/2025,14,2025,164,6836,2.3990999999999998,Very Low,585,7496,7.804200,Low,103,4934,2.087600,Low,,,,,,2981445.000000,33,57,19,1.1068458415298621,1.9118246353697619,0.63727487845658726,Very Low,Low,Low,67,0,0,0,0.000000,0.000000,0.000000,,,
2024/2025,All Ages,Southern California,06/21/2025,25,2025,672,20975,3.2038000000000002,Low,214,13561,1.578100,Very Low,13,7414,0.175300,Very Low,,,,,,12840501.000000,142,50,0,1.1058758532864099,0.38939290608676402,0,Very Low,Very Low,Very Low,1742,6,1,0,0.344400,0.057400,0.000000,,,
2025/2026,All Ages,Southern California,08/09/2025,32,2025,1627,22247,7.3132999999999999,Low,155,15054,1.029600,Very Low,16,8550,0.187100,Very Low,81,16,,,,12884704.000000,292,21,4,2.2662530703072417,0.16298395368647972,0.031044562606948517,Very Low,Very Low,Very Low,1679,9,0,0,0.536000,0.000000,0.000000,,,
2025/2026,All Ages,Southern California,08/23/2025,34,2025,2623,28887,9.0801999999999996,Moderate,144,17352,0.829900,Very Low,17,10011,0.169800,Very Low,54,12,,,,12884704.000000,450,35,3,3.4925132932817085,0.27163992281079957,0.023283421955211391,Low,Very Low,Very Low,1619,11,1,0,0.679400,0.061800,0.000000,,,
2024/2025,All Ages,California,09/07/2024,36,2024,12066,119302,10.113799999999999,Moderate,1063,47758,2.225800,Low,208,29344,0.708800,Very Low,,,2.1000000000000001,0.10000000000000001,0,39119734.000000,2525,,,6.4545428657567046,,,Low,,,5333,131,4,0,2.456400,0.075000,0.000000,,,
2023/2024,All Ages,California,08/05/2023,31,2023,11508,123169,9.3432999999999993,Moderate,402,20007,2.009300,Low,47,9138,0.514300,Very Low,,,1.7,0.10000000000000001,0,,,,,,,,,,,5196,76,3,1,1.462700,0.057700,0.019200,,,
2024/2025,All Ages,California,11/23/2024,47,2024,2382,111319,2.1398000000000001,Very Low,5333,72258,7.380500,Low,1774,48058,3.691400,Low,,,0.5,0.69999999999999996,0.20000000000000001,39119734.000000,689,526,214,1.7612594196064828,1.3445899197576343,0.54703848446413261,Very Low,Low,Low,5777,48,14,4,0.830900,0.242300,0.069200,,,
2024/2025,All Ages,California,12/07/2024,49,2024,2576,124111,2.0756000000000001,Very Low,10328,84196,12.266600,Moderate,3056,55827,5.474100,Moderate,,,0.5,1.2,0.40000000000000002,39119734.000000,781,1127,429,1.9964348428340539,2.8808989345377451,1.096633223528565,Very Low,Low,Low,5670,51,16,2,0.899500,0.282200,0.035300,,,
2024/2025,All Ages,California,05/03/2025,18,2025,2212,99277,2.2281,Very Low,2740,62506,4.383600,Low,317,42821,0.740300,Very Low,,,0.40000000000000002,0.59999999999999998,0,39119734.000000,484,243,68,1.2372272265450477,0.62116986787282347,0.17382531282037858,Very Low,Very Low,Very Low,5383,26,7,2,0.483000,0.130000,0.037200,,,
2025/2026,All Ages,California,08/09/2025,32,2025,7029,79911,8.7959999999999994,Moderate,530,39442,1.343700,Very Low,63,24121,0.261200,Very Low,273,61,1.6000000000000001,0.10000000000000001,0,39155670.000000,1068,66,10,2.7275743206539436,0.16855796363591785,0.025539085399381496,Very Low,Very Low,Very Low,5205,34,1,1,0.653200,0.019200,0.019200,,,
2023/2024,All Ages,California,01/13/2024,2,2024,16480,171981,9.5824999999999996,Moderate,11803,89256,13.223800,Moderate,4887,59606,8.198800,High,,,2.2999999999999998,2.3999999999999999,0.90000000000000002,39109070.000000,3486,,,8.913533356840242,,,Low,,,6325,198,71,28,3.130400,1.122500,0.442700,,,
2025/2026,All Ages,California,10/25/2025,43,2025,1907,77133,2.4723999999999999,Very Low,827,61187,1.351600,Very Low,290,39983,0.725300,Very Low,440,56,0.40000000000000002,0.10000000000000001,0,39155670.000000,510,102,22,1.3024933553684561,0.26049867107369129,0.056185987878639293,Very Low,Very Low,Very Low,5002,30,4,2,0.599800,0.080000,0.040000,,,
2023/2024,All Ages,California,11/18/2023,46,2023,10776,152987,7.0437000000000003,Low,8013,69984,11.449800,Moderate,5324,46061,11.558600,Very High,,,1.6000000000000001,0.80000000000000004,0.59999999999999998,,,,,,,,,,,5649,102,5,6,1.805600,0.088500,0.106200,,,
2025/2026,All Ages,California,11/15/2025,46,2025,905,65403,1.3836999999999999,Very Low,1067,52572,2.029600,Low,502,39681,1.265100,Low,740,66,0.20000000000000001,0.29999999999999999,0.10000000000000001,39155670.000000,286,143,69,0.73041784242231078,0.36520892121115539,0.17621968925573231,Very Low,Very Low,Very Low,819,1,0,0,0.122100,0.000000,0.000000,,,
2023/2024,All Ages,California,06/15/2024,24,2024,7032,120257,5.8475000000000001,Low,1465,48005,3.051800,Low,81,32585,0.248600,Very Low,,,1.3,0.29999999999999999,0,39109070.000000,1058,,,2.7052548168493908,,,Very Low,,,5278,39,4,2,0.738900,0.075800,0.037900,,,
2023/2024,All Ages,California,10/07/2023,40,2023,9122,141866,6.4299999999999997,Low,739,40633,1.818700,Very Low,569,21566,2.638400,Low,,,1.3999999999999999,0.10000000000000001,0.10000000000000001,,,,,,,,,,,5408,117,1,0,2.163500,0.018500,0.000000,,,
2023/2024,All Ages,California,06/29/2024,26,2024,9695,119064,8.1426999999999996,Moderate,1285,48258,2.662800,Low,66,32726,0.201700,Very Low,,,2.2000000000000002,0.29999999999999999,0,39109070.000000,1488,,,3.8047440146237177,,,Low,,,5420,57,4,0,1.051700,0.073800,0.000000,,,
2025/2026,All Ages,California,08/02/2025,31,2025,5545,79463,6.9781000000000004,Low,470,37342,1.258600,Very Low,46,23326,0.197200,Very Low,221,65,1.3,0.10000000000000001,0,39155670.000000,946,71,10,2.4159974787814895,0.1813275063356086,0.025539085399381496,Very Low,Very Low,Very Low,5021,31,3,0,0.617400,0.059700,0.000000,,,
2024/2025,18-64 yrs,Central California,03/29/2025,13,2025,96,5645,1.7006200177147917,Very Low,423,4587,9.221700,Moderate,64,3106,2.060500,Low,,,,,,2636654.000000,16,25,9,0.60682971675464437,0.94817143242913182,0.3413417156744874,Very Low,Very Low,Very Low,161,0,0,0,0.000000,0.000000,0.000000,,,
2024/2025,>64 yrs,Los Angeles,03/29/2025,13,2025,257,14870,1.7283120376597176,Very Low,137,7306,1.875200,Very Low,50,5483,0.911900,Very Low,,,,,,1608433.000000,161,58,14,10.00974240145533,3.6059941570460192,0.87041238273524602,Low,Low,Low,970,2,0,2,0.206186,0.000000,0.206186,,,
2024/2025,18-64 yrs,Central California,04/05/2025,14,2025,111,4969,2.2338498691889717,Very Low,293,4123,7.106500,Low,48,2622,1.830700,Low,,,,,,2636654.000000,9,23,7,0.3413417156744874,0.87231771783480117,0.26548800108015685,Very Low,Very Low,Very Low,149,1,1,0,0.671141,0.671141,0.000000,,,
2024/2025,18-64 yrs,Greater Sierra-Sacramento,04/05/2025,14,2025,87,3180,2.7358490566037736,Very Low,250,3215,7.776000,Low,23,1905,1.207300,Low,,,,,,1793656.000000,6,20,3,0.33451230336251769,1.1150410112083922,0.16725615168125885,Very Low,Low,Very Low,16,0,0,0,0.000000,0.000000,0.000000,,,
2024/2025,18-64 yrs,Rural North,04/05/2025,14,2025,9,484,1.859504132231405,Very Low,31,629,4.928500,Low,11,311,3.537000,Low,,,,,,384002.000000,0,4,0,0,1.0416612413477013,0,Very Low,Low,Very Low,28,0,0,0,0.000000,0.000000,0.000000,,,
2024/2025,18-64 yrs,Southern California,04/05/2025,14,2025,378,19126,1.976367248771306,Very Low,501,9639,5.197600,Low,53,5377,0.985700,Very Low,,,,,,7875686.000000,44,51,18,0.5586814913646887,0.64756263771816192,0.22855151919464539,Very Low,Very Low,Very Low,373,2,2,1,0.536193,0.536193,0.268097,,,
2024/2025,>64 yrs,Bay Area,04/12/2025,15,2025,200,6571,3.0436767615279257,Low,125,5417,2.307600,Low,45,4919,0.914800,Very Low,,,,,,1498910.000000,87,33,18,5.8042177315515939,2.2015998292092251,1.2008726341141229,Low,Low,Low,895,5,1,0,0.558659,0.111732,0.000000,,,
2024/2025,>64 yrs,Central California,04/12/2025,15,2025,85,2533,3.3557046979865772,Low,52,2187,2.377700,Low,31,1617,1.917100,Low,,,,,,580446.000000,32,24,7,5.5130020708214031,4.1347515531160521,1.2059692029921818,Low,Moderate,Low,520,3,1,0,0.576923,0.192308,0.000000,,,
2024/2025,>64 yrs,Greater Sierra-Sacramento,04/12/2025,15,2025,61,1453,4.1982105987611842,Low,44,1929,2.281000,Low,15,1269,1.182000,Low,,,,,,525440.000000,21,14,5,3.9966504263093787,2.664433617539586,0.95158343483556629,Low,Low,Low,40,0,0,0,0.000000,0.000000,0.000000,,,
2024/2025,0-17 yrs,Rural North,04/12/2025,15,2025,2,340,0.58823529411764708,Very Low,43,507,8.481300,Low,15,345,4.347800,Moderate,,,,,,147863.000000,0,0,1,0,0,0.67630171171963227,Very Low,Very Low,Low,1,0,0,0,0.000000,0.000000,0.000000,,,
2024/2025,18-64 yrs,Los Angeles,04/19/2025,16,2025,344,20189,1.7038981623656448,Very Low,381,10379,3.670900,Low,26,5963,0.436000,Very Low,,,,,,6240953.000000,70,42,5,1.1216235725537429,0.67297414353224572,0.080115969468124493,Very Low,Very Low,Very Low,285,0,1,0,0.000000,0.350877,0.000000,,,
2024/2025,18-64 yrs,Rural North,04/19/2025,16,2025,11,384,2.864583333333333,Very Low,21,523,4.015300,Low,7,260,2.692300,Low,,,,,,384002.000000,1,4,1,0.26041531033692533,1.0416612413477013,0.26041531033692533,Very Low,Low,Very Low,26,0,0,0,0.000000,0.000000,0.000000,,,
2024/2025,>64 yrs,Rural North,04/19/2025,16,2025,9,194,4.6391752577319592,Low,8,362,2.209900,Low,2,193,1.036300,Low,,,,,,148325.000000,3,3,0,2.0225855385133995,2.0225855385133995,0,Very Low,Low,Very Low,120,0,0,0,0.000000,0.000000,0.000000,,,
2024/2025,>64 yrs,Greater Sierra-Sacramento,04/26/2025,17,2025,74,1360,5.4411764705882355,Low,24,1724,1.392100,Very Low,10,1238,0.807800,Very Low,,,,,,525440.000000,37,9,3,7.0417174177831905,1.7128501827040195,0.57095006090133982,Low,Low,Low,50,0,0,0,0.000000,0.000000,0.000000,,,
2024/2025,>64 yrs,Central California,05/03/2025,18,2025,54,1403,3.8488952245188881,Low,26,1632,1.593100,Very Low,4,1250,0.320000,Very Low,,,,,,580446.000000,22,13,0,3.7901889236897146,2.2396570912711948,0,Low,Low,Very Low,482,4,0,0,0.829876,0.000000,0.000000,,,
2024/2025,18-64 yrs,Greater Sierra-Sacramento,05/03/2025,18,2025,86,2570,3.3463035019455254,Low,69,1902,3.627800,Low,6,1221,0.491400,Very Low,,,,,,1793656.000000,13,8,0,0.72477665728545493,0.44601640448335689,0,Very Low,Very Low,Very Low,11,0,0,0,0.000000,0.000000,0.000000,,,
2024/2025,0-17 yrs,Los Angeles,05/03/2025,18,2025,67,3835,1.7470664928292048,Very Low,203,3199,6.345700,Low,33,1972,1.673400,Low,,,,,,1934637.000000,3,0,2,0.15506784993774025,0,0.10337856662516016,Very Low,Very Low,Very Low,11,0,0,0,0.000000,0.000000,0.000000,,,
2024/2025,0-17 yrs,Bay Area,05/10/2025,19,2025,219,5716,3.8313505948215538,Low,495,3799,13.029700,Moderate,19,2606,0.729100,Very Low,,,,,,1670512.000000,4,10,0,0.23944754662043732,0.59861886655109331,0,Very Low,Very Low,Very Low,9,0,0,0,0.000000,0.000000,0.000000,,,
2024/2025,18-64 yrs,Greater Sierra-Sacramento,05/10/2025,19,2025,96,2369,4.0523427606585054,Low,39,1310,2.977100,Low,5,726,0.688700,Very Low,,,,,,1793656.000000,12,4,2,0.66902460672503539,0.22300820224167844,0.11150410112083922,Very Low,Very Low,Very Low,10,0,0,0,0.000000,0.000000,0.000000,,,
2024/2025,>64 yrs,Greater Sierra-Sacramento,05/10/2025,19,2025,51,1119,4.5576407506702417,Low,10,868,1.152100,Very Low,3,598,0.501700,Very Low,,,,,,525440.000000,20,3,0,3.8063337393422652,0.57095006090133982,0,Low,Very Low,Very Low,48,2,0,0,4.166667,0.000000,0.000000,,,
2024/2025,>64 yrs,Los Angeles,05/10/2025,19,2025,218,11431,1.9070947423672471,Very Low,51,5727,0.890500,Very Low,17,3993,0.425700,Very Low,,,,,,1608433.000000,122,17,4,7.5850221924071448,1.0569293218927989,0.24868925221007029,Low,Low,Very Low,1032,5,1,1,0.484496,0.096899,0.096899,,,
2024/2025,0-17 yrs,Rural North,05/10/2025,19,2025,6,242,2.4793388429752068,Very Low,10,343,2.915500,Low,2,245,0.816300,Very Low,,,,,,147863.000000,0,0,1,0,0,0.67630171171963227,Very Low,Very Low,Low,3,0,0,0,0.000000,0.000000,0.000000,,,
2024/2025,0-17 yrs,Southern California,05/10/2025,19,2025,101,4729,2.1357580883907801,Very Low,203,3675,5.523800,Low,32,2499,1.280500,Low,,,,,,2904951.000000,17,16,4,0.58520780557055874,0.55078381700758461,0.13769595425189615,Very Low,Very Low,Very Low,22,0,0,0,0.000000,0.000000,0.000000,,,
2024/2025,0-17 yrs,Bay Area,05/17/2025,20,2025,100,5539,1.8053800324968405,Very Low,482,3516,13.708800,Moderate,24,2456,0.977200,Very Low,,,,,,1670512.000000,4,9,2,0.23944754662043732,0.53875697989598392,0.11972377331021866,Very Low,Very Low,Very Low,9,0,0,0,0.000000,0.000000,0.000000,,,
2024/2025,>64 yrs,Los Angeles,05/17/2025,20,2025,206,9727,2.1178163873753468,Very Low,57,5087,1.120500,Very Low,8,3531,0.226600,Very Low,,,,,,1608433.000000,90,19,3,5.5955081747265822,1.181273947997834,0.18651693915755274,Low,Low,Very Low,928,2,0,0,0.215517,0.000000,0.000000,,,
2024/2025,18-64 yrs,Rural North,05/17/2025,20,2025,5,316,1.5822784810126582,Very Low,9,402,2.238800,Low,0,237,0.000000,Very Low,,,,,,384002.000000,2,0,2,0.52083062067385066,0,0.52083062067385066,Very Low,Very Low,Low,26,0,0,0,0.000000,0.000000,0.000000,,,
2024/2025,0-17 yrs,Bay Area,05/31/2025,22,2025,100,4761,2.1003990758244067,Very Low,432,2870,15.052300,High,11,2001,0.549700,Very Low,,,,,,1670512.000000,7,8,2,0.41903320658576532,0.47889509324087465,0.11972377331021866,Very Low,Very Low,Very Low,8,0,0,0,0.000000,0.000000,0.000000,,,
2024/2025,>64 yrs,Los Angeles,06/14/2025,24,2025,230,8320,2.7644230769230766,Very Low,40,4230,0.945600,Very Low,5,2802,0.178400,Very Low,,,,,,1608433.000000,111,19,2,6.9011267488294505,1.181273947997834,0.12434462610503515,Low,Low,Very Low,837,6,0,0,0.716846,0.000000,0.000000,,,
2024/2025,18-64 yrs,Southern California,06/14/2025,24,2025,350,13234,2.6447030376303462,Very Low,138,6026,2.290100,Low,6,2821,0.212700,Very Low,,,,,,7875686.000000,46,34,0,0.5840761046085382,0.43170842514544133,0,Very Low,Very Low,Very Low,367,1,0,0,0.272480,0.000000,0.000000,,,
2024/2025,>64 yrs,Greater Sierra-Sacramento,06/21/2025,25,2025,77,1121,6.8688670829616409,Low,12,657,1.826500,Very Low,4,402,0.995000,Very Low,,,,,,525440.000000,25,3,0,4.7579171741778312,0.57095006090133982,0,Low,Very Low,Very Low,39,0,0,0,0.000000,0.000000,0.000000,,,
2024/2025,0-17 yrs,Southern California,06/28/2025,26,2025,109,3540,3.0790960451977401,Low,64,2378,2.691300,Low,4,1646,0.243000,Very Low,,,,,,2904951.000000,12,5,1,0.41308786275568843,0.1721199428148702,0.034423988562974038,Very Low,Very Low,Very Low,12,0,0,0,0.000000,0.000000,0.000000,,,
2025/2026,0-17 yrs,Bay Area,07/05/2025,27,2025,146,3679,3.9684696928513183,Low,65,1525,4.262300,Low,10,1135,0.881100,Very Low,23,23,,,,1642980.000000,9,2,0,0.54778512215608222,0.12173002714579605,0,Very Low,Very Low,Very Low,9,0,0,0,0.000000,0.000000,0.000000,,,
2025/2026,18-64 yrs,Central California,07/05/2025,27,2025,202,3487,5.7929452251218816,Low,24,1406,1.707000,Very Low,0,800,0.000000,Very Low,7,10,,,,2656528.000000,12,5,0,0.45171742966759626,0.18821559569483176,0,Very Low,Very Low,Very Low,179,2,0,0,1.117318,0.000000,0.000000,,,
2025/2026,18-64 yrs,Los Angeles,07/05/2025,27,2025,333,16206,2.054794520547945,Very Low,87,5409,1.608400,Very Low,6,2954,0.203100,Very Low,21,15,,,,6194360.000000,59,5,2,0.95247935218489077,0.080718589168211077,0.032287435667284432,Very Low,Very Low,Very Low,273,0,0,0,0.000000,0.000000,0.000000,,,
2025/2026,18-64 yrs,Rural North,07/05/2025,27,2025,6,241,2.4896265560165975,Very Low,2,184,1.087000,Very Low,1,104,0.961500,Very Low,0,2,,,,381874.000000,0,0,0,0,0,0,Very Low,Very Low,Very Low,22,0,0,0,0.000000,0.000000,0.000000,,,
2025/2026,>64 yrs,Southern California,07/05/2025,27,2025,289,6469,4.4674601947750814,Low,46,4311,1.067000,Very Low,0,2598,0.000000,Very Low,25,1,,,,2132361.000000,112,18,0,5.2523939426766857,0.84413474078732442,0,Low,Very Low,Very Low,1254,6,0,0,0.478469,0.000000,0.000000,,,
2025/2026,0-17 yrs,Bay Area,07/12/2025,28,2025,206,3668,5.6161395856052341,Low,63,1556,4.048800,Low,2,1141,0.175300,Very Low,24,22,,,,1642980.000000,13,2,0,0.79124517644767445,0.12173002714579605,0,Very Low,Very Low,Very Low,4,0,0,0,0.000000,0.000000,0.000000,,,
2025/2026,>64 yrs,Central California,07/12/2025,28,2025,121,1265,9.5652173913043477,Moderate,10,827,1.209200,Very Low,1,562,0.177900,Very Low,5,3,,,,597083.000000,30,7,1,5.0244270897010965,1.1723663209302559,0.16748090299003657,Low,Low,Very Low,476,3,0,0,0.630252,0.000000,0.000000,,,
2025/2026,18-64 yrs,Rural North,07/12/2025,28,2025,24,280,8.5714285714285712,Moderate,5,229,2.183400,Low,1,135,0.740700,Very Low,1,3,,,,381874.000000,1,0,0,0.2618664795194226,0,0,Very Low,Very Low,Very Low,44,0,0,0,0.000000,0.000000,0.000000,,,
2025/2026,18-64 yrs,Bay Area,07/19/2025,29,2025,724,9186,7.8815588939690828,Low,54,3209,1.682800,Very Low,8,2395,0.334000,Very Low,20,10,,,,5207239.000000,61,2,1,1.171446134890294,0.038408069996403081,0.019204034998201541,Very Low,Very Low,Very Low,207,0,0,0,0.000000,0.000000,0.000000,,,
2025/2026,18-64 yrs,Los Angeles,07/19/2025,29,2025,528,15961,3.3080634045485868,Low,61,5367,1.136600,Very Low,3,2969,0.101000,Very Low,23,3,,,,6194360.000000,82,6,0,1.3237848623586619,0.096862307001853304,0,Very Low,Very Low,Very Low,300,0,0,0,0.000000,0.000000,0.000000,,,
2025/2026,18-64 yrs,Los Angeles,07/26/2025,30,2025,597,18017,3.313537214852639,Low,63,5586,1.127800,Very Low,3,3159,0.095000,Very Low,25,8,,,,6194360.000000,61,8,2,0.9847667878521752,0.12914974266913773,0.032287435667284432,Very Low,Very Low,Very Low,305,0,0,0,0.000000,0.000000,0.000000,,,
2025/2026,>64 yrs,Los Angeles,07/26/2025,30,2025,295,8391,3.5156715528542484,Low,21,3644,0.576300,Very Low,4,2367,0.169000,Very Low,10,2,,,,1662650.000000,135,8,1,8.1195681592638262,0.48115959462304153,0.060144949327880191,Low,Very Low,Very Low,837,6,0,0,0.716846,0.000000,0.000000,,,
2025/2026,18-64 yrs,Los Angeles,08/02/2025,31,2025,660,16742,3.9421813403416559,Low,90,5408,1.664200,Very Low,1,2873,0.034800,Very Low,31,11,,,,6194360.000000,105,5,1,1.6950903725324327,0.080718589168211077,0.016143717833642216,Very Low,Very Low,Very Low,293,1,1,0,0.341297,0.341297,0.000000,,,
2025/2026,0-17 yrs,Los Angeles,08/09/2025,32,2025,306,3564,8.5858585858585847,Moderate,43,1965,2.188300,Low,8,1235,0.647800,Very Low,12,13,,,,1891916.000000,9,1,0,0.47570822383234773,0.0528564693147053,0,Very Low,Very Low,Very Low,9,0,0,0,0.000000,0.000000,0.000000,,,
2025/2026,0-17 yrs,Rural North,08/09/2025,32,2025,21,141,14.893617021276595,High,2,131,1.526700,Very Low,1,98,1.020400,Low,2,0,,,,144328.000000,1,0,0,0.69286624909927386,0,0,Very Low,Very Low,Very Low,2,0,0,0,0.000000,0.000000,0.000000,,,
2025/2026,18-64 yrs,Rural North,08/09/2025,32,2025,53,322,16.459627329192546,High,2,280,0.714300,Very Low,0,174,0.000000,Very Low,3,1,,,,381874.000000,2,0,0,0.5237329590388452,0,0,Very Low,Very Low,Very Low,31,0,0,0,0.000000,0.000000,0.000000,,,
2025/2026,>64 yrs,Greater Sierra-Sacramento,08/16/2025,33,2025,180,1192,15.100671140939598,High,4,587,0.681400,Very Low,2,303,0.660100,Very Low,9,0,,,,540932.000000,67,2,0,12.386030037047171,0.36973223991185583,0,Low,Very Low,Very Low,49,1,0,0,2.040816,0.000000,0.000000,,,
2025/2026,18-64 yrs,Rural North,08/16/2025,33,2025,59,370,15.945945945945947,High,2,296,0.675700,Very Low,2,196,1.020400,Low,2,0,,,,381874.000000,3,0,0,0.78559943855826786,0,0,Very Low,Very Low,Very Low,30,0,0,0,0.000000,0.000000,0.000000,,,
2025/2026,18-64 yrs,Southern California,08/16/2025,33,2025,966,12432,7.7702702702702702,Low,60,6221,0.964500,Very Low,5,2713,0.184300,Very Low,24,10,,,,7896077.000000,95,7,0,1.2031290981584906,0.088651617759046675,0,Very Low,Very Low,Very Low,373,0,0,0,0.000000,0.000000,0.000000,,,
2025/2026,18-64 yrs,Bay Area,08/23/2025,34,2025,1246,9963,12.506273210880256,Moderate,41,3979,1.030400,Very Low,9,2953,0.304800,Very Low,27,2,,,,5207239.000000,108,5,2,2.0740357798057665,0.096020174991007706,0.038408069996403081,Very Low,Very Low,Very Low,181,1,0,0,0.552486,0.000000,0.000000,,,
2025/2026,>64 yrs,Greater Sierra-Sacramento,08/23/2025,34,2025,231,1320,17.5,Very High,6,592,1.013500,Very Low,0,316,0.000000,Very Low,3,0,,,,540932.000000,71,0,0,13.125494516870882,0,0,Moderate,Very Low,Very Low,38,1,0,0,2.631579,0.000000,0.000000,,,
2025/2026,18-64 yrs,Los Angeles,08/23/2025,34,2025,1122,15210,7.3767258382643002,Low,81,6118,1.324000,Very Low,5,3201,0.156200,Very Low,24,8,,,,6194360.000000,163,5,0,2.6314260068836814,0.080718589168211077,0,Very Low,Very Low,Very Low,320,1,2,0,0.312500,0.625000,0.000000,,,
2025/2026,0-17 yrs,Central California,08/30/2025,35,2025,570,2945,19.35483870967742,Very High,27,2084,1.295600,Very Low,3,1555,0.192900,Very Low,3,1,,,,1200683.000000,11,3,3,0.91614522734143822,0.24985778927493768,0.24985778927493768,Very Low,Very Low,Very Low,8,0,0,0,0.000000,0.000000,0.000000,,,
2025/2026,18-64 yrs,Central California,08/30/2025,35,2025,682,4706,14.492137696557586,High,17,1904,0.892900,Very Low,0,1097,0.000000,Very Low,4,0,,,,2656528.000000,50,3,0,1.8821559569483175,0.11292935741689906,0,Very Low,Very Low,Very Low,191,7,0,0,3.664921,0.000000,0.000000,,,
2025/2026,18-64 yrs,Southern California,08/30/2025,35,2025,1233,15248,8.0863064008394545,Moderate,71,7235,0.981300,Very Low,7,3276,0.213700,Very Low,31,4,,,,7896077.000000,152,11,1,1.9250065570535848,0.13930968504993049,0.012664516822720953,Very Low,Very Low,Very Low,395,2,0,0,0.506329,0.000000,0.000000,,,
2025/2026,0-17 yrs,Bay Area,09/06/2025,36,2025,451,4679,9.6388117119042533,Moderate,38,2430,1.563800,Very Low,15,1849,0.811200,Very Low,19,8,,,,1642980.000000,14,1,0,0.85211019002057231,0.060865013572898023,0,Very Low,Very Low,Very Low,2,0,0,0,0.000000,0.000000,0.000000,,,
2025/2026,0-17 yrs,Bay Area,09/13/2025,37,2025,294,4280,6.8691588785046731,Low,42,2356,1.782700,Very Low,17,1649,1.030900,Low,18,8,,,,1642980.000000,16,2,1,0.97384021716636837,0.12173002714579605,0.060865013572898023,Very Low,Very Low,Very Low,5,0,0,0,0.000000,0.000000,0.000000,,,
2025/2026,18-64 yrs,Central California,09/13/2025,37,2025,542,4295,12.619324796274739,Moderate,25,1874,1.334000,Very Low,1,1106,0.090400,Very Low,6,0,,,,2656528.000000,34,1,0,1.2798660507248558,0.037643119138966348,0,Very Low,Very Low,Very Low,165,0,0,1,0.000000,0.000000,0.606061,,,
2025/2026,>64 yrs,Greater Sierra-Sacramento,09/20/2025,38,2025,221,1364,16.202346041055719,High,7,810,0.864200,Very Low,1,501,0.199600,Very Low,5,0,,,,540932.000000,71,4,0,13.125494516870882,0.73946447982371166,0,Moderate,Very Low,Very Low,38,1,0,0,2.631579,0.000000,0.000000,,,
2025/2026,18-64 yrs,Los Angeles,09/20/2025,38,2025,911,13275,6.8625235404896427,Low,71,6519,1.089100,Very Low,6,3474,0.172700,Very Low,24,4,,,,6194360.000000,154,5,0,2.4861325463809014,0.080718589168211077,0,Very Low,Very Low,Very Low,242,0,0,0,0.000000,0.000000,0.000000,,,
2025/2026,18-64 yrs,Southern California,09/20/2025,38,2025,907,11824,7.6708389715832199,Low,71,7130,0.995800,Very Low,9,3232,0.278500,Very Low,24,6,,,,7896077.000000,137,7,0,1.7350388047127707,0.088651617759046675,0,Very Low,Very Low,Very Low,317,5,0,0,1.577287,0.000000,0.000000,,,
2025/2026,0-17 yrs,Bay Area,09/27/2025,39,2025,152,4332,3.5087719298245612,Low,49,2552,1.920100,Very Low,33,1735,1.902000,Low,25,3,,,,1642980.000000,9,3,1,0.54778512215608222,0.18259504071869406,0.060865013572898023,Very Low,Very Low,Very Low,9,0,0,0,0.000000,0.000000,0.000000,,,
2025/2026,18-64 yrs,Bay Area,10/04/2025,40,2025,383,8053,4.7559915559418853,Low,80,5046,1.585400,Very Low,14,3662,0.382300,Very Low,48,11,,,,5207239.000000,67,5,1,1.2866703448795034,0.096020174991007706,0.019204034998201541,Very Low,Very Low,Very Low,203,0,0,0,0.000000,0.000000,0.000000,,,
2025/2026,>64 yrs,Rural North,10/04/2025,40,2025,38,204,18.627450980392158,Very High,1,283,0.353400,Very Low,0,176,0.000000,Very Low,,,,,,150862.000000,12,0,2,7.9542893505322745,0,1.3257148917553789,Low,Very Low,Low,109,1,0,0,0.917431,0.000000,0.000000,,,
2025/2026,18-64 yrs,Los Angeles,10/11/2025,41,2025,306,13140,2.3287671232876712,Very Low,121,6782,1.784100,Very Low,5,3640,0.137400,Very Low,37,8,,,,6194360.000000,77,12,2,1.2430662731904507,0.19372461400370661,0.032287435667284432,Very Low,Very Low,Very Low,253,1,0,0,0.395257,0.000000,0.000000,,,
2025/2026,18-64 yrs,Greater Sierra-Sacramento,10/18/2025,42,2025,117,2464,4.7483766233766236,Low,20,2185,0.915300,Very Low,3,1265,0.237200,Very Low,13,0,,,,1800650.000000,18,2,0,0.9996390192430511,0.11107100213811678,0,Very Low,Very Low,Very Low,6,0,0,0,0.000000,0.000000,0.000000,,,
2025/2026,0-17 yrs,Los Angeles,11/01/2025,44,2025,73,4087,1.7861512111573281,Very Low,102,3628,2.811500,Low,42,2339,1.795600,Low,55,9,,,,1891916.000000,6,3,2,0.31713881588823178,0.15856940794411589,0.1057129386294106,Very Low,Very Low,Very Low,10,0,0,0,0.000000,0.000000,0.000000,,,
2025/2026,18-64 yrs,Bay Area,11/08/2025,45,2025,99,9093,1.0887495875948532,Very Low,147,6699,2.194400,Low,50,5232,0.955700,Very Low,111,3,,,,5207239.000000,15,5,6,0.28806052497302315,0.096020174991007706,0.11522420998920925,Very Low,Very Low,Very Low,119,0,0,0,0.000000,0.000000,0.000000,,,
2025/2026,18-64 yrs,Southern California,11/08/2025,45,2025,168,10404,1.6147635524798154,Very Low,158,7377,2.141800,Low,11,3425,0.321200,Very Low,96,16,,,,7896077.000000,33,12,3,0.41792905514979151,0.15197420187265145,0.037993550468162864,Very Low,Very Low,Very Low,182,0,0,0,0.000000,0.000000,0.000000,,,
2025/2026,18-64 yrs,Bay Area,11/15/2025,46,2025,74,7884,0.93860984271943171,Very Low,111,6045,1.836200,Very Low,51,5237,0.973800,Very Low,96,5,,,,5207239.000000,5,2,5,0.096020174991007706,0.038408069996403081,0.096020174991007706,Very Low,Very Low,Very Low,28,0,0,0,0.000000,0.000000,0.000000,,,
2023/2024,18-64 yrs,California,01/13/2024,2,2024,8765,93539,9.3704000000000001,Moderate,6020,42737,14.086200,Moderate,1433,27015,5.304500,Moderate,,,,,,24193302.000000,1072,,,4.4309784584179539,,,Low,,,1373,35,24,5,2.549200,1.748000,0.364200,,,
2023/2024,>64 yrs,California,01/06/2024,1,2024,7003,50197,13.951000000000001,High,3067,31249,9.814700,Moderate,1444,21046,6.861200,Moderate,,,,,,,,,,,,,,,,4708,192,57,27,4.078200,1.210700,0.573500,,,
2023/2024,18-64 yrs,California,03/30/2024,13,2024,1337,77634,1.7222,Very Low,1623,33321,4.870800,Low,131,23270,0.563000,Very Low,,,,,,24193302.000000,287,,,1.1862787477294334,,,Very Low,,,1146,6,2,1,0.523600,0.174500,0.087300,,,
2023/2024,0-17 yrs,California,04/06/2024,14,2024,330,27386,1.2050000000000001,Very Low,917,15264,6.007600,Low,186,12158,1.529900,Low,,,,,,8694111.000000,25,,,0.28755096409512138,,,Very Low,,,59,1,0,2,1.694900,0.000000,3.389800,11,19,7
2024/2025,0-17 yrs,California,03/22/2025,12,2025,370,27527,1.3441000000000001,Very Low,4997,25610,19.511900,High,1245,18074,6.888300,Moderate,,,,,,8544834.000000,25,105,136,0.29257443737350547,1.2288126369687229,1.5916049393118696,Very Low,Low,Moderate,62,1,2,1,1.612900,3.225800,1.612900,9,44,8
2024/2025,>64 yrs,California,10/19/2024,42,2024,1213,26300,4.6121999999999996,Low,158,16486,0.958400,Very Low,29,11556,0.251000,Very Low,,,,,,6421418.000000,539,,,8.3937846749736593,,,Low,,,3834,43,3,2,1.121500,0.078200,0.052200,,,
2025/2026,18-64 yrs,California,07/12/2025,28,2025,2160,45004,4.7995999999999999,Low,276,16387,1.684300,Very Low,14,9092,0.154000,Very Low,104,60,,,,24136728.000000,222,37,1,0.91976012655899342,0.15329335442649891,0.0041430636331486193,Very Low,Very Low,Very Low,1207,5,0,0,0.414300,0.000000,0.000000,,,
2025/2026,0-17 yrs,California,10/11/2025,41,2025,466,17315,2.6913,Very Low,247,14809,1.667900,Very Low,115,10557,1.089300,Low,132,29,,,,8386716.000000,26,21,9,0.31001407463898861,0.25039598336226004,0.10731256429811145,Very Low,Very Low,Very Low,42,0,0,0,0.000000,0.000000,0.000000,2,0,0
2023/2024,0-17 yrs,California,02/17/2024,7,2024,1183,33133,3.5705,Low,2164,20074,10.780100,Moderate,1128,15340,7.353300,High,,,,,,8694111.000000,69,,,0.79364066090253516,,,Very Low,,,57,0,2,0,0.000000,3.508800,0.000000,11,19,7
2023/2024,0-17 yrs,California,06/15/2024,24,2024,742,20449,3.6284999999999998,Low,444,9694,4.580200,Low,36,7113,0.506100,Very Low,,,,,,8694111.000000,13,,,0.14952650132946313,,,Very Low,,,68,0,0,0,0.000000,0.000000,0.000000,11,19,7
2024/2025,>64 yrs,California,11/30/2024,48,2024,872,25584,3.4083999999999999,Low,953,20523,4.643600,Low,193,13984,1.380100,Low,,,,,,6421418.000000,461,310,84,7.1790996941796967,4.8275941544375396,1.3081222870088818,Low,Moderate,Low,4298,34,8,1,0.791100,0.186100,0.023300,,,
2024/2025,>64 yrs,California,05/03/2025,18,2025,777,25347,3.0655000000000001,Low,301,18810,1.600200,Very Low,76,13657,0.556500,Very Low,,,,,,6421418.000000,322,123,38,5.0144687668673802,1.9154647774058626,0.59176960602782747,Low,Low,Low,4159,21,5,2,0.504900,0.120200,0.048100,,,
2025/2026,>64 yrs,California,07/19/2025,29,2025,1341,21106,6.3536000000000001,Low,94,12746,0.737500,Very Low,7,8210,0.085300,Very Low,59,8,,,,6632226.000000,459,34,0,6.9207533036419449,0.5126483928623663,0,Low,Very Low,Very Low,3816,22,1,1,0.576500,0.026200,0.026200,,,
2023/2024,>64 yrs,California,10/07/2023,40,2023,3222,39289,8.2007999999999992,Moderate,124,12200,1.016400,Very Low,36,6349,0.567000,Very Low,,,,,,,,,,,,,,,,4024,102,1,0,2.534800,0.024900,0.000000,,,
2023/2024,0-17 yrs,California,11/18/2023,46,2023,1420,35220,4.0317999999999996,Low,3322,20419,16.269200,High,3782,15549,24.323100,Very High,,,,,,,,,,,,,,,,57,1,0,0,1.754400,0.000000,0.000000,11,19,7
2023/2024,>64 yrs,California,04/06/2024,14,2024,977,31996,3.0535000000000001,Low,304,20868,1.456800,Very Low,129,15706,0.821300,Very Low,,,,,,6221657.000000,518,,,8.3257563057558457,,,Low,,,4182,33,3,1,0.789100,0.071700,0.023900,,,
2024/2025,0-17 yrs,California,05/24/2025,21,2025,471,17719,2.6581999999999999,Very Low,973,13233,7.352800,Low,84,9350,0.898400,Very Low,,,,,,8544834.000000,28,30,14,0.32768336985832613,0.35108932484820654,0.16384168492916307,Very Low,Very Low,Very Low,55,0,2,0,0.000000,3.636400,0.000000,9,44,8
2025/2026,18-64 yrs,California,10/04/2025,40,2025,1855,35533,5.2205000000000004,Low,292,22742,1.284000,Very Low,38,12636,0.300700,Very Low,135,27,,,,24136728.000000,332,30,3,1.3754971262053415,0.12429190899445856,0.012429190899445858,Very Low,Very Low,Very Low,1105,1,0,0,0.090500,0.000000,0.000000,,,
2023/2024,>64 yrs,California,08/12/2023,32,2023,3766,35610,10.575699999999999,Moderate,73,7636,0.956000,Very Low,9,3407,0.264200,Very Low,,,,,,,,,,,,,,,,3829,53,1,0,1.384200,0.026100,0.000000,,,
2023/2024,0-17 yrs,California,03/16/2024,11,2024,450,33106,1.3593,Very Low,1684,20671,8.146700,Low,501,16016,3.128100,Low,,,,,,8694111.000000,44,,,0.50608969680741367,,,Very Low,,,58,0,0,0,0.000000,0.000000,0.000000,11,19,7
2023/2024,>64 yrs,California,05/18/2024,20,2024,1195,26629,4.4875999999999996,Low,240,15065,1.593100,Very Low,19,10490,0.181100,Very Low,,,,,,6221657.000000,577,,,9.2740567344037128,,,Low,,,4034,31,4,1,0.768500,0.099200,0.024800,,,
2023/2024,0-17 yrs,California,06/01/2024,22,2024,489,21426,2.2823000000000002,Very Low,665,11402,5.832300,Low,37,8146,0.454200,Very Low,,,,,,8694111.000000,28,,,0.32205707978653597,,,Very Low,,,51,0,0,0,0.000000,0.000000,0.000000,11,19,7
2024/2025,>64 yrs,California,07/13/2024,28,2024,4477,35285,12.6881,Moderate,207,16154,1.281400,Very Low,22,10777,0.204100,Very Low,,,,,,6421418.000000,1415,,,22.035631382351998,,,Moderate,,,3996,55,3,0,1.376400,0.075100,0.000000,,,
2024/2025,18-64 yrs,California,05/10/2025,19,2025,1302,51702,2.5183,Very Low,862,26401,3.265000,Low,51,16438,0.310300,Very Low,,,,,,24153482.000000,159,70,13,0.65829017944493473,0.28981328654808447,0.053822467501787118,Very Low,Very Low,Very Low,1192,1,0,0,0.083900,0.000000,0.000000,,,
2023/2024,0-17 yrs,California,09/23/2023,38,2023,1438,26061,5.5178000000000003,Low,181,8679,2.085500,Low,221,5818,3.798600,Low,,,,,,,,,,,,,,,,54,0,0,0,0.000000,0.000000,0.000000,11,19,7
2023/2024,>64 yrs,California,04/20/2024,16,2024,939,30132,3.1162999999999998,Low,361,19483,1.852900,Very Low,65,14546,0.446900,Very Low,,,,,,6221657.000000,480,,,7.7149865381521359,,,Low,,,4116,32,3,1,0.777500,0.072900,0.024300,,,
2024/2025,>64 yrs,California,09/14/2024,37,2024,3306,31771,10.4057,Moderate,116,14359,0.807900,Very Low,37,9199,0.402200,Very Low,,,,,,6421418.000000,1696,,,26.411611890084089,,,High,,,3994,100,2,0,2.503800,0.050100,0.000000,,,
2024/2025,0-17 yrs,California,11/16/2024,46,2024,291,22607,1.2871999999999999,Very Low,1373,17403,7.889400,Low,1009,13020,7.749600,High,,,,,,8544834.000000,26,39,79,0.30427741486844567,0.45641612230266848,0.92453522210027717,Very Low,Very Low,Low,61,0,0,0,0.000000,0.000000,0.000000,9,44,8
2024/2025,0-17 yrs,California,04/26/2025,17,2025,319,19816,1.6097999999999999,Very Low,1592,17084,9.318700,Moderate,229,11920,1.921100,Low,,,,,,8544834.000000,24,32,34,0.28087145987856527,0.374495279838087,0.39790123482796741,Very Low,Very Low,Very Low,46,0,0,0,0.000000,0.000000,0.000000,9,44,8
2024/2025,0-17 yrs,California,05/17/2025,20,2025,423,18175,2.3273999999999999,Very Low,1011,14062,7.189600,Low,96,9581,1.002000,Low,,,,,,8544834.000000,35,35,11,0.40960421232290767,0.40960421232290767,0.1287327524443424,Very Low,Very Low,Very Low,53,0,0,0,0.000000,0.000000,0.000000,9,44,8
2024/2025,>64 yrs,California,05/17/2025,20,2025,840,23581,3.5621999999999998,Low,201,15822,1.270400,Very Low,49,11076,0.442400,Very Low,,,,,,6421418.000000,322,89,17,5.0144687668673802,1.3859867088546485,0.26473903427560702,Low,Low,Very Low,3976,11,7,2,0.276700,0.176100,0.050300,,,
2023/2024,18-64 yrs,California,11/11/2023,45,2023,5078,78484,6.4701000000000004,Low,2379,28250,8.421200,Low,804,18142,4.431700,Moderate,,,,,,,,,,,,,,,,1288,16,4,0,1.242200,0.310600,0.000000,,,
2023/2024,18-64 yrs,California,12/23/2023,51,2023,10555,97911,10.780200000000001,Moderate,11231,48900,22.967300,Very High,1404,29279,4.795200,Moderate,,,,,,,,,,,,,,,,1391,22,18,3,1.581600,1.294000,0.215700,,,
2023/2024,>64 yrs,California,12/23/2023,51,2023,7212,50119,14.389799999999999,High,3728,29706,12.549700,Moderate,1141,19326,5.904000,Moderate,,,,,,,,,,,,,,,,4841,169,30,27,3.491000,0.619700,0.557700,,,
2024/2025,>64 yrs,California,07/06/2024,27,2024,3842,31464,12.210800000000001,Moderate,247,15935,1.550000,Very Low,21,10566,0.198800,Very Low,,,,,,6421418.000000,1264,,,19.684125842609841,,,Moderate,,,4077,68,3,0,1.667900,0.073600,0.000000,,,
2025/2026,>64 yrs,California,09/13/2025,37,2025,2667,24724,10.787100000000001,Moderate,113,15855,0.712700,Very Low,53,10875,0.487400,Very Low,58,5,,,,6632226.000000,1034,47,12,15.590542300579022,0.70866101366268275,0.18093472689259985,Moderate,Very Low,Very Low,3844,46,1,0,1.196700,0.026000,0.000000,,,
2024/2025,>64 yrs,California,09/21/2024,38,2024,2606,30029,8.6783000000000001,Moderate,113,14130,0.799700,Very Low,5,8913,0.056100,Very Low,,,,,,6421418.000000,1308,,,20.369332754852589,,,Moderate,,,3901,82,0,1,2.102000,0.000000,0.025600,,,
2024/2025,18-64 yrs,California,06/28/2025,26,2025,1590,46461,3.4222000000000001,Low,339,18172,1.865500,Very Low,12,10322,0.116300,Very Low,,,,,,24153482.000000,172,32,1,0.71211264694672183,0.13248607385055289,0.0041401898078297777,Very Low,Very Low,Very Low,1145,3,2,0,0.262000,0.174700,0.000000,,,
2025/2026,18-64 yrs,California,07/05/2025,27,2025,1507,42372,3.5566,Low,277,16282,1.701300,Very Low,17,9112,0.186600,Very Low,99,87,,,,24136728.000000,192,28,4,0.7954682175645349,0.11600578172816134,0.016572254532594477,Very Low,Very Low,Very Low,1140,5,0,0,0.438600,0.000000,0.000000,,,
2025/2026,0-17 yrs,California,10/25/2025,43,2025,292,18458,1.5820000000000001,Very Low,284,16073,1.766900,Very Low,193,11579,1.666800,Low,136,33,,,,8386716.000000,25,21,12,0.2980904563836429,0.25039598336226004,0.14308341906414859,Very Low,Very Low,Very Low,43,0,0,0,0.000000,0.000000,0.000000,2,0,0
2023/2024,0-17 yrs,California,10/28/2023,43,2023,1088,25949,4.1928000000000001,Low,1198,11037,10.854400,Moderate,1314,8275,15.879200,Very High,,,,,,,,,,,,,,,,62,2,0,1,3.225800,0.000000,1.612900,11,19,7
2024/2025,18-64 yrs,California,01/11/2025,2,2025,1792,78754,2.2753999999999999,Very Low,15545,57913,26.842000,Very High,1680,35319,4.756600,Moderate,,,,,,24153482.000000,262,1228,186,1.0847297296514018,5.0841530840149671,0.77007530425633874,Very Low,Moderate,Low,1341,3,26,1,0.223700,1.938900,0.074600,,,
2024/2025,>64 yrs,California,06/28/2025,26,2025,1104,23521,4.6936999999999998,Low,143,13397,1.067400,Very Low,7,8604,0.081400,Very Low,,,,,,6421418.000000,391,52,2,6.0889977883389621,0.80978998719597439,0.031145768738306708,Low,Very Low,Very Low,3973,21,3,0,0.528600,0.075500,0.000000,,,
2025/2026,0-17 yrs,California,07/12/2025,28,2025,675,12476,5.4104000000000001,Low,215,7208,2.982800,Low,24,4827,0.497200,Very Low,68,76,,,,8386716.000000,32,12,3,0.38155578417106284,0.14308341906414859,0.035770854766037148,Very Low,Very Low,Very Low,46,0,0,0,0.000000,0.000000,0.000000,2,0,0
2023/2024,All Ages,Southern California,03/02/2024,9,2024,1356,31919,4.2483000000000004,Low,1009,17726,5.692200,Low,335,10091,3.319800,Low,,,,,,12802429.000000,395,,,3.0853520062481894,,,Low,,,1750,32,4,4,1.828600,0.228600,0.228600,,,
2024/2025,All Ages,Greater Sierra-Sacramento,11/02/2024,44,2024,279,6975,4,Low,120,5448,2.202600,Low,50,3889,1.285700,Low,,,,,,2981445.000000,39,4,3,1.3080905399898373,0.13416313230664997,0.10062234922998747,Very Low,Very Low,Very Low,64,1,0,0,1.562500,0.000000,0.000000,,,
2024/2025,All Ages,Greater Sierra-Sacramento,12/07/2024,49,2024,249,7813,3.1869999999999998,Low,696,7514,9.262700,Moderate,188,5114,3.676200,Low,,,,,,2981445.000000,47,69,15,1.5764168046031373,2.3143140322897118,0.50311174614993737,Very Low,Low,Low,47,1,1,0,2.127700,2.127700,0.000000,,,
2024/2025,All Ages,Greater Sierra-Sacramento,12/28/2024,52,2024,274,9499,2.8845000000000001,Very Low,2313,10299,22.458500,Very High,696,7039,9.887800,High,,,,,,2981445.000000,81,208,57,2.7168034292096617,6.9764828799457979,1.9118246353697619,Very Low,High,Moderate,61,0,1,0,0.000000,1.639300,0.000000,,,
2024/2025,All Ages,Central California,05/10/2025,19,2025,232,7609,3.0489999999999999,Low,232,6144,3.776000,Low,23,4460,0.515700,Very Low,,,,,,4441622.000000,33,17,5,0.74297182425699437,0.3827430609808759,0.11257148852378704,Very Low,Very Low,Very Low,636,5,2,0,0.786200,0.314500,0.000000,,,
2025/2026,All Ages,Central California,08/30/2025,35,2025,1506,9212,16.348199999999999,High,61,4887,1.248200,Very Low,3,3194,0.093900,Very Low,12,1,,,,4454294.000000,140,13,3,3.1430345639511001,0.29185320950974497,0.06735074065609499,Low,Very Low,Very Low,629,11,0,0,1.748800,0.000000,0.000000,,,
2025/2026,All Ages,Rural North,09/27/2025,39,2025,99,839,11.799799999999999,Moderate,1,819,0.122100,Very Low,0,570,0.000000,Very Low,1,0,,,,677064.000000,10,0,2,1.4769652499615988,0,0.29539304999231975,Very Low,Very Low,Very Low,151,2,0,0,1.324500,0.000000,0.000000,,,
2023/2024,All Ages,Bay Area,09/09/2023,36,2023,3935,44240,8.8947000000000003,Moderate,135,6930,1.948100,Very Low,84,3657,2.297000,Low,,,,,,,,,,,,,,,,1044,18,0,0,1.724100,0.000000,0.000000,,,
2023/2024,All Ages,Greater Sierra-Sacramento,02/10/2024,6,2024,751,10206,7.3583999999999996,Low,474,6638,7.140700,Low,311,4803,6.475100,Moderate,,,,,,2973210.000000,228,,,7.6684795221326452,,,Low,,,46,3,0,0,6.521700,0.000000,0.000000,,,
2023/2024,All Ages,Los Angeles,03/16/2024,11,2024,652,34822,1.8724000000000001,Very Low,712,16564,4.298500,Low,149,9935,1.499700,Low,,,,,,9825708.000000,225,,,2.2899113224207355,,,Very Low,,,1256,16,1,1,1.273900,0.079600,0.079600,,,
2024/2025,All Ages,Central California,10/19/2024,42,2024,315,11374,2.7694999999999999,Very Low,61,5823,1.047600,Very Low,24,4204,0.570900,Very Low,,,,,,4441622.000000,95,,,2.1388582819519537,,,Very Low,,,577,8,1,3,1.386500,0.173300,0.519900,,,
2024/2025,All Ages,Rural North,10/19/2024,42,2024,53,871,6.085,Low,6,826,0.726400,Very Low,1,491,0.203700,Very Low,,,,,,680190.000000,14,,,2.0582484305855719,,,Very Low,,,146,2,0,0,1.369900,0.000000,0.000000,,,
2024/2025,All Ages,Rural North,11/16/2024,46,2024,48,876,5.4794999999999998,Low,21,932,2.253200,Low,6,528,1.136400,Low,,,,,,680190.000000,29,4,0,4.2635146062129694,0.58807098016730619,0,Low,Very Low,Very Low,174,3,1,0,1.724100,0.574700,0.000000,,,
2024/2025,All Ages,Greater Sierra-Sacramento,06/28/2025,26,2025,220,3929,5.5994000000000002,Low,54,2149,2.512800,Low,10,1243,0.804500,Very Low,,,,,,2981445.000000,38,6,0,1.2745497569131745,0.20124469845997495,0,Very Low,Very Low,Very Low,47,0,0,0,0.000000,0.000000,0.000000,,,
2025/2026,All Ages,Bay Area,07/26/2025,30,2025,1548,18740,8.2604000000000006,Moderate,111,6887,1.611700,Very Low,9,5275,0.170600,Very Low,54,19,,,,8398557.000000,220,10,8,2.6194976113158486,0.11906807324162948,0.095254458593303587,Very Low,Very Low,Very Low,1013,10,0,0,0.987200,0.000000,0.000000,,,
2025/2026,All Ages,Southern California,09/20/2025,38,2025,1927,26019,7.4061000000000003,Low,160,18086,0.884700,Very Low,66,10466,0.630600,Very Low,56,17,,,,12884704.000000,417,28,2,3.2363956517743833,0.21731193824863962,0.015522281303474258,Low,Very Low,Very Low,1617,19,2,0,1.175000,0.123700,0.000000,,,
2025/2026,All Ages,Bay Area,10/11/2025,41,2025,604,17444,3.4624999999999999,Low,191,13348,1.430900,Very Low,105,10908,0.962600,Very Low,143,11,,,,8398557.000000,146,9,10,1.7383938693277905,0.10716126591746652,0.11906807324162948,Very Low,Very Low,Very Low,1011,10,1,0,0.989100,0.098900,0.000000,,,
2023/2024,All Ages,Bay Area,07/22/2023,29,2023,2226,41391,5.3780000000000001,Low,70,1586,4.413600,Low,16,1576,1.015200,Low,,,,,,,,,,,,,,,,1042,17,0,1,1.631500,0.000000,0.096000,,,
2023/2024,All Ages,Los Angeles,03/02/2024,9,2024,1068,33644,3.1743999999999999,Low,880,16353,5.381300,Low,259,9856,2.627800,Low,,,,,,9825708.000000,317,,,3.2262306186994363,,,Low,,,1286,26,0,2,2.021800,0.000000,0.155500,,,
2023/2024,All Ages,Los Angeles,11/18/2023,46,2023,2831,39002,7.2586000000000004,Low,1486,15477,9.601300,Moderate,635,7690,8.257500,High,,,,,,,,,,,,,,,,1344,19,0,1,1.413700,0.000000,0.074400,,,
2024/2025,All Ages,Rural North,07/27/2024,30,2024,227,1083,20.9603,Very High,6,728,0.824200,Very Low,2,469,0.426400,Very Low,,,,,,680190.000000,14,,,2.0582484305855719,,,Very Low,,,125,2,0,0,1.600000,0.000000,0.000000,,,
2024/2025,All Ages,Los Angeles,08/03/2024,31,2024,4262,36382,11.714600000000001,Moderate,198,12612,1.569900,Very Low,8,7515,0.106500,Very Low,,,,,,9784023.000000,604,,,6.1733297233663489,,,Low,,,1183,16,1,0,1.352500,0.084500,0.000000,,,
2024/2025,All Ages,Southern California,09/28/2024,39,2024,1437,28610,5.0227000000000004,Low,168,13725,1.224000,Very Low,17,7284,0.233400,Very Low,,,,,,12840501.000000,563,,,4.3845641225369638,,,Low,,,1719,32,0,0,1.861500,0.000000,0.000000,,,
2024/2025,All Ages,Los Angeles,06/28/2025,26,2025,666,31074,2.1433,Very Low,165,11819,1.396100,Very Low,13,7090,0.183400,Very Low,,,,,,9784023.000000,194,29,0,1.9828244475713108,0.29640159267818567,0,Very Low,Very Low,Very Low,1277,4,1,0,0.313200,0.078300,0.000000,,,
2025/2026,All Ages,Rural North,08/23/2025,34,2025,147,776,18.943300000000001,Very High,1,639,0.156500,Very Low,1,416,0.240400,Very Low,,,,,,677064.000000,12,0,0,1.7723582999539187,0,0,Very Low,Very Low,Very Low,149,3,0,0,2.013400,0.000000,0.000000,,,
2025/2026,All Ages,Greater Sierra-Sacramento,09/20/2025,38,2025,590,5259,11.2189,Moderate,28,2767,1.011900,Very Low,16,1610,0.993800,Very Low,18,1,,,,2992125.000000,108,7,1,3.6094748715377869,0.23394744537744916,0.033421063625349877,Low,Very Low,Very Low,53,1,0,0,1.886800,0.000000,0.000000,,,
2025/2026,All Ages,Bay Area,09/27/2025,39,2025,1046,17693,5.9119000000000002,Low,157,9313,1.685800,Very Low,45,6625,0.679200,Very Low,112,7,,,,8398557.000000,246,16,2,2.9290746017440852,0.19050891718660717,0.023813614648325897,Very Low,Very Low,Very Low,1021,20,0,0,1.958900,0.000000,0.000000,,,
2025/2026,All Ages,Greater Sierra-Sacramento,10/11/2025,41,2025,292,5172,5.6458000000000004,Low,60,5107,1.174900,Very Low,11,3365,0.326900,Very Low,55,3,,,,2992125.000000,83,7,1,2.7739482809040399,0.23394744537744916,0.033421063625349877,Very Low,Very Low,Very Low,51,0,0,0,0.000000,0.000000,0.000000,,,
2025/2026,All Ages,Southern California,08/02/2025,31,2025,1307,21610,6.0480999999999998,Low,162,14209,1.140100,Very Low,11,8201,0.134100,Very Low,86,18,,,,12884704.000000,233,23,4,1.8083457718547511,0.17850623498995399,0.031044562606948517,Very Low,Very Low,Very Low,1587,11,2,0,0.693100,0.126000,0.000000,,,
2023/2024,All Ages,Los Angeles,12/09/2023,49,2023,4142,43542,9.5127000000000006,Moderate,3419,19619,17.427000,High,885,9386,9.428900,High,,,,,,,,,,,,,,,,1430,30,9,2,2.097900,0.629400,0.139900,,,
2023/2024,All Ages,Greater Sierra-Sacramento,03/16/2024,11,2024,370,9455,3.9133,Low,458,7397,6.191700,Low,102,5522,1.847200,Low,,,,,,2973210.000000,165,,,5.5495575489117819,,,Low,,,51,0,0,1,0.000000,0.000000,1.960800,,,
2024/2025,All Ages,Central California,06/28/2025,26,2025,426,7233,5.8897000000000004,Low,92,3743,2.457900,Low,3,2356,0.127300,Very Low,,,,,,4441622.000000,41,20,0,0.92308620589505364,0.45028595409514816,0,Very Low,Very Low,Very Low,576,2,0,0,0.347200,0.000000,0.000000,,,
2023/2024,All Ages,Greater Sierra-Sacramento,07/15/2023,28,2023,395,6580,6.0030000000000001,Low,19,760,2.500000,Low,1,255,0.392200,Very Low,,,,,,,,,,,,,,,,46,0,0,0,0.000000,0.000000,0.000000,,,
2023/2024,All Ages,Central California,12/16/2023,50,2023,1490,25879,5.7576000000000001,Low,3378,13604,24.830900,Very High,1188,10067,11.800900,Very High,,,,,,,,,,,,,,,,769,16,11,2,2.080600,1.430400,0.260100,,,
2023/2024,All Ages,Rural North,02/10/2024,6,2024,154,1698,9.0694999999999997,Moderate,174,1363,12.766000,Moderate,82,939,8.732700,High,,,,,,683715.000000,35,,,5.1190920193355414,,,Low,,,148,3,0,3,2.027000,0.000000,2.027000,,,
2023/2024,All Ages,Rural North,01/27/2024,4,2024,193,1759,10.972099999999999,Moderate,174,1319,13.191800,Moderate,80,868,9.216600,High,,,,,,683715.000000,44,,,6.4354299671646809,,,Low,,,158,4,2,0,2.531600,1.265800,0.000000,,,
2023/2024,All Ages,Los Angeles,06/01/2024,22,2024,851,29664,2.8687999999999998,Very Low,369,11492,3.210900,Low,19,6827,0.278300,Very Low,,,,,,9825708.000000,147,,,1.4960753973148804,,,Very Low,,,1252,7,0,1,0.559100,0.000000,0.079900,,,
2023/2024,All Ages,Los Angeles,06/29/2024,26,2024,1895,32878,5.7637,Low,284,11004,2.580900,Low,19,6945,0.273600,Very Low,,,,,,9825708.000000,317,,,3.2262306186994363,,,Low,,,1251,7,0,0,0.559600,0.000000,0.000000,,,
2024/2025,All Ages,Central California,11/02/2024,44,2024,282,12316,2.2896999999999998,Very Low,123,6580,1.869300,Very Low,48,4803,0.999400,Very Low,,,,,,4441622.000000,43,1,3,0.96811480130456851,0.022514297704757408,0.067542893114272209,Very Low,Very Low,Very Low,617,3,0,1,0.486200,0.000000,0.162100,,,
2024/2025,All Ages,Bay Area,11/30/2024,48,2024,416,25028,1.6620999999999999,Very Low,1464,18264,8.015800,Low,1183,15230,7.767600,High,,,,,,8391953.000000,134,82,96,1.5967677607345991,0.97712654015102329,1.1439530226158321,Very Low,Very Low,Low,1151,6,1,0,0.521300,0.086900,0.000000,,,
2024/2025,All Ages,Rural North,03/15/2025,11,2025,31,1332,2.3273000000000001,Very Low,150,1838,8.161000,Low,100,1034,9.671200,High,,,,,,680190.000000,16,15,6,2.3522839206692248,2.2052661756273984,0.88210647025095934,Very Low,Low,Low,173,1,2,1,0.578000,1.156100,0.578000,,,
2024/2025,All Ages,Central California,06/21/2025,25,2025,379,6593,5.7484999999999999,Low,99,3966,2.496200,Low,14,2618,0.534800,Very Low,,,,,,4441622.000000,38,11,3,0.85554331278078155,0.24765727475233149,0.067542893114272209,Very Low,Very Low,Very Low,591,3,1,0,0.507600,0.169200,0.000000,,,
2025/2026,All Ages,Los Angeles,08/02/2025,31,2025,1233,27471,4.4884000000000004,Low,154,10779,1.428700,Very Low,12,6395,0.187600,Very Low,55,27,,,,9748926.000000,289,21,1,2.9644291073703912,0.21540834344213919,0.010257540163911389,Very Low,Very Low,Very Low,1187,5,1,0,0.421200,0.084200,0.000000,,,
2025/2026,All Ages,Greater Sierra-Sacramento,08/09/2025,32,2025,540,4209,12.829700000000001,Moderate,55,1707,3.222000,Low,9,876,1.027400,Low,39,0,,,,2992125.000000,75,2,1,2.5065797719012406,0.066842127250699754,0.033421063625349877,Very Low,Very Low,Very Low,51,1,0,0,1.960800,0.000000,0.000000,,,
2023/2024,All Ages,Greater Sierra-Sacramento,07/08/2023,27,2023,407,7046,5.7763,Low,27,576,4.687500,Low,2,189,1.058200,Low,,,,,,,,,,,,,,,,55,0,0,0,0.000000,0.000000,0.000000,,,
2023/2024,All Ages,Greater Sierra-Sacramento,02/24/2024,8,2024,665,10315,6.4469000000000003,Low,503,7294,6.896100,Low,198,5362,3.692700,Low,,,,,,2973210.000000,222,,,7.4666774294449434,,,Low,,,56,1,0,0,1.785700,0.000000,0.000000,,,
2023/2024,All Ages,Rural North,03/30/2024,13,2024,45,1438,3.1293000000000002,Low,67,1278,5.242600,Low,7,883,0.792800,Very Low,,,,,,683715.000000,18,,,2.6326758956582785,,,Very Low,,,144,2,0,0,1.388900,0.000000,0.000000,,,
2023/2024,All Ages,Central California,06/01/2024,22,2024,494,11863,4.1642000000000001,Low,295,5482,5.381200,Low,3,3788,0.079200,Very Low,,,,,,4432134.000000,102,,,2.3013744620537193,,,Very Low,,,617,2,1,0,0.324100,0.162100,0.000000,,,
2024/2025,All Ages,Bay Area,07/27/2024,30,2024,4031,48392,8.3299000000000003,Moderate,226,14915,1.515300,Very Low,29,12642,0.229400,Very Low,,,,,,8391953.000000,726,,,8.6511447335322309,,,Low,,,996,25,1,1,2.510000,0.100400,0.100400,,,
2024/2025,All Ages,Los Angeles,09/28/2024,39,2024,1388,33357,4.1609999999999996,Low,176,12634,1.393100,Very Low,25,8417,0.297000,Very Low,,,,,,9784023.000000,364,,,3.7203510253399852,,,Low,,,1170,17,0,0,1.453000,0.000000,0.000000,,,
2024/2025,All Ages,Central California,12/28/2024,52,2024,344,13142,2.6175999999999999,Very Low,3753,14456,25.961500,Very High,1068,10414,10.255400,Very High,,,,,,4441622.000000,83,229,74,1.8686867094948647,5.1557741743894461,1.666058030152048,Very Low,Moderate,Moderate,651,3,4,0,0.460800,0.614400,0.000000,,,
2024/2025,All Ages,Greater Sierra-Sacramento,03/22/2025,12,2025,175,7787,2.2473000000000001,Very Low,1018,8569,11.880000,Moderate,237,5653,4.192500,Moderate,,,,,,2981445.000000,44,73,35,1.4757944553731497,2.4484771645963619,1.1739274076831872,Very Low,Low,Low,65,1,0,0,1.538500,0.000000,0.000000,,,
2025/2026,All Ages,Rural North,07/12/2025,28,2025,55,540,10.1852,Moderate,7,494,1.417000,Very Low,2,320,0.625000,Very Low,2,4,,,,677064.000000,6,0,0,0.88617914997695935,0,0,Very Low,Very Low,Very Low,159,2,1,0,1.257900,0.628900,0.000000,,,
2025/2026,All Ages,Los Angeles,10/18/2025,42,2025,514,20874,2.4624000000000001,Very Low,198,14077,1.406500,Very Low,36,8186,0.439800,Very Low,85,14,,,,9748926.000000,207,33,5,2.1233108139296575,0.33849882540907583,0.051287700819556942,Very Low,Very Low,Very Low,1178,10,0,0,0.848900,0.000000,0.000000,,,
2023/2024,All Ages,Southern California,08/12/2023,32,2023,3967,29494,13.450200000000001,High,113,9232,1.224000,Very Low,19,4585,0.414400,Very Low,,,,,,,,,,,,,,,,1718,22,0,0,1.280600,0.000000,0.000000,,,
2023/2024,All Ages,Southern California,10/07/2023,40,2023,2786,30613,9.1006999999999998,Moderate,209,12595,1.659400,Very Low,145,6669,2.174200,Low,,,,,,,,,,,,,,,,1774,34,0,0,1.916600,0.000000,0.000000,,,
2023/2024,All Ages,Rural North,05/11/2024,19,2024,33,1111,2.9702999999999999,Very Low,39,877,4.447000,Low,2,623,0.321000,Very Low,,,,,,683715.000000,0,,,0,,,Very Low,,,142,2,0,0,1.408500,0.000000,0.000000,,,
2024/2025,All Ages,Rural North,07/06/2024,27,2024,132,861,15.331,High,6,677,0.886300,Very Low,5,402,1.243800,Low,,,,,,680190.000000,1,,,0.14701774504182655,,,Very Low,,,136,2,0,0,1.470600,0.000000,0.000000,,,
2024/2025,All Ages,Southern California,11/02/2024,44,2024,597,25359,2.3542000000000001,Very Low,319,13932,2.289700,Low,72,7388,0.974600,Very Low,,,,,,12840501.000000,119,54,16,0.92675511648649855,0.42054433857370521,0.1246057299477645,Very Low,Very Low,Very Low,1728,15,0,0,0.868100,0.000000,0.000000,,,
2024/2025,All Ages,Southern California,10/26/2024,43,2024,673,27909,2.4114,Very Low,272,14457,1.881400,Very Low,62,7654,0.810000,Very Low,,,,,,12840501.000000,226,,,1.7600559355121734,,,Very Low,,,1714,12,1,0,0.700100,0.058300,0.000000,,,
2024/2025,All Ages,Rural North,03/29/2025,13,2025,28,1172,2.3891,Very Low,101,1629,6.200100,Low,56,859,6.519200,Moderate,,,,,,680190.000000,7,8,7,1.029124215292786,1.1761419603346124,1.029124215292786,Very Low,Low,Low,164,0,2,1,0.000000,1.219500,0.609800,,,
2025/2026,All Ages,Bay Area,08/30/2025,35,2025,2763,20239,13.651899999999999,High,145,9292,1.560500,Very Low,19,7012,0.271000,Very Low,83,12,,,,8398557.000000,390,12,1,4.6436548564235496,0.14288168788995539,0.011906807324162948,Low,Very Low,Very Low,978,22,1,0,2.249500,0.102200,0.000000,,,
2025/2026,All Ages,Rural North,08/30/2025,35,2025,163,855,19.064299999999999,Very High,0,713,0.000000,Very Low,3,499,0.601200,Very Low,,,,,,677064.000000,20,0,1,2.9539304999231977,0,0.14769652499615987,Very Low,Very Low,Very Low,148,3,0,0,2.027000,0.000000,0.000000,,,
2023/2024,All Ages,Los Angeles,06/08/2024,23,2024,1011,30826,3.2797000000000001,Low,381,11072,3.441100,Low,16,6406,0.249800,Very Low,,,,,,9825708.000000,188,,,1.9133481271782147,,,Very Low,,,1252,7,1,0,0.559100,0.079900,0.000000,,,
2024/2025,All Ages,Southern California,09/07/2024,36,2024,3381,29728,11.373100000000001,Moderate,182,15459,1.177300,Very Low,36,7921,0.454500,Very Low,,,,,,12840501.000000,807,,,6.284801504240372,,,Low,,,1693,40,1,0,2.362700,0.059100,0.000000,,,
2024/2025,All Ages,Central California,01/25/2025,4,2025,326,15407,2.1158999999999999,Very Low,5443,16013,33.991100,Very High,993,11485,8.646100,High,,,,,,4441622.000000,47,356,81,1.0581719921235981,8.0150899828936364,1.8236581140853501,Very Low,High,Moderate,762,4,10,2,0.524900,1.312300,0.262500,,,
2024/2025,All Ages,Los Angeles,11/09/2024,45,2024,520,32135,1.6182000000000001,Very Low,545,15099,3.609500,Low,198,10121,1.956300,Low,,,,,,9784023.000000,216,37,37,2.2076808282237277,0.37816754927906443,0.37816754927906443,Very Low,Very Low,Very Low,1208,6,2,0,0.496700,0.165600,0.000000,,,
2024/2025,All Ages,Los Angeles,01/04/2025,1,2025,1123,41240,2.7231000000000001,Very Low,7803,29334,26.600500,Very High,1054,17711,5.951100,Moderate,,,,,,9784023.000000,377,965,162,3.8532207048164131,9.8630185149810057,1.6557606211677958,Low,Very High,Moderate,1509,15,29,1,0.994000,1.921800,0.066300,,,
2024/2025,All Ages,Los Angeles,03/01/2025,9,2025,729,38878,1.8751,Very Low,2544,26738,9.514500,Moderate,607,16818,3.609200,Low,,,,,,9784023.000000,292,219,89,2.9844574159320763,2.2383430619490574,0.90964626718477659,Very Low,Low,Low,1360,7,12,0,0.514700,0.882400,0.000000,,,
2024/2025,All Ages,Central California,05/17/2025,20,2025,245,7134,3.4342999999999999,Low,191,5840,3.270500,Low,27,4104,0.657900,Very Low,,,,,,4441622.000000,30,18,2,0.67542893114272218,0.40525735868563328,0.045028595409514816,Very Low,Very Low,Very Low,627,2,3,1,0.319000,0.478500,0.159500,,,
2024/2025,All Ages,Bay Area,05/24/2025,21,2025,760,21920,3.4672000000000001,Low,827,10856,7.617900,Low,37,8415,0.439700,Very Low,,,,,,8391953.000000,140,39,9,1.6682648246480885,0.4647309154376818,0.10724559587023426,Very Low,Very Low,Very Low,1001,2,1,1,0.199800,0.099900,0.099900,,,
2025/2026,All Ages,Los Angeles,10/04/2025,40,2025,986,21070,4.6795999999999998,Low,162,13673,1.184800,Very Low,38,7838,0.484800,Very Low,54,14,,,,9748926.000000,293,33,3,3.005459268026037,0.33849882540907583,0.030772620491734168,Low,Very Low,Very Low,1151,9,0,0,0.781900,0.000000,0.000000,,,
2025/2026,All Ages,Greater Sierra-Sacramento,11/08/2025,45,2025,102,5157,1.9779,Very Low,105,5245,2.001900,Low,20,3541,0.564800,Very Low,85,3,,,,2992125.000000,31,9,1,1.0360529723858463,0.30078957262814887,0.033421063625349877,Very Low,Very Low,Very Low,37,0,0,0,0.000000,0.000000,0.000000,,,
2023/2024,All Ages,California,07/29/2023,30,2023,9306,122859,7.5744999999999996,Low,375,15350,2.443000,Low,37,8421,0.439400,Very Low,,,1.3999999999999999,0.10000000000000001,0,,,,,,,,,,,5117,85,0,0,1.661100,0.000000,0.000000,,,
2023/2024,All Ages,California,10/21/2023,42,2023,9223,140823,6.5494000000000003,Low,2466,45273,5.447000,Low,1818,29112,6.244800,Moderate,,,1.6000000000000001,0.20000000000000001,0.10000000000000001,,,,,,,,,,,5303,112,4,0,2.112000,0.075400,0.000000,,,
2023/2024,All Ages,California,11/04/2023,44,2023,8331,137359,6.0651000000000002,Low,4165,55759,7.469600,Low,2919,36357,8.028700,High,,,1.3999999999999999,0.40000000000000002,0.29999999999999999,,,,,,,,,,,5513,82,4,1,1.487400,0.072600,0.018100,,,
2023/2024,All Ages,California,05/04/2024,18,2024,2688,120959,2.2222,Very Low,1863,56007,3.326400,Low,127,40276,0.315300,Very Low,,,0.59999999999999998,0.40000000000000002,0,39109070.000000,722,,,1.846119071611777,,,Very Low,,,5311,39,5,1,0.734300,0.094100,0.018800,,,
2023/2024,All Ages,California,10/14/2023,41,2023,8758,142309,6.1542000000000003,Low,741,41704,1.776800,Very Low,715,23621,3.027000,Low,,,1.3999999999999999,0.10000000000000001,0.10000000000000001,,,,,,,,,,,5396,93,2,1,1.723500,0.037100,0.018500,,,
2023/2024,All Ages,California,01/06/2024,1,2024,18227,168208,10.836,Moderate,14392,95515,15.067800,High,6326,63746,9.923800,High,,,2.5,3.5,1.3999999999999999,,,,,,,,,,,6233,222,93,31,3.561700,1.492100,0.497400,,,
2024/2025,All Ages,California,07/13/2024,28,2024,13807,132759,10.4,Moderate,963,48691,1.977800,Very Low,62,32501,0.190800,Very Low,,,2.6000000000000001,0.20000000000000001,0,39119734.000000,1965,,,5.0230402895888808,,,Low,,,5306,66,4,0,1.243900,0.075400,0.000000,,,
2024/2025,All Ages,California,07/27/2024,30,2024,15674,134653,11.6403,Moderate,623,50373,1.236800,Very Low,47,33056,0.142200,Very Low,,,2.7999999999999998,0.10000000000000001,0,39119734.000000,2565,,,6.5567930497686921,,,Low,,,5328,88,3,1,1.651700,0.056300,0.018800,,,
2023/2024,All Ages,California,03/30/2024,13,2024,2721,137249,1.9824999999999999,Very Low,3127,71242,4.389300,Low,520,52869,0.983600,Very Low,,,0.59999999999999998,0.90000000000000002,0.10000000000000001,39109070.000000,893,,,2.2833577990987766,,,Very Low,,,5204,40,5,3,0.768600,0.096100,0.057600,,,
2023/2024,All Ages,California,07/15/2023,28,2023,6771,120752,5.6074000000000002,Low,369,11959,3.085500,Low,36,9034,0.398500,Very Low,,,1,0.10000000000000001,0,,,,,,,,,,,5270,63,0,0,1.195400,0.000000,0.000000,,,
2024/2025,All Ages,California,11/16/2024,46,2024,2370,104871,2.2599,Very Low,3421,65343,5.235400,Low,1255,43830,2.863300,Low,,,0.5,0.5,0.10000000000000001,39119734.000000,715,323,146,1.827722039214275,0.82567023589679833,0.373213171643754,Very Low,Very Low,Very Low,5523,49,6,2,0.887200,0.108600,0.036200,,,
2024/2025,0-17 yrs,Southern California,03/29/2025,13,2025,107,5851,1.8287472226969748,Very Low,750,5229,14.343100,Moderate,228,3482,6.548000,Moderate,,,,,,2904951.000000,15,48,48,0.51635982844461059,1.6523514510227537,1.6523514510227537,Very Low,Low,Moderate,19,0,1,0,0.000000,5.263158,0.000000,,,
2024/2025,>64 yrs,Central California,04/05/2025,14,2025,64,2253,2.8406569019085661,Very Low,63,2165,2.909900,Low,19,1558,1.219500,Low,,,,,,580446.000000,22,17,11,3.7901889236897146,2.9287823501238703,1.8950944618448573,Low,Low,Moderate,478,0,2,0,0.000000,0.418410,0.000000,,,
2024/2025,>64 yrs,Los Angeles,04/05/2025,14,2025,238,13915,1.7103844771828962,Very Low,118,7146,1.651300,Very Low,48,4872,0.985200,Very Low,,,,,,1608433.000000,144,49,16,8.9528130795625316,3.0464433395733614,0.99475700884028118,Low,Low,Low,997,10,4,1,1.003009,0.401204,0.100301,,,
2024/2025,0-17 yrs,Rural North,04/05/2025,14,2025,1,308,0.32467532467532467,Very Low,40,499,8.016000,Low,32,322,9.937900,High,,,,,,147863.000000,0,1,1,0,0.67630171171963227,0.67630171171963227,Very Low,Very Low,Low,1,0,0,0,0.000000,0.000000,0.000000,,,
2024/2025,18-64 yrs,Bay Area,04/12/2025,15,2025,260,14551,1.7868187753419009,Very Low,851,8957,9.500900,Moderate,70,7383,0.948100,Very Low,,,,,,5222531.000000,20,34,15,0.3829560801075188,0.65102533618278191,0.28721706008063908,Very Low,Very Low,Very Low,204,0,0,0,0.000000,0.000000,0.000000,,,
2024/2025,0-17 yrs,Los Angeles,04/12/2025,15,2025,55,4715,1.166489925768823,Very Low,423,4085,10.355000,Moderate,93,2505,3.712600,Low,,,,,,1934637.000000,4,7,12,0.20675713325032033,0.36182498318806061,0.62027139975096102,Very Low,Very Low,Low,12,0,1,0,0.000000,8.333333,0.000000,,,
2024/2025,>64 yrs,Los Angeles,04/12/2025,15,2025,258,15914,1.6212140253864522,Very Low,113,6920,1.632900,Very Low,38,4557,0.833900,Very Low,,,,,,1608433.000000,174,56,12,10.817982471138057,3.4816495309409841,0.74606775663021097,Low,Low,Low,1012,5,1,1,0.494071,0.098814,0.098814,,,
2024/2025,0-17 yrs,Southern California,04/12/2025,15,2025,98,5362,1.8276762402088773,Very Low,422,4550,9.274700,Moderate,131,3070,4.267100,Moderate,,,,,,2904951.000000,12,33,22,0.41308786275568843,1.1359916225781432,0.75732774838542882,Very Low,Low,Low,28,0,0,0,0.000000,0.000000,0.000000,,,
2024/2025,18-64 yrs,Southern California,04/12/2025,15,2025,484,17438,2.7755476545475397,Very Low,470,9296,5.055900,Low,51,4901,1.040600,Low,,,,,,7875686.000000,55,40,15,0.69835186420586093,0.5078922648769898,0.19045959932887116,Very Low,Very Low,Very Low,363,4,0,0,1.101928,0.000000,0.000000,,,
2024/2025,>64 yrs,Bay Area,04/19/2025,16,2025,177,6010,2.9450915141430949,Very Low,123,4907,2.506600,Low,42,4453,0.943200,Very Low,,,,,,1498910.000000,80,42,16,5.3372117071738794,2.8020361462662868,1.0674423414347758,Low,Low,Low,790,3,3,3,0.379747,0.379747,0.379747,,,
2024/2025,0-17 yrs,Central California,04/19/2025,16,2025,33,3010,1.0963455149501662,Very Low,209,2831,7.382600,Low,49,2219,2.208200,Low,,,,,,1224522.000000,1,6,3,0.081664518889819862,0.4899871133389192,0.2449935566694596,Very Low,Very Low,Very Low,9,0,0,0,0.000000,0.000000,0.000000,,,
2024/2025,18-64 yrs,Greater Sierra-Sacramento,04/19/2025,16,2025,72,2748,2.6200873362445414,Very Low,153,2785,5.493700,Low,18,1565,1.150200,Low,,,,,,1793656.000000,10,13,5,0.55752050560419608,0.72477665728545493,0.27876025280209804,Very Low,Very Low,Very Low,14,0,0,0,0.000000,0.000000,0.000000,,,
2024/2025,0-17 yrs,Los Angeles,04/19/2025,16,2025,83,4086,2.0313264806656877,Very Low,267,3378,7.904100,Low,59,2190,2.694100,Low,,,,,,1934637.000000,1,11,7,0.051689283312580082,0.56858211643838097,0.36182498318806061,Very Low,Very Low,Very Low,11,0,0,0,0.000000,0.000000,0.000000,,,
2024/2025,>64 yrs,Central California,04/26/2025,17,2025,52,1423,3.6542515811665495,Low,26,1943,1.338100,Very Low,12,1408,0.852300,Very Low,,,,,,580446.000000,30,12,7,5.1684394413950656,2.0673757765580261,1.2059692029921818,Low,Low,Low,450,0,1,0,0.000000,0.222222,0.000000,,,
2024/2025,0-17 yrs,Greater Sierra-Sacramento,04/26/2025,17,2025,29,1540,1.883116883116883,Very Low,117,1618,7.231100,Low,17,1128,1.507100,Low,,,,,,662349.000000,1,4,0,0.15097780777203559,0.60391123108814238,0,Very Low,Very Low,Very Low,1,0,0,0,0.000000,0.000000,0.000000,,,
2024/2025,>64 yrs,Rural North,04/26/2025,17,2025,6,217,2.7649769585253456,Very Low,7,392,1.785700,Very Low,7,233,3.004300,Low,,,,,,148325.000000,2,7,0,1.348390359008933,4.7193662565312664,0,Very Low,Moderate,Very Low,114,0,0,0,0.000000,0.000000,0.000000,,,
2024/2025,0-17 yrs,Bay Area,05/03/2025,18,2025,108,6177,1.7484215638659544,Very Low,616,4314,14.279100,Moderate,37,3389,1.091800,Low,,,,,,1670512.000000,3,17,5,0.17958565996532799,1.0176520731368588,0.29930943327554665,Very Low,Low,Very Low,12,1,0,0,8.333333,0.000000,0.000000,,,
2024/2025,0-17 yrs,Central California,05/03/2025,18,2025,38,2633,1.4432206608431448,Very Low,162,2403,6.741600,Low,27,1741,1.550800,Low,,,,,,1224522.000000,0,2,2,0,0.16332903777963972,0.16332903777963972,Very Low,Very Low,Very Low,10,0,0,0,0.000000,0.000000,0.000000,,,
2024/2025,>64 yrs,Greater Sierra-Sacramento,05/03/2025,18,2025,61,1326,4.6003016591251891,Low,15,1291,1.161900,Very Low,6,1006,0.596400,Very Low,,,,,,525440.000000,27,7,11,5.1385505481120584,1.332216808769793,2.0934835566382461,Low,Low,High,52,1,0,0,1.923077,0.000000,0.000000,,,
2024/2025,>64 yrs,Los Angeles,05/03/2025,18,2025,208,10454,1.9896690262100631,Very Low,67,5691,1.177300,Very Low,14,4083,0.342900,Very Low,,,,,,1608433.000000,132,23,10,8.2067453229323206,1.4299632002079044,0.6217231305251758,Low,Low,Low,927,3,1,0,0.323625,0.107875,0.000000,,,
2024/2025,>64 yrs,Southern California,05/10/2025,19,2025,249,5920,4.2060810810810807,Low,112,5757,1.945500,Very Low,22,3353,0.656100,Very Low,,,,,,2059864.000000,92,30,7,4.4663142809428189,1.4564068307422238,0.33982826050651888,Low,Low,Very Low,1381,5,4,0,0.362056,0.289645,0.000000,,,
2024/2025,0-17 yrs,Bay Area,05/24/2025,21,2025,120,5517,2.1750951604132682,Very Low,512,3437,14.896700,Moderate,22,2482,0.886400,Very Low,,,,,,1670512.000000,7,11,5,0.41903320658576532,0.65848075320620258,0.29930943327554665,Very Low,Very Low,Very Low,11,0,0,0,0.000000,0.000000,0.000000,,,
2024/2025,>64 yrs,Los Angeles,05/24/2025,21,2025,221,8965,2.4651422197434467,Very Low,62,4987,1.243200,Very Low,12,3436,0.349200,Very Low,,,,,,1608433.000000,120,31,6,7.4606775663021088,1.9273417046280448,0.37303387831510548,Low,Low,Very Low,896,0,0,0,0.000000,0.000000,0.000000,,,
2024/2025,0-17 yrs,Rural North,05/24/2025,21,2025,3,229,1.3100436681222707,Very Low,4,300,1.333300,Very Low,1,237,0.421900,Very Low,,,,,,147863.000000,0,1,0,0,0.67630171171963227,0,Very Low,Very Low,Very Low,1,0,0,0,0.000000,0.000000,0.000000,,,
2024/2025,>64 yrs,Bay Area,05/31/2025,22,2025,307,5137,5.9762507299980534,Low,63,2666,2.363100,Low,7,2272,0.308100,Very Low,,,,,,1498910.000000,104,18,1,6.9383752193260433,1.2008726341141229,0.066715146339673487,Low,Low,Very Low,882,5,2,0,0.566893,0.226757,0.000000,,,
2024/2025,0-17 yrs,Central California,05/31/2025,22,2025,79,2177,3.6288470372071662,Low,123,1788,6.879200,Low,7,1340,0.522400,Very Low,,,,,,1224522.000000,0,5,3,0,0.4083225944490993,0.2449935566694596,Very Low,Very Low,Very Low,6,0,0,0,0.000000,0.000000,0.000000,,,
2024/2025,>64 yrs,Rural North,05/31/2025,22,2025,11,145,7.5862068965517242,Low,4,211,1.895700,Very Low,0,138,0.000000,Very Low,,,,,,148325.000000,3,0,3,2.0225855385133995,0,2.0225855385133995,Very Low,Very Low,High,124,0,0,0,0.000000,0.000000,0.000000,,,
2024/2025,18-64 yrs,Southern California,05/31/2025,22,2025,377,16175,2.3307573415765068,Very Low,172,9280,1.853400,Very Low,6,6187,0.097000,Very Low,,,,,,7875686.000000,42,21,1,0.5332868781208393,0.26664343906041965,0.012697306621924745,Very Low,Very Low,Very Low,367,1,1,0,0.272480,0.272480,0.000000,,,
2024/2025,18-64 yrs,Central California,06/07/2025,23,2025,166,3490,4.7564469914040108,Low,58,1839,3.153900,Low,2,1124,0.177900,Very Low,,,,,,2636654.000000,17,2,0,0.64475657405180964,0.075853714594330546,0,Very Low,Very Low,Very Low,157,0,0,0,0.000000,0.000000,0.000000,,,
2024/2025,>64 yrs,Los Angeles,06/07/2025,23,2025,250,9024,2.7703900709219855,Very Low,52,4639,1.120900,Very Low,11,3011,0.365300,Very Low,,,,,,1608433.000000,146,19,6,9.077157705667565,1.181273947997834,0.37303387831510548,Low,Low,Very Low,844,7,0,0,0.829384,0.000000,0.000000,,,
2024/2025,0-17 yrs,Rural North,06/07/2025,23,2025,7,182,3.8461538461538463,Low,7,223,3.139000,Low,2,166,1.204800,Low,,,,,,147863.000000,0,0,0,0,0,0,Very Low,Very Low,Very Low,1,0,0,0,0.000000,0.000000,0.000000,,,
2024/2025,18-64 yrs,Central California,06/14/2025,24,2025,162,3626,4.4677330391616108,Low,62,1756,3.530800,Low,0,1018,0.000000,Very Low,,,,,,2636654.000000,9,12,0,0.3413417156744874,0.45512228756598327,0,Very Low,Very Low,Very Low,165,0,0,0,0.000000,0.000000,0.000000,,,
2024/2025,0-17 yrs,Bay Area,06/21/2025,25,2025,97,3860,2.5129533678756477,Very Low,120,2068,5.802700,Low,8,1454,0.550200,Very Low,,,,,,1670512.000000,7,5,3,0.41903320658576532,0.29930943327554665,0.17958565996532799,Very Low,Very Low,Very Low,4,0,0,0,0.000000,0.000000,0.000000,,,
2024/2025,18-64 yrs,Central California,06/21/2025,25,2025,191,3611,5.2893935198006092,Low,36,1766,2.038500,Low,0,1075,0.000000,Very Low,,,,,,2636654.000000,14,3,2,0.53097600216031371,0.11378057189149582,0.075853714594330546,Very Low,Very Low,Very Low,182,1,1,0,0.549451,0.549451,0.000000,,,
2024/2025,18-64 yrs,Rural North,06/28/2025,26,2025,22,281,7.8291814946619214,Low,3,260,1.153800,Very Low,0,180,0.000000,Very Low,,,,,,384002.000000,0,0,0,0,0,0,Very Low,Very Low,Very Low,34,0,0,0,0.000000,0.000000,0.000000,,,
2024/2025,>64 yrs,Southern California,06/28/2025,26,2025,302,6402,4.7172758512964696,Low,43,5051,0.851300,Very Low,3,2813,0.106600,Very Low,,,,,,2059864.000000,104,11,1,5.0488770132397089,0.53401583793881535,0.048546894358074133,Low,Very Low,Very Low,1274,4,0,0,0.313972,0.000000,0.000000,,,
2025/2026,>64 yrs,Central California,07/05/2025,27,2025,114,1124,10.142348754448399,Moderate,4,822,0.486600,Very Low,0,535,0.000000,Very Low,2,0,,,,597083.000000,39,10,0,6.5317552166114261,1.6748090299003655,0,Low,Low,Very Low,457,4,0,0,0.875274,0.000000,0.000000,,,
2025/2026,18-64 yrs,Southern California,07/05/2025,27,2025,325,10866,2.9909810417817044,Very Low,73,5236,1.394200,Very Low,4,2417,0.165500,Very Low,22,24,,,,7896077.000000,47,12,1,0.59523229066788486,0.15197420187265145,0.012664516822720953,Very Low,Very Low,Very Low,340,3,0,0,0.882353,0.000000,0.000000,,,
2025/2026,0-17 yrs,Central California,07/12/2025,28,2025,125,1568,7.9719387755102042,Low,18,976,1.844300,Very Low,2,666,0.300300,Very Low,1,7,,,,1200683.000000,0,1,0,0,0.08328592975831256,0,Very Low,Very Low,Very Low,7,0,0,0,0.000000,0.000000,0.000000,,,
2025/2026,18-64 yrs,Los Angeles,07/12/2025,28,2025,488,17387,2.8066946569275895,Very Low,98,5248,1.867400,Very Low,4,2731,0.146500,Very Low,35,12,,,,6194360.000000,78,8,0,1.2592099910240928,0.12914974266913773,0,Very Low,Very Low,Very Low,300,1,0,0,0.333333,0.000000,0.000000,,,
2025/2026,18-64 yrs,Greater Sierra-Sacramento,07/19/2025,29,2025,156,1990,7.8391959798994977,Low,8,655,1.221400,Very Low,4,314,1.273900,Low,2,5,,,,1800650.000000,20,2,0,1.110710021381168,0.11107100213811678,0,Very Low,Very Low,Very Low,10,0,0,0,0.000000,0.000000,0.000000,,,
2025/2026,0-17 yrs,Rural North,07/19/2025,29,2025,8,98,8.1632653061224492,Moderate,4,96,4.166700,Low,0,82,0.000000,Very Low,0,2,,,,144328.000000,0,0,0,0,0,0,Very Low,Very Low,Very Low,1,0,0,0,0.000000,0.000000,0.000000,,,
2025/2026,18-64 yrs,Rural North,07/26/2025,30,2025,36,290,12.413793103448276,Moderate,3,219,1.369900,Very Low,0,134,0.000000,Very Low,3,0,,,,381874.000000,1,0,0,0.2618664795194226,0,0,Very Low,Very Low,Very Low,40,0,0,0,0.000000,0.000000,0.000000,,,
2025/2026,>64 yrs,Rural North,07/26/2025,30,2025,39,163,23.926380368098162,Very High,1,156,0.641000,Very Low,0,94,0.000000,Very Low,1,0,,,,150862.000000,4,0,0,2.6514297835107579,0,0,Very Low,Very Low,Very Low,96,1,0,0,1.041667,0.000000,0.000000,,,
2025/2026,>64 yrs,Los Angeles,08/02/2025,31,2025,382,7450,5.1275167785234901,Low,24,3606,0.665600,Very Low,1,2381,0.042000,Very Low,9,3,,,,1662650.000000,179,13,0,10.765945929690554,0.78188434126244244,0,Low,Very Low,Very Low,887,4,0,0,0.450958,0.000000,0.000000,,,
2025/2026,>64 yrs,Southern California,08/09/2025,32,2025,502,8222,6.1055704208221844,Low,42,6501,0.646100,Very Low,3,4230,0.070900,Very Low,20,6,,,,2132361.000000,164,12,0,7.6910054160622892,0.56275649385821624,0,Low,Very Low,Very Low,1310,7,0,0,0.534351,0.000000,0.000000,,,
2025/2026,0-17 yrs,Central California,08/16/2025,33,2025,371,1954,18.986693961105424,Very High,21,1020,2.058800,Low,0,699,0.000000,Very Low,10,2,,,,1200683.000000,4,0,0,0.33314371903325024,0,0,Very Low,Very Low,Very Low,6,0,0,0,0.000000,0.000000,0.000000,,,
2025/2026,0-17 yrs,Greater Sierra-Sacramento,08/16/2025,33,2025,126,920,13.695652173913043,High,7,512,1.367200,Very Low,5,262,1.908400,Low,4,0,,,,650543.000000,2,1,0,0.30743548082140609,0.15371774041070305,0,Very Low,Very Low,Very Low,1,0,0,0,0.000000,0.000000,0.000000,,,
2025/2026,>64 yrs,Southern California,08/16/2025,33,2025,648,9320,6.9527896995708165,Low,37,6527,0.566900,Very Low,1,4280,0.023400,Very Low,17,0,,,,2132361.000000,220,17,1,10.317202387400632,0.79723836629913969,0.046896374488184692,Low,Very Low,Very Low,1327,10,1,0,0.753580,0.075358,0.000000,,,
2025/2026,>64 yrs,Bay Area,09/06/2025,36,2025,759,5691,13.336847654190828,High,26,2685,0.968300,Very Low,3,2199,0.136400,Very Low,23,0,,,,1548338.000000,278,10,0,17.954735981420075,0.64585381228129768,0,Moderate,Very Low,Very Low,759,12,0,0,1.581028,0.000000,0.000000,,,
2025/2026,18-64 yrs,Los Angeles,09/06/2025,36,2025,1218,16338,7.4550128534704374,Low,101,6736,1.499400,Very Low,5,3418,0.146300,Very Low,29,10,,,,6194360.000000,140,10,0,2.2601204967099102,0.16143717833642215,0,Very Low,Very Low,Very Low,298,3,0,0,1.006711,0.000000,0.000000,,,
2025/2026,>64 yrs,Southern California,09/06/2025,36,2025,812,9544,8.5079631181894371,Moderate,36,6842,0.526200,Very Low,5,3933,0.127100,Very Low,24,3,,,,2132361.000000,298,16,0,13.975119597479038,0.75034199181095507,0,Moderate,Very Low,Very Low,1281,14,0,0,1.092896,0.000000,0.000000,,,
2025/2026,18-64 yrs,Rural North,09/20/2025,38,2025,68,456,14.912280701754385,High,1,333,0.300300,Very Low,1,214,0.467300,Very Low,1,0,,,,381874.000000,3,0,0,0.78559943855826786,0,0,Very Low,Very Low,Very Low,33,0,0,0,0.000000,0.000000,0.000000,,,
2025/2026,0-17 yrs,Southern California,09/20/2025,38,2025,333,4578,7.2739187418086511,Low,39,3855,1.011700,Very Low,14,2687,0.521000,Very Low,11,10,,,,2856266.000000,33,5,2,1.1553545783200865,0.17505372398789187,0.07002148959515675,Very Low,Very Low,Very Low,18,0,0,0,0.000000,0.000000,0.000000,,,
2025/2026,18-64 yrs,Greater Sierra-Sacramento,09/27/2025,39,2025,236,2499,9.4437775110044022,Moderate,10,1411,0.708700,Very Low,4,641,0.624000,Very Low,6,1,,,,1800650.000000,30,2,0,1.6660650320717516,0.11107100213811678,0,Very Low,Very Low,Very Low,8,0,0,0,0.000000,0.000000,0.000000,,,
2025/2026,18-64 yrs,Los Angeles,09/27/2025,39,2025,647,12895,5.0174486234974793,Low,94,6275,1.498000,Very Low,4,3258,0.122800,Very Low,24,7,,,,6194360.000000,137,8,0,2.2116893432089837,0.12914974266913773,0,Very Low,Very Low,Very Low,251,2,0,0,0.796813,0.000000,0.000000,,,
2025/2026,>64 yrs,Central California,10/04/2025,40,2025,119,1154,10.311958405545928,Moderate,4,1146,0.349000,Very Low,1,709,0.141000,Very Low,2,0,,,,597083.000000,61,4,1,10.216335082392229,0.66992361196014627,0.16748090299003657,Low,Very Low,Very Low,417,3,0,0,0.719424,0.000000,0.000000,,,
2025/2026,0-17 yrs,Rural North,10/04/2025,40,2025,8,200,4,Low,1,227,0.440500,Very Low,0,139,0.000000,Very Low,,,,,,144328.000000,0,0,0,0,0,0,Very Low,Very Low,Very Low,2,0,0,0,0.000000,0.000000,0.000000,,,
2025/2026,0-17 yrs,Central California,10/11/2025,41,2025,58,2184,2.6556776556776556,Very Low,34,1954,1.740000,Very Low,8,1431,0.559000,Very Low,12,3,,,,1200683.000000,2,2,0,0.16657185951662512,0.16657185951662512,0,Very Low,Very Low,Very Low,6,0,0,0,0.000000,0.000000,0.000000,,,
2025/2026,18-64 yrs,Greater Sierra-Sacramento,10/11/2025,41,2025,144,2443,5.8943921408104787,Low,22,2115,1.040200,Very Low,4,1243,0.321800,Very Low,20,1,,,,1800650.000000,29,1,0,1.6105295310026937,0.055535501069058392,0,Very Low,Very Low,Very Low,16,0,0,0,0.000000,0.000000,0.000000,,,
2025/2026,>64 yrs,Rural North,10/11/2025,41,2025,17,189,8.9947089947089935,Moderate,0,315,0.000000,Very Low,0,158,0.000000,Very Low,,,,,,150862.000000,9,0,0,5.9657170128992059,0,0,Low,Very Low,Very Low,113,0,0,1,0.000000,0.000000,0.884956,,,
2025/2026,>64 yrs,Bay Area,10/18/2025,42,2025,183,4690,3.9019189765458422,Low,32,4054,0.789300,Very Low,17,3661,0.464400,Very Low,28,0,,,,1548338.000000,78,14,5,5.0376597357941222,0.90419533719381684,0.32292690614064884,Low,Very Low,Very Low,789,5,0,2,0.633714,0.000000,0.253485,,,
2025/2026,0-17 yrs,Rural North,10/18/2025,42,2025,8,227,3.5242290748898681,Low,1,302,0.331100,Very Low,0,192,0.000000,Very Low,1,0,,,,144328.000000,0,0,0,0,0,0,Very Low,Very Low,Very Low,1,0,0,0,0.000000,0.000000,0.000000,,,
2025/2026,0-17 yrs,Central California,10/25/2025,43,2025,43,2341,1.8368218709953013,Very Low,25,2249,1.111600,Very Low,12,1689,0.710500,Very Low,10,2,,,,1200683.000000,3,1,1,0.24985778927493768,0.08328592975831256,0.08328592975831256,Very Low,Very Low,Very Low,7,0,0,0,0.000000,0.000000,0.000000,,,
2025/2026,18-64 yrs,Greater Sierra-Sacramento,10/25/2025,43,2025,121,2614,4.6289211935730687,Low,30,2295,1.307200,Very Low,5,1332,0.375400,Very Low,24,1,,,,1800650.000000,10,1,0,0.55535501069058402,0.055535501069058392,0,Very Low,Very Low,Very Low,7,0,0,0,0.000000,0.000000,0.000000,,,
2025/2026,>64 yrs,Greater Sierra-Sacramento,10/25/2025,43,2025,69,1331,5.1840721262208866,Low,14,1607,0.871200,Very Low,4,1150,0.347800,Very Low,12,0,,,,540932.000000,35,2,1,6.4703141984574764,0.36973223991185583,0.18486611995592792,Low,Very Low,Very Low,44,0,0,0,0.000000,0.000000,0.000000,,,
2025/2026,>64 yrs,Los Angeles,11/01/2025,44,2025,112,5021,2.2306313483369844,Very Low,54,4045,1.335000,Very Low,11,2330,0.472100,Very Low,32,3,,,,1662650.000000,114,24,4,6.8565242233783428,1.4434787838691245,0.24057979731152077,Low,Low,Very Low,798,4,0,0,0.501253,0.000000,0.000000,,,
2025/2026,18-64 yrs,Rural North,11/01/2025,44,2025,12,333,3.6036036036036037,Low,2,428,0.467300,Very Low,1,219,0.456600,Very Low,,,,,,381874.000000,0,0,0,0,0,0,Very Low,Very Low,Very Low,26,0,0,0,0.000000,0.000000,0.000000,,,
2025/2026,>64 yrs,Rural North,11/01/2025,44,2025,10,185,5.4054054054054053,Low,2,365,0.547900,Very Low,0,191,0.000000,Very Low,,,,,,150862.000000,4,0,0,2.6514297835107579,0,0,Very Low,Very Low,Very Low,90,1,0,0,1.111111,0.000000,0.000000,,,
2025/2026,>64 yrs,Greater Sierra-Sacramento,11/08/2025,45,2025,37,1207,3.0654515327257661,Low,15,1507,0.995400,Very Low,6,1142,0.525400,Very Low,14,0,,,,540932.000000,23,6,1,4.2519207589863424,1.1091967197355674,0.18486611995592792,Low,Low,Very Low,24,0,0,0,0.000000,0.000000,0.000000,,,
2025/2026,>64 yrs,Los Angeles,11/08/2025,45,2025,122,4684,2.6046114432109309,Very Low,53,4107,1.290500,Very Low,5,2408,0.207600,Very Low,33,0,,,,1662650.000000,86,25,1,5.1724656421976967,1.5036237331970048,0.060144949327880191,Low,Low,Very Low,517,4,0,0,0.773694,0.000000,0.000000,,,
2025/2026,18-64 yrs,Southern California,11/15/2025,46,2025,122,8882,1.3735645124971854,Very Low,137,6293,2.177000,Low,10,3302,0.302800,Very Low,91,10,,,,7896077.000000,24,13,2,0.30394840374530291,0.16463871869537242,0.025329033645441906,Very Low,Very Low,Very Low,28,0,0,0,0.000000,0.000000,0.000000,,,
2023/2024,0-17 yrs,California,05/11/2024,19,2024,397,23774,1.6698999999999999,Very Low,649,12559,5.167600,Low,41,9038,0.453600,Very Low,,,,,,8694111.000000,28,,,0.32205707978653597,,,Very Low,,,54,0,1,0,0.000000,1.851900,0.000000,11,19,7
2024/2025,0-17 yrs,California,07/20/2024,29,2024,1943,19822,9.8021999999999991,Moderate,238,8158,2.917400,Low,26,5892,0.441300,Very Low,,,,,,8544834.000000,59,,,0.69047567220147277,,,Very Low,,,48,0,0,1,0.000000,0.000000,2.083300,9,44,8
2024/2025,>64 yrs,California,10/26/2024,43,2024,1005,26672,3.7679999999999998,Low,171,17236,0.992100,Very Low,39,12320,0.316600,Very Low,,,,,,6421418.000000,449,,,6.9922250817498561,,,Low,,,4018,38,2,0,0.945700,0.049800,0.000000,,,
2024/2025,>64 yrs,California,03/22/2025,12,2025,890,32881,2.7067000000000001,Very Low,1117,25772,4.334200,Low,382,18210,2.097700,Low,,,,,,6421418.000000,392,355,142,6.1045706727081148,5.5283739510494412,2.2113495804197765,Low,Moderate,High,4430,29,18,11,0.654600,0.406300,0.248300,,,
2024/2025,>64 yrs,California,03/29/2025,13,2025,885,34297,2.5804,Very Low,782,24447,3.198800,Low,283,17503,1.616900,Low,,,,,,6421418.000000,387,272,93,6.0267062508623486,4.2358245484097123,1.448278246331262,Low,Moderate,Low,4304,19,16,9,0.441400,0.371700,0.209100,,,
2024/2025,0-17 yrs,California,05/10/2025,19,2025,481,18642,2.5802,Very Low,1053,14490,7.267100,Low,99,9881,1.001900,Low,,,,,,8544834.000000,28,36,10,0.32768336985832613,0.42130718981784782,0.11702977494940218,Very Low,Very Low,Very Low,60,0,0,0,0.000000,0.000000,0.000000,9,44,8
2023/2024,0-17 yrs,California,03/23/2024,12,2024,462,30865,1.4967999999999999,Very Low,1614,19806,8.149000,Low,338,15564,2.171700,Low,,,,,,8694111.000000,42,,,0.48308561967980396,,,Very Low,,,70,0,2,0,0.000000,2.857100,0.000000,11,19,7
2023/2024,>64 yrs,California,05/11/2024,19,2024,1011,27839,3.6316000000000002,Low,274,15301,1.790700,Very Low,25,10585,0.236200,Very Low,,,,,,6221657.000000,499,,,8.0203714219539908,,,Low,,,4073,28,6,1,0.687500,0.147300,0.024600,,,
2024/2025,0-17 yrs,California,11/02/2024,44,2024,309,22088,1.3989,Very Low,554,14616,3.790400,Low,446,10934,4.079000,Moderate,,,,,,8544834.000000,18,17,35,0.21065359490892391,0.1989506174139837,0.40960421232290767,Very Low,Very Low,Very Low,57,0,0,0,0.000000,0.000000,0.000000,9,44,8
2024/2025,0-17 yrs,California,11/09/2024,45,2024,267,24114,1.1072,Very Low,833,16369,5.088900,Low,717,12363,5.799600,Moderate,,,,,,8544834.000000,23,21,77,0.26916848238362501,0.24576252739374457,0.90112926711039676,Very Low,Very Low,Low,49,0,0,0,0.000000,0.000000,0.000000,9,44,8
2023/2024,0-17 yrs,California,03/09/2024,10,2024,626,32320,1.9369000000000001,Very Low,1640,20188,8.123600,Low,541,15537,3.482000,Low,,,,,,8694111.000000,33,,,0.37956727260556022,,,Very Low,,,55,0,0,0,0.000000,0.000000,0.000000,11,19,7
2024/2025,>64 yrs,California,07/27/2024,30,2024,5181,34400,15.061,High,130,16712,0.777900,Very Low,14,10865,0.128900,Very Low,,,,,,6421418.000000,1812,,,28.218066476905879,,,High,,,4096,81,2,1,1.977500,0.048800,0.024400,,,
2025/2026,18-64 yrs,California,07/19/2025,29,2025,2137,41218,5.1845999999999997,Low,195,16056,1.214500,Very Low,19,9101,0.208800,Very Low,74,34,,,,24136728.000000,254,26,2,1.0523381628197492,0.10771965446186409,0.0082861272662972385,Very Low,Very Low,Very Low,1184,1,1,0,0.084500,0.084500,0.000000,,,
2023/2024,>64 yrs,California,09/23/2023,38,2023,4551,43597,10.438800000000001,Moderate,81,11177,0.724700,Very Low,34,5322,0.638900,Very Low,,,,,,,,,,,,,,,,3903,120,0,2,3.074600,0.000000,0.051200,,,
2023/2024,>64 yrs,California,12/30/2023,52,2023,7011,50545,13.870799999999999,High,3747,31189,12.013900,Moderate,1249,20352,6.137000,Moderate,,,,,,,,,,,,,,,,4670,161,42,21,3.447500,0.899400,0.449700,,,
2023/2024,18-64 yrs,California,03/16/2024,11,2024,1722,82665,2.0831,Very Low,1830,36267,5.045900,Low,231,25058,0.921900,Very Low,,,,,,24193302.000000,369,,,1.5252155327949859,,,Very Low,,,1201,9,2,1,0.749400,0.166500,0.083300,,,
2024/2025,18-64 yrs,California,09/07/2024,36,2024,5826,65877,8.8437999999999999,Moderate,502,21724,2.310800,Low,72,12324,0.584200,Very Low,,,,,,24153482.000000,673,,,2.7863477406694406,,,Very Low,,,1245,20,2,0,1.606400,0.160600,0.000000,,,
2024/2025,0-17 yrs,California,02/15/2025,7,2025,575,36864,1.5598000000000001,Very Low,13695,37211,36.803600,Very High,3399,25824,13.162200,Very High,,,,,,8544834.000000,46,272,312,0.53833696476725001,3.1832098786237393,3.6513289784213478,Very Low,Low,Very High,65,1,6,1,1.538500,9.230800,1.538500,9,44,8
2024/2025,0-17 yrs,California,09/28/2024,39,2024,682,19220,3.5484,Low,205,10334,1.983700,Very Low,80,7264,1.101300,Low,,,,,,8544834.000000,56,,,0.65536673971665227,,,Very Low,,,49,0,0,0,0.000000,0.000000,0.000000,9,44,8
2024/2025,>64 yrs,California,12/28/2024,52,2024,1530,33761,4.5319000000000003,Low,5970,32523,18.356200,High,640,21375,2.994200,Low,,,,,,6421418.000000,694,1898,227,10.807581752192428,29.557334532653069,3.5350447517978116,Low,Very High,Very High,4589,47,44,2,1.024200,0.958800,0.043600,,,
2025/2026,0-17 yrs,California,07/05/2025,27,2025,492,12399,3.9681000000000002,Low,197,7194,2.738400,Low,29,4872,0.595200,Very Low,61,81,,,,8386716.000000,22,7,5,0.26231960161760576,0.08346532778742001,0.059618091276728576,Very Low,Very Low,Very Low,55,0,0,0,0.000000,0.000000,0.000000,2,0,0
2023/2024,18-64 yrs,California,08/05/2023,31,2023,6953,72820,9.5481999999999996,Moderate,210,9845,2.133100,Low,4,3744,0.106800,Very Low,,,,,,,,,,,,,,,,1262,6,1,0,0.475400,0.079200,0.000000,,,
2023/2024,>64 yrs,California,08/19/2023,33,2023,4613,39599,11.6493,Moderate,70,8497,0.823800,Very Low,15,3873,0.387300,Very Low,,,,,,,,,,,,,,,,3926,95,1,0,2.419800,0.025500,0.000000,,,
2023/2024,18-64 yrs,California,02/17/2024,7,2024,4082,81485,5.0095000000000001,Low,2842,37879,7.502800,Low,526,24690,2.130400,Low,,,,,,24193302.000000,628,,,2.5957597685508165,,,Very Low,,,1292,15,9,0,1.161000,0.696600,0.000000,,,
2024/2025,18-64 yrs,California,10/12/2024,41,2024,1663,56386,2.9493,Very Low,363,23706,1.531300,Very Low,34,15121,0.224900,Very Low,,,,,,24153482.000000,292,,,1.208935423886295,,,Very Low,,,1124,5,0,0,0.444800,0.000000,0.000000,,,
2024/2025,18-64 yrs,California,12/28/2024,52,2024,1601,75134,2.1309,Very Low,18631,57084,32.637900,Very High,963,31580,3.049400,Low,,,,,,24153482.000000,250,1622,119,1.0350474519574444,6.7153878682999002,0.49268258713174362,Very Low,High,Very Low,1251,7,29,0,0.559600,2.318100,0.000000,,,
2025/2026,18-64 yrs,California,08/09/2025,32,2025,3555,42295,8.4052000000000007,Moderate,255,17630,1.446400,Very Low,10,9608,0.104100,Very Low,138,22,,,,24136728.000000,352,19,2,1.4583583988683138,0.078718209029823766,0.0082861272662972385,Very Low,Very Low,Very Low,1153,5,0,0,0.433700,0.000000,0.000000,,,
2025/2026,18-64 yrs,California,10/11/2025,41,2025,1334,37957,3.5145,Low,339,24343,1.392600,Very Low,45,14046,0.320400,Very Low,160,25,,,,24136728.000000,238,26,4,0.98604914468937122,0.10771965446186409,0.016572254532594477,Very Low,Very Low,Very Low,1035,5,0,0,0.483100,0.000000,0.000000,,,
2023/2024,18-64 yrs,California,11/25/2023,47,2023,4915,68590,7.1657999999999999,Low,3933,29780,13.206900,Moderate,816,18069,4.516000,Moderate,,,,,,,,,,,,,,,,1316,21,4,1,1.595700,0.304000,0.076000,,,
2023/2024,0-17 yrs,California,02/03/2024,5,2024,1786,34356,5.1985000000000001,Low,2775,20532,13.515500,Moderate,1739,15825,10.988900,Very High,,,,,,8694111.000000,98,,,1.1271997792528758,,,Very Low,,,45,0,0,1,0.000000,0.000000,2.222200,11,19,7
2023/2024,0-17 yrs,California,06/08/2024,23,2024,563,20651,2.7263000000000002,Very Low,553,10478,5.277700,Low,30,7686,0.390300,Very Low,,,,,,8694111.000000,16,,,0.1840326170208777,,,Very Low,,,61,0,0,0,0.000000,0.000000,0.000000,11,19,7
2023/2024,0-17 yrs,California,12/16/2023,50,2023,2143,44351,4.8319000000000001,Low,8371,28789,29.077100,Very High,4317,20195,21.376600,Very High,,,,,,,,,,,,,,,,63,0,3,1,0.000000,4.761900,1.587300,11,19,7
2023/2024,0-17 yrs,California,03/02/2024,9,2024,712,32580,2.1854,Very Low,1692,20015,8.453700,Low,827,15676,5.275600,Moderate,,,,,,8694111.000000,43,,,0.49458765824360884,,,Very Low,,,56,1,1,1,1.785700,1.785700,1.785700,11,19,7
2024/2025,18-64 yrs,California,07/27/2024,30,2024,8262,79732,10.3622,Moderate,320,25317,1.264000,Very Low,8,16268,0.049200,Very Low,,,,,,24153482.000000,672,,,2.7822075508616106,,,Very Low,,,1164,6,1,0,0.515500,0.085900,0.000000,,,
2024/2025,18-64 yrs,California,11/09/2024,45,2024,1103,59966,1.8393999999999999,Very Low,949,27654,3.431700,Low,101,17166,0.588400,Very Low,,,,,,24153482.000000,192,75,11,0.79491644310331744,0.31051423558723334,0.045542087886127562,Very Low,Very Low,Very Low,1187,6,2,0,0.505500,0.168500,0.000000,,,
2024/2025,18-64 yrs,California,12/14/2024,50,2024,1224,64432,1.8996999999999999,Very Low,7539,40697,18.524700,High,574,23783,2.413500,Low,,,,,,24153482.000000,209,553,76,0.86529966983642359,2.2895249637298671,0.31465442539506311,Very Low,Low,Very Low,1236,8,5,0,0.647200,0.404500,0.000000,,,
2024/2025,0-17 yrs,California,01/25/2025,4,2025,624,38675,1.6133999999999999,Very Low,16130,36289,44.448700,Very High,3752,25060,14.972100,Very High,,,,,,8544834.000000,56,354,344,0.65536673971665227,4.1428540332088373,4.0258242582594352,Very Low,Moderate,Very High,59,0,3,2,0.000000,5.084700,3.389800,9,44,8
2025/2026,>64 yrs,California,07/12/2025,28,2025,1243,23105,5.3798000000000004,Low,104,12352,0.842000,Very Low,12,8181,0.146700,Very Low,67,10,,,,6632226.000000,436,57,6,6.5739617437644622,0.85943995273984941,0.090467363446299923,Low,Very Low,Very Low,3943,22,2,0,0.558000,0.050700,0.000000,,,
2025/2026,18-64 yrs,California,09/13/2025,37,2025,4243,42145,10.067600000000001,Moderate,302,21570,1.400100,Very Low,39,11891,0.328000,Very Low,149,18,,,,24136728.000000,547,32,4,2.2662558073322945,0.13257803626075582,0.016572254532594477,Very Low,Very Low,Very Low,1135,5,1,1,0.440500,0.088100,0.088100,,,
2023/2024,18-64 yrs,California,09/09/2023,36,2023,10755,87089,12.349399999999999,Moderate,209,17493,1.194800,Very Low,28,7338,0.381600,Very Low,,,,,,,,,,,,,,,,1259,14,2,1,1.112000,0.158900,0.079400,,,
2023/2024,>64 yrs,California,04/13/2024,15,2024,988,31778,3.1091000000000002,Low,372,20064,1.854100,Very Low,90,15116,0.595400,Very Low,,,,,,6221657.000000,517,,,8.3096834171346945,,,Low,,,4234,31,4,3,0.732200,0.094500,0.070900,,,
2023/2024,18-64 yrs,California,05/04/2024,18,2024,1416,66617,2.1255999999999999,Very Low,897,25716,3.488100,Low,31,17618,0.176000,Very Low,,,,,,24193302.000000,225,,,0.93000947121645494,,,Very Low,,,1218,3,1,0,0.246300,0.082100,0.000000,,,
2025/2026,0-17 yrs,California,07/19/2025,29,2025,736,12001,6.1327999999999996,Low,127,6715,1.891300,Very Low,26,4545,0.572100,Very Low,44,40,,,,8386716.000000,37,13,2,0.44117387544779146,0.15500703731949431,0.023847236510691427,Very Low,Very Low,Very Low,57,0,0,0,0.000000,0.000000,0.000000,2,0,0
2025/2026,18-64 yrs,California,08/23/2025,34,2025,4636,46704,9.9262999999999995,Moderate,211,19771,1.067200,Very Low,20,10737,0.186300,Very Low,89,17,,,,24136728.000000,510,20,3,2.1129624529057955,0.082861272662972385,0.012429190899445858,Very Low,Very Low,Very Low,1134,4,2,0,0.352700,0.176400,0.000000,,,
2023/2024,All Ages,Greater Sierra-Sacramento,07/22/2023,29,2023,530,7419,7.1437999999999997,Low,15,774,1.938000,Very Low,0,379,0.000000,Very Low,,,,,,,,,,,,,,,,45,0,0,0,0.000000,0.000000,0.000000,,,
2023/2024,All Ages,Los Angeles,10/07/2023,40,2023,2300,40387,5.6948999999999996,Low,164,11045,1.484800,Very Low,79,5491,1.438700,Low,,,,,,,,,,,,,,,,1261,28,0,0,2.220500,0.000000,0.000000,,,
2023/2024,All Ages,Los Angeles,10/28/2023,43,2023,1971,35968,5.4798999999999998,Low,254,11535,2.202000,Low,240,6294,3.813200,Low,,,,,,,,,,,,,,,,1211,20,1,0,1.651500,0.082600,0.000000,,,
2023/2024,All Ages,Greater Sierra-Sacramento,11/11/2023,45,2023,827,9189,8.9999000000000002,Moderate,585,5078,11.520300,Moderate,376,3596,10.456100,Very High,,,,,,,,,,,,,,,,50,1,0,0,2.000000,0.000000,0.000000,,,
2023/2024,All Ages,Rural North,11/25/2023,47,2023,109,1227,8.8834999999999997,Moderate,37,927,3.991400,Low,30,628,4.777100,Moderate,,,,,,,,,,,,,,,,152,4,0,1,2.631600,0.000000,0.657900,,,
2023/2024,All Ages,Central California,04/06/2024,14,2024,360,16585,2.1705999999999999,Very Low,395,8049,4.907400,Low,51,6778,0.752400,Very Low,,,,,,4432134.000000,87,,,1.9629370411634666,,,Very Low,,,624,5,1,0,0.801300,0.160300,0.000000,,,
2023/2024,All Ages,Southern California,05/04/2024,18,2024,554,24747,2.2387000000000001,Very Low,483,13178,3.665200,Low,45,7718,0.583100,Very Low,,,,,,12802429.000000,102,,,0.79672380920839314,,,Very Low,,,1726,12,2,0,0.695200,0.115900,0.000000,,,
2024/2025,All Ages,Bay Area,07/20/2024,29,2024,4175,46012,9.0737000000000005,Moderate,250,14769,1.692700,Very Low,26,12160,0.213800,Very Low,,,,,,8391953.000000,625,,,7.4476108243218233,,,Low,,,1074,29,0,0,2.700200,0.000000,0.000000,,,
2024/2025,All Ages,Rural North,11/23/2024,47,2024,57,854,6.6745000000000001,Low,55,1158,4.749600,Low,3,558,0.537600,Very Low,,,,,,680190.000000,28,17,0,4.1164968611711439,2.4993016657110516,0,Low,Low,Very Low,154,0,2,0,0.000000,1.298700,0.000000,,,
2024/2025,All Ages,Central California,03/08/2025,10,2025,222,11340,1.9577,Very Low,1835,12442,14.748400,Moderate,624,8993,6.938700,Moderate,,,,,,4441622.000000,49,134,40,1.103200587533113,3.0169158924374924,0.90057190819029631,Very Low,Low,Low,661,1,14,4,0.151300,2.118000,0.605100,,,
2024/2025,All Ages,Bay Area,08/24/2024,34,2024,3238,38840,8.3368000000000002,Moderate,209,8194,2.550600,Low,10,5678,0.176100,Very Low,,,,,,8391953.000000,702,,,8.365156477878271,,,Low,,,1045,35,1,0,3.349300,0.095700,0.000000,,,
2024/2025,All Ages,Southern California,04/05/2025,14,2025,717,31971,2.2427000000000001,Very Low,1125,20194,5.571000,Low,258,11612,2.221800,Low,,,,,,12840501.000000,154,141,72,1.1993301507472334,1.0980879951646747,0.56072578476494017,Very Low,Low,Low,1769,12,4,2,0.678300,0.226100,0.113100,,,
2024/2025,All Ages,Bay Area,05/03/2025,18,2025,590,24442,2.4138999999999999,Very Low,1144,14675,7.795600,Low,84,12368,0.679200,Very Low,,,,,,8391953.000000,88,80,14,1.0486236040645127,0.95329418551319345,0.16682648246480886,Very Low,Very Low,Very Low,1077,9,1,0,0.835700,0.092900,0.000000,,,
2024/2025,All Ages,Rural North,06/28/2025,26,2025,36,572,6.2937000000000003,Low,7,614,1.140100,Very Low,0,412,0.000000,Very Low,,,,,,680190.000000,1,0,0,0.14701774504182655,0,0,Very Low,Very Low,Very Low,142,0,0,0,0.000000,0.000000,0.000000,,,
2025/2026,All Ages,Bay Area,09/20/2025,38,2025,1435,18382,7.8064999999999998,Low,147,8581,1.713100,Very Low,53,6656,0.796300,Very Low,108,10,,,,8398557.000000,293,13,9,3.4886945459797438,0.15478849521411833,0.10716126591746652,Low,Very Low,Very Low,1035,14,0,1,1.352700,0.000000,0.096600,,,
2025/2026,All Ages,Central California,10/04/2025,40,2025,381,6893,5.5273000000000003,Low,54,5103,1.058200,Very Low,9,3221,0.279400,Very Low,16,3,,,,4454294.000000,87,6,4,1.9531714790267549,0.13470148131218998,0.089800987541459987,Very Low,Very Low,Very Low,600,3,0,0,0.500000,0.000000,0.000000,,,
2025/2026,All Ages,Los Angeles,11/08/2025,45,2025,325,18233,1.7825,Very Low,380,15624,2.432200,Low,64,9145,0.699800,Very Low,198,27,,,,9748926.000000,143,49,2,1.4668282434393285,0.50261946803165802,0.020515080327822777,Very Low,Very Low,Very Low,619,4,0,0,0.646200,0.000000,0.000000,,,
2024/2025,All Ages,Greater Sierra-Sacramento,07/20/2024,29,2024,1238,6994,17.700900000000001,Very High,38,3242,1.172100,Very Low,3,1935,0.155000,Very Low,,,,,,2981445.000000,220,,,7.3789722768657482,,,Low,,,56,1,0,0,1.785700,0.000000,0.000000,,,
2024/2025,All Ages,Rural North,03/22/2025,12,2025,34,1150,2.9565000000000001,Very Low,129,1617,7.977700,Low,76,883,8.607000,High,,,,,,680190.000000,4,7,3,0.58807098016730619,1.029124215292786,0.44105323512547967,Very Low,Low,Very Low,174,2,0,0,1.149400,0.000000,0.000000,,,
2025/2026,All Ages,Bay Area,07/12/2025,28,2025,1322,18280,7.2319000000000004,Low,139,7342,1.893200,Very Low,10,5756,0.173700,Very Low,61,48,,,,8398557.000000,216,24,3,2.5718703820191968,0.28576337577991079,0.035720421972488849,Very Low,Very Low,Very Low,1045,8,1,0,0.765600,0.095700,0.000000,,,
2025/2026,All Ages,Southern California,08/30/2025,35,2025,2676,30825,8.6813000000000002,Moderate,163,18602,0.876200,Very Low,27,11020,0.245000,Very Low,67,13,,,,12884704.000000,492,27,3,3.8184812006546678,0.20955079759690251,0.023283421955211391,Low,Very Low,Very Low,1707,18,0,0,1.054500,0.000000,0.000000,,,
2025/2026,All Ages,Rural North,11/08/2025,45,2025,21,750,2.7999999999999998,Very Low,4,1122,0.356500,Very Low,5,628,0.796200,Very Low,2,0,,,,677064.000000,2,0,0,0.29539304999231975,0,0,Very Low,Very Low,Very Low,81,1,0,0,1.234600,0.000000,0.000000,,,
2023/2024,All Ages,Los Angeles,07/15/2023,28,2023,1861,33110,5.6207000000000003,Low,114,3182,3.582700,Low,4,2352,0.170100,Very Low,,,,,,,,,,,,,,,,1224,12,0,0,0.980400,0.000000,0.000000,,,
2023/2024,All Ages,Bay Area,07/29/2023,30,2023,2577,40812,6.3143000000000002,Low,105,2225,4.719100,Low,14,1424,0.983100,Very Low,,,,,,,,,,,,,,,,1003,31,0,0,3.090700,0.000000,0.000000,,,
2023/2024,All Ages,Los Angeles,09/30/2023,39,2023,2923,45092,6.4823000000000004,Low,105,10390,1.010600,Very Low,68,4887,1.391400,Low,,,,,,,,,,,,,,,,1226,39,0,0,3.181100,0.000000,0.000000,,,
2023/2024,All Ages,Rural North,10/21/2023,42,2023,120,1293,9.2806999999999995,Moderate,11,708,1.553700,Very Low,0,428,0.000000,Very Low,,,,,,,,,,,,,,,,138,2,0,0,1.449300,0.000000,0.000000,,,
2023/2024,All Ages,Los Angeles,02/10/2024,6,2024,2104,36442,5.7736000000000001,Low,1178,16227,7.259500,Low,366,8784,4.166700,Moderate,,,,,,9825708.000000,545,,,5.546674092085782,,,Low,,,1354,31,3,4,2.289500,0.221600,0.295400,,,
2024/2025,All Ages,Los Angeles,01/25/2025,4,2025,1123,47052,2.3866999999999998,Very Low,8555,30490,28.058400,Very High,935,18136,5.155500,Moderate,,,,,,9784023.000000,393,1008,134,4.0167526180181712,10.302510531710729,1.3695797730647199,Low,Very High,Low,1557,16,36,2,1.027600,2.312100,0.128500,,,
2024/2025,All Ages,Los Angeles,03/22/2025,12,2025,709,43331,1.6362000000000001,Very Low,2110,25290,8.343200,Low,379,17278,2.193500,Low,,,,,,9784023.000000,257,167,66,2.6267313558032312,1.7068643440433449,0.67456914195725015,Very Low,Low,Low,1315,4,6,1,0.304200,0.456300,0.076000,,,
2024/2025,All Ages,Greater Sierra-Sacramento,05/10/2025,19,2025,179,4796,3.7323,Low,102,3281,3.108800,Low,16,2011,0.795600,Very Low,,,,,,2981445.000000,36,10,3,1.2074681907598497,0.33540783076662489,0.10062234922998747,Very Low,Very Low,Very Low,58,2,0,0,3.448300,0.000000,0.000000,,,
2024/2025,All Ages,Rural North,06/14/2025,24,2025,34,630,5.3967999999999998,Low,11,726,1.515200,Very Low,1,486,0.205800,Very Low,,,,,,680190.000000,5,5,1,0.73508872520913271,0.73508872520913271,0.14701774504182655,Very Low,Very Low,Very Low,162,2,0,0,1.234600,0.000000,0.000000,,,
2025/2026,All Ages,Southern California,07/26/2025,30,2025,1068,19365,5.5151000000000003,Low,137,12971,1.056200,Very Low,10,7857,0.127300,Very Low,49,21,,,,12884704.000000,224,30,1,1.738495505989117,0.23283421955211389,0.0077611406517371292,Very Low,Very Low,Very Low,1557,8,0,0,0.513800,0.000000,0.000000,,,
2025/2026,All Ages,Greater Sierra-Sacramento,10/18/2025,42,2025,236,5229,4.5133000000000001,Low,47,5216,0.901100,Very Low,14,3384,0.413700,Very Low,38,0,,,,2992125.000000,56,3,0,1.8715795630195933,0.10026319087604964,0,Very Low,Very Low,Very Low,46,2,0,0,4.347800,0.000000,0.000000,,,
2023/2024,All Ages,Central California,10/21/2023,42,2023,919,16845,5.4555999999999996,Low,195,4985,3.911700,Low,54,3509,1.538900,Low,,,,,,,,,,,,,,,,633,13,0,0,2.053700,0.000000,0.000000,,,
2023/2024,All Ages,Los Angeles,12/16/2023,50,2023,4889,46318,10.555300000000001,Moderate,4771,22525,21.180900,Very High,1083,10851,9.980600,High,,,,,,,,,,,,,,,,1475,36,11,4,2.440700,0.745800,0.271200,,,
2023/2024,All Ages,Bay Area,02/17/2024,7,2024,2115,51274,4.1249000000000002,Low,1538,25872,5.944700,Low,503,22184,2.267400,Low,,,,,,8391874.000000,520,,,6.196470538046686,,,Low,,,1104,20,7,3,1.811600,0.634100,0.271700,,,
2023/2024,All Ages,Los Angeles,01/20/2024,3,2024,4105,43154,9.5123999999999995,Moderate,2580,19386,13.308600,Moderate,578,9801,5.897400,Moderate,,,,,,9825708.000000,910,,,9.2614191262349745,,,Low,,,1534,53,9,3,3.455000,0.586700,0.195600,,,
2024/2025,All Ages,Los Angeles,08/24/2024,34,2024,3563,36773,9.6891999999999996,Moderate,154,12665,1.215900,Very Low,10,7625,0.131100,Very Low,,,,,,9784023.000000,763,,,7.7984281108088158,,,Low,,,1229,44,2,0,3.580100,0.162700,0.000000,,,
2024/2025,All Ages,Southern California,03/29/2025,13,2025,731,35222,2.0754000000000001,Very Low,1721,24786,6.943400,Low,390,15096,2.583500,Low,,,,,,12840501.000000,167,204,100,1.300572306329792,1.5887230568339972,0.77878581217352805,Very Low,Low,Low,1803,13,10,4,0.721000,0.554600,0.221900,,,
2024/2025,All Ages,Bay Area,04/26/2025,17,2025,517,25882,1.9975000000000001,Very Low,1542,18527,8.323000,Low,119,15154,0.785300,Very Low,,,,,,8391953.000000,101,63,24,1.2035339092104067,0.75071917109163977,0.28598825565395802,Very Low,Very Low,Very Low,1083,4,2,0,0.369300,0.184700,0.000000,,,
2024/2025,All Ages,Southern California,06/28/2025,26,2025,757,20612,3.6726000000000001,Low,205,13256,1.546500,Very Low,9,7108,0.126600,Very Low,,,,,,12840501.000000,152,30,2,1.1837544345037627,0.23363574365205844,0.015575716243470563,Very Low,Very Low,Very Low,1638,4,0,0,0.244200,0.000000,0.000000,,,
2025/2026,All Ages,Los Angeles,07/19/2025,29,2025,971,25748,3.7711999999999999,Low,123,10614,1.158800,Very Low,10,6387,0.156600,Very Low,52,13,,,,9748926.000000,213,27,0,2.1848560549131255,0.27695358442560747,0,Very Low,Very Low,Very Low,1183,3,0,1,0.253600,0.000000,0.084500,,,
2025/2026,All Ages,Greater Sierra-Sacramento,08/30/2025,35,2025,911,5478,16.630199999999999,High,24,2231,1.075800,Very Low,9,1219,0.738300,Very Low,18,0,,,,2992125.000000,124,4,1,4.144211889543385,0.13368425450139951,0.033421063625349877,Low,Very Low,Very Low,47,0,0,0,0.000000,0.000000,0.000000,,,
2025/2026,All Ages,Los Angeles,07/12/2025,28,2025,859,28770,2.9857,Very Low,199,10598,1.877700,Very Low,15,6141,0.244300,Very Low,83,37,,,,9748926.000000,199,21,1,2.0412504926183663,0.21540834344213919,0.010257540163911389,Very Low,Very Low,Very Low,1141,5,0,0,0.438200,0.000000,0.000000,,,
2023/2024,All Ages,Greater Sierra-Sacramento,10/07/2023,40,2023,752,7619,9.8701000000000008,Moderate,29,2367,1.225200,Very Low,34,1199,2.835700,Low,,,,,,,,,,,,,,,,58,2,0,0,3.448300,0.000000,0.000000,,,
2023/2024,All Ages,Greater Sierra-Sacramento,12/23/2023,51,2023,1613,14449,11.163399999999999,Moderate,2040,9929,20.545900,High,956,7156,13.359400,Very High,,,,,,,,,,,,,,,,46,3,1,0,6.521700,2.173900,0.000000,,,
2024/2025,All Ages,Greater Sierra-Sacramento,08/24/2024,34,2024,1236,8278,14.931100000000001,High,34,3195,1.064200,Very Low,5,1961,0.255000,Very Low,,,,,,2981445.000000,259,,,8.687062816855585,,,Low,,,47,0,0,0,0.000000,0.000000,0.000000,,,
2024/2025,All Ages,Southern California,09/21/2024,38,2024,1932,28161,6.8605999999999998,Low,185,14222,1.300800,Very Low,16,7384,0.216700,Very Low,,,,,,12840501.000000,630,,,4.9063506166932269,,,Low,,,1627,39,0,0,2.397000,0.000000,0.000000,,,
2024/2025,All Ages,Los Angeles,10/05/2024,40,2024,1055,31302,3.3704000000000001,Low,201,12960,1.550900,Very Low,25,8426,0.296700,Very Low,,,,,,9784023.000000,299,,,3.0560026279578452,,,Low,,,1205,23,1,0,1.908700,0.083000,0.000000,,,
2024/2025,All Ages,Rural North,11/02/2024,44,2024,43,766,5.6135999999999999,Low,4,840,0.476200,Very Low,3,472,0.635600,Very Low,,,,,,680190.000000,9,5,0,1.3231597053764388,0.73508872520913271,0,Very Low,Very Low,Very Low,141,2,0,0,1.418400,0.000000,0.000000,,,
2024/2025,All Ages,Southern California,11/09/2024,45,2024,536,28558,1.8769,Very Low,499,14928,3.342700,Low,111,7881,1.408500,Low,,,,,,12840501.000000,126,80,29,0.98127012333864538,0.62302864973882244,0.22584788553032314,Very Low,Very Low,Very Low,1788,14,2,0,0.783000,0.111900,0.000000,,,
2024/2025,All Ages,Rural North,03/01/2025,9,2025,47,1496,3.1417000000000002,Low,370,2374,15.585500,High,139,1235,11.255100,Very High,,,,,,680190.000000,6,44,10,0.88210647025095934,6.4687807818403682,1.4701774504182654,Very Low,High,Low,170,3,5,1,1.764700,2.941200,0.588200,,,
2024/2025,All Ages,Greater Sierra-Sacramento,05/17/2025,20,2025,184,4666,3.9434,Low,134,3296,4.065500,Low,15,2046,0.733100,Very Low,,,,,,2981445.000000,39,9,4,1.3080905399898373,0.30186704768996242,0.13416313230664997,Very Low,Very Low,Very Low,53,0,0,0,0.000000,0.000000,0.000000,,,
2023/2024,All Ages,Greater Sierra-Sacramento,08/19/2023,33,2023,1130,7914,14.278499999999999,High,22,1230,1.788600,Very Low,1,599,0.166900,Very Low,,,,,,,,,,,,,,,,50,1,0,0,2.000000,0.000000,0.000000,,,
2023/2024,All Ages,Greater Sierra-Sacramento,10/28/2023,43,2023,876,8494,10.3132,Moderate,406,2664,15.240200,High,143,1606,8.904100,High,,,,,,,,,,,,,,,,50,0,0,0,0.000000,0.000000,0.000000,,,
2023/2024,All Ages,Greater Sierra-Sacramento,11/18/2023,46,2023,892,9871,9.0366,Moderate,833,6366,13.085100,Moderate,481,4320,11.134300,Very High,,,,,,,,,,,,,,,,55,1,0,0,1.818200,0.000000,0.000000,,,
2023/2024,All Ages,Bay Area,03/16/2024,11,2024,1060,55614,1.9059999999999999,Very Low,1266,27397,4.620900,Low,240,23669,1.014000,Low,,,,,,8391874.000000,362,,,4.3136967976401932,,,Low,,,1175,16,1,2,1.361700,0.085100,0.170200,,,
2023/2024,All Ages,Los Angeles,03/23/2024,12,2024,632,36546,1.7293000000000001,Very Low,723,16089,4.493800,Low,148,9583,1.544400,Low,,,,,,9825708.000000,188,,,1.9133481271782147,,,Very Low,,,1310,17,2,0,1.297700,0.152700,0.000000,,,
2023/2024,All Ages,Rural North,03/23/2024,12,2024,54,1554,3.4748999999999999,Low,81,1310,6.183200,Low,18,977,1.842400,Low,,,,,,683715.000000,24,,,3.5102345275443718,,,Low,,,149,4,1,0,2.684600,0.671100,0.000000,,,
2023/2024,All Ages,Greater Sierra-Sacramento,04/06/2024,14,2024,275,8132,3.3816999999999999,Low,286,6065,4.715600,Low,63,4513,1.396000,Low,,,,,,2973210.000000,109,,,3.6660713504932381,,,Low,,,49,0,0,0,0.000000,0.000000,0.000000,,,
2023/2024,All Ages,Bay Area,06/29/2024,26,2024,3462,41189,8.4052000000000007,Moderate,440,15969,2.755300,Low,31,13485,0.229900,Very Low,,,,,,8391874.000000,558,,,6.6492895389039441,,,Low,,,1102,23,1,0,2.087100,0.090700,0.000000,,,
2024/2025,All Ages,Central California,08/24/2024,34,2024,2366,15366,15.397600000000001,High,38,5885,0.645700,Very Low,13,4067,0.319600,Very Low,,,,,,4441622.000000,263,,,5.921260296351198,,,Low,,,603,8,0,0,1.326700,0.000000,0.000000,,,
2024/2025,All Ages,Greater Sierra-Sacramento,09/28/2024,39,2024,575,6713,8.5655000000000001,Moderate,31,3405,0.910400,Very Low,5,2192,0.228100,Very Low,,,,,,2981445.000000,230,,,7.7143801076323726,,,Low,,,54,1,0,0,1.851900,0.000000,0.000000,,,
2024/2025,All Ages,Southern California,08/03/2024,31,2024,4761,28896,16.476299999999998,High,190,14900,1.275200,Very Low,15,7537,0.199000,Very Low,,,,,,12840501.000000,896,,,6.977920877074812,,,Low,,,1693,47,0,0,2.776100,0.000000,0.000000,,,
2024/2025,All Ages,Southern California,08/10/2024,32,2024,4849,30423,15.938599999999999,High,156,15309,1.019000,Very Low,12,7936,0.151200,Very Low,,,,,,12840501.000000,972,,,7.5697980943266936,,,Low,,,1784,38,1,0,2.130000,0.056100,0.000000,,,
2025/2026,All Ages,Bay Area,08/09/2025,32,2025,2184,19235,11.3543,Moderate,132,7084,1.863400,Very Low,18,5356,0.336100,Very Low,74,16,,,,8398557.000000,302,9,3,3.5958558118972102,0.10716126591746652,0.035720421972488849,Low,Very Low,Very Low,1135,8,1,0,0.704800,0.088100,0.000000,,,
2023/2024,All Ages,Central California,10/14/2023,41,2023,824,16903,4.8749000000000002,Low,170,4969,3.421200,Low,42,3350,1.253700,Low,,,,,,,,,,,,,,,,597,11,0,0,1.842500,0.000000,0.000000,,,
2023/2024,All Ages,Southern California,01/20/2024,3,2024,4310,39259,10.978400000000001,Moderate,3132,22579,13.871300,Moderate,858,12618,6.799800,Moderate,,,,,,12802429.000000,991,,,7.7407185777011529,,,Low,,,2085,60,26,10,2.877700,1.247000,0.479600,,,
2023/2024,All Ages,Rural North,04/06/2024,14,2024,54,1375,3.9272999999999998,Low,66,1143,5.774300,Low,21,843,2.491100,Low,,,,,,683715.000000,19,,,2.7789356676392942,,,Very Low,,,154,1,2,0,0.649400,1.298700,0.000000,,,
2023/2024,All Ages,Los Angeles,04/27/2024,17,2024,439,27691,1.5853999999999999,Very Low,462,12321,3.749700,Low,54,7599,0.710600,Very Low,,,,,,9825708.000000,159,,,1.6182040011773198,,,Very Low,,,1289,6,0,2,0.465500,0.000000,0.155200,,,
2023/2024,All Ages,Southern California,06/01/2024,22,2024,978,21268,4.5984999999999996,Low,432,12592,3.430700,Low,22,7161,0.307200,Very Low,,,,,,12802429.000000,135,,,1.0544873945405204,,,Very Low,,,1764,12,1,1,0.680300,0.056700,0.056700,,,
2023/2024,All Ages,Rural North,06/22/2024,25,2024,119,945,12.592599999999999,Moderate,10,663,1.508300,Very Low,0,400,0.000000,Very Low,,,,,,683715.000000,5,,,0.73129885990507748,,,Very Low,,,164,3,1,0,1.829300,0.609800,0.000000,,,
2024/2025,All Ages,Bay Area,04/05/2025,14,2025,521,27007,1.9291,Very Low,2615,21078,12.406300,Moderate,269,17135,1.569900,Low,,,,,,8391953.000000,82,94,55,0.97712654015102329,1.1201206679780022,0.6553897525403205,Very Low,Low,Low,1058,6,4,3,0.567100,0.378100,0.283600,,,
2024/2025,All Ages,Greater Sierra-Sacramento,05/24/2025,21,2025,203,4714,4.3063000000000002,Low,117,2720,4.301500,Low,23,1825,1.260300,Low,,,,,,2981445.000000,56,10,4,1.8782838522930996,0.33540783076662489,0.13416313230664997,Very Low,Very Low,Very Low,62,0,0,0,0.000000,0.000000,0.000000,,,
2025/2026,All Ages,Central California,09/27/2025,39,2025,547,7377,7.4149000000000003,Low,50,4381,1.141300,Very Low,5,2954,0.169300,Very Low,23,1,,,,4454294.000000,92,10,1,2.0654227134535796,0.22450246885364999,0.022450246885364997,Very Low,Very Low,Very Low,606,4,0,0,0.660100,0.000000,0.000000,,,
2025/2026,All Ages,Rural North,10/11/2025,41,2025,47,718,6.5460000000000003,Low,4,1053,0.379900,Very Low,2,532,0.375900,Very Low,2,0,,,,677064.000000,10,0,0,1.4769652499615988,0,0,Very Low,Very Low,Very Low,136,0,0,1,0.000000,0.000000,0.735300,,,
2025/2026,All Ages,Southern California,11/01/2025,44,2025,461,21190,2.1756000000000002,Very Low,289,18741,1.542100,Very Low,52,11207,0.464000,Very Low,157,25,,,,12884704.000000,132,54,13,1.0244705660293012,0.41910159519380502,0.10089482847258267,Very Low,Very Low,Very Low,1617,10,1,0,0.618400,0.061800,0.000000,,,
2023/2024,All Ages,Rural North,11/11/2023,45,2023,153,1401,10.9208,Moderate,29,942,3.078600,Low,8,584,1.369900,Low,,,,,,,,,,,,,,,,140,3,0,1,2.142900,0.000000,0.714300,,,
2023/2024,All Ages,Greater Sierra-Sacramento,04/13/2024,15,2024,285,7858,3.6269,Low,332,5823,5.701500,Low,38,4286,0.886600,Very Low,,,,,,2973210.000000,117,,,3.9351408074101726,,,Low,,,58,1,1,0,1.724100,1.724100,0.000000,,,
2024/2025,All Ages,Los Angeles,08/10/2024,32,2024,4195,38799,10.812099999999999,Moderate,161,12450,1.293200,Very Low,12,7481,0.160400,Very Low,,,,,,9784023.000000,682,,,6.9705478002249173,,,Low,,,1185,24,1,0,2.025300,0.084400,0.000000,,,
2024/2025,All Ages,Southern California,09/14/2024,37,2024,2499,29282,8.5343,Moderate,196,14635,1.339300,Very Low,45,7723,0.582700,Very Low,,,,,,12840501.000000,737,,,5.7396514357189021,,,Low,,,1762,35,1,0,1.986400,0.056800,0.000000,,,
2024/2025,All Ages,Greater Sierra-Sacramento,09/21/2024,38,2024,709,6634,10.6874,Moderate,50,3280,1.524400,Very Low,7,2059,0.340000,Very Low,,,,,,2981445.000000,225,,,7.5466761922490608,,,Low,,,55,3,0,0,5.454500,0.000000,0.000000,,,
2024/2025,All Ages,Rural North,09/21/2024,38,2024,179,1109,16.140699999999999,High,12,839,1.430300,Very Low,3,520,0.576900,Very Low,,,,,,680190.000000,27,,,3.9694791161293166,,,Low,,,138,1,0,0,0.724600,0.000000,0.000000,,,
2024/2025,All Ages,Greater Sierra-Sacramento,08/17/2024,33,2024,1291,8656,14.9145,High,30,3244,0.924800,Very Low,5,1951,0.256300,Very Low,,,,,,2981445.000000,240,,,8.0497879383989979,,,Low,,,66,0,0,0,0.000000,0.000000,0.000000,,,
2024/2025,All Ages,Southern California,04/19/2025,16,2025,580,26091,2.2229999999999999,Very Low,780,17564,4.440900,Low,139,9179,1.514300,Low,,,,,,12840501.000000,137,110,37,1.0669365626777336,0.85666439339088096,0.28815075050420541,Very Low,Very Low,Very Low,1719,11,3,3,0.639900,0.174500,0.174500,,,
2024/2025,All Ages,Greater Sierra-Sacramento,06/07/2025,23,2025,197,4255,4.6298000000000004,Low,131,2457,5.331700,Low,10,1418,0.705200,Very Low,,,,,,2981445.000000,36,17,1,1.2074681907598497,0.57019331230326231,0.033540783076662493,Very Low,Very Low,Very Low,59,0,0,0,0.000000,0.000000,0.000000,,,
2024/2025,All Ages,Bay Area,06/14/2025,24,2025,856,19327,4.4290000000000003,Low,348,9057,3.842300,Low,20,7002,0.285600,Very Low,,,,,,8391953.000000,157,20,3,1.8708398390696419,0.23832354637829836,0.035748531956744753,Very Low,Very Low,Very Low,1001,4,1,1,0.399600,0.099900,0.099900,,,
2025/2026,All Ages,Central California,07/05/2025,27,2025,420,6131,6.8503999999999996,Low,46,3182,1.445600,Very Low,4,1996,0.200400,Very Low,10,23,,,,4454294.000000,53,15,0,1.189863084924345,0.33675370328047499,0,Very Low,Very Low,Very Low,647,6,0,0,0.927400,0.000000,0.000000,,,
2025/2026,All Ages,Rural North,11/15/2025,46,2025,13,760,1.7104999999999999,Very Low,8,1093,0.731900,Very Low,5,690,0.724600,Very Low,2,0,,,,677064.000000,2,0,1,0.29539304999231975,0,0.14769652499615987,Very Low,Very Low,Very Low,22,0,0,0,0.000000,0.000000,0.000000,,,
2024/2025,All Ages,California,02/15/2025,7,2025,3155,146714,2.1503999999999999,Very Low,30589,132297,23.121500,Very High,5227,87505,5.973400,Moderate,,,0.40000000000000002,7.7999999999999998,0.59999999999999998,39119734.000000,897,2816,733,2.2929603764688173,7.1984129544439135,1.8737346220196691,Very Low,High,Moderate,6207,41,141,26,0.660500,2.271600,0.418900,,,
2025/2026,All Ages,California,09/20/2025,38,2025,6677,82927,8.0517000000000003,Moderate,540,48300,1.118000,Very Low,155,30089,0.515100,Very Low,274,46,1.3,0.10000000000000001,0,39155670.000000,1370,83,21,3.498854699715265,0.2119744088148664,0.053632079338701136,Low,Very Low,Very Low,5000,56,3,1,1.120000,0.060000,0.020000,,,
2023/2024,All Ages,California,02/24/2024,8,2024,6465,150198,4.3042999999999996,Low,4916,80371,6.116600,Low,1850,55829,3.313700,Low,,,1.3,1.1000000000000001,0.29999999999999999,39109070.000000,1792,,,4.5820573079339395,,,Low,,,5662,105,9,10,1.854500,0.159000,0.176600,,,
2025/2026,All Ages,California,08/23/2025,34,2025,9933,90084,11.026400000000001,Moderate,489,46067,1.061500,Very Low,74,28387,0.260700,Very Low,197,37,2.2999999999999998,0.10000000000000001,0,39155670.000000,1536,72,12,3.9228035173449971,0.18388141487554677,0.03064690247925779,Low,Very Low,Very Low,5039,50,5,0,0.992300,0.099200,0.000000,,,
2025/2026,All Ages,California,08/16/2025,33,2025,8127,87477,9.2904,Moderate,483,41265,1.170500,Very Low,62,25025,0.247800,Very Low,236,52,2,0.10000000000000001,0,39155670.000000,1228,74,10,3.1361996870440478,0.18898923195542308,0.025539085399381496,Low,Very Low,Very Low,5194,48,2,0,0.924100,0.038500,0.000000,,,
2023/2024,All Ages,California,06/22/2024,25,2024,8835,125000,7.0679999999999996,Low,1365,48894,2.791800,Low,73,33056,0.220800,Very Low,,,1.6000000000000001,0.29999999999999999,0,39109070.000000,1282,,,3.2780119803411334,,,Low,,,5315,67,7,0,1.260600,0.131700,0.000000,,,
2025/2026,All Ages,California,11/08/2025,45,2025,1198,74226,1.6140000000000001,Very Low,1266,61891,2.045500,Low,418,40879,1.022500,Low,770,77,0.20000000000000001,0.20000000000000001,0.10000000000000001,39155670.000000,383,149,38,0.97814697079631119,0.38053237245078425,0.09704852451764967,Very Low,Very Low,Very Low,3270,16,0,0,0.489300,0.000000,0.000000,,,
2024/2025,All Ages,California,04/05/2025,14,2025,2219,118931,1.8657999999999999,Very Low,6326,82732,7.646400,Low,1081,55581,1.944900,Low,,,0.40000000000000002,1.3,0.20000000000000001,39119734.000000,528,455,209,1.3497024289582338,1.1630958431363567,0.53425721146263416,Very Low,Low,Low,5450,33,18,7,0.605500,0.330300,0.128400,,,
2023/2024,All Ages,California,02/10/2024,6,2024,8639,152882,5.6508000000000003,Low,5495,77198,7.118100,Low,2613,54408,4.802600,Moderate,,,1.3999999999999999,1.1000000000000001,0.40000000000000002,39109070.000000,2138,,,5.4667625693988633,,,Low,,,5677,150,23,24,2.642200,0.405100,0.422800,,,
2024/2025,All Ages,California,12/28/2024,52,2024,3611,146012,2.4731000000000001,Very Low,37447,124378,30.107400,Very High,6989,78321,8.923500,High,,,0.59999999999999998,5.2000000000000002,1,39119734.000000,979,3866,748,2.502573253693392,9.882480284758584,1.9120784410241645,Very Low,Very High,Moderate,5893,54,74,3,0.916300,1.255700,0.050900,,,
2023/2024,All Ages,California,03/02/2024,9,2024,5269,148922,3.5381,Low,4382,80224,5.462200,Low,1598,58716,2.721600,Low,,,1,1,0.29999999999999999,39109070.000000,1544,,,3.9479333054966532,,,Low,,,5404,103,12,11,1.906000,0.222100,0.203600,,,
2024/2025,All Ages,California,06/14/2025,24,2025,2882,82724,3.4839000000000002,Low,1125,43684,2.575300,Low,101,27856,0.362600,Very Low,,,0.5,0.29999999999999999,0,39119734.000000,553,158,16,1.4136087939657258,0.40388822684735026,0.040900073604794966,Very Low,Very Low,Very Low,5092,24,1,2,0.471300,0.019600,0.039300,,,
2024/2025,18-64 yrs,Southern California,03/29/2025,13,2025,359,21319,1.6839438998076832,Very Low,734,12897,5.691200,Low,81,8002,1.012200,Low,,,,,,7875686.000000,60,87,23,0.76183839731548464,1.1046656761074527,0.2920380523042691,Very Low,Low,Very Low,361,2,6,0,0.554017,1.662050,0.000000,,,
2024/2025,>64 yrs,Rural North,04/05/2025,14,2025,6,228,2.6315789473684208,Very Low,8,401,1.995000,Very Low,11,225,4.888900,Moderate,,,,,,148325.000000,6,5,2,4.045171077026799,3.3709758975223325,1.348390359008933,Low,Low,Low,127,0,0,0,0.000000,0.000000,0.000000,,,
2024/2025,>64 yrs,Rural North,04/12/2025,15,2025,9,239,3.7656903765690379,Low,14,435,3.218400,Low,11,243,4.526700,Moderate,,,,,,148325.000000,3,5,1,2.0225855385133995,3.3709758975223325,0.6741951795044665,Very Low,Low,Low,116,0,1,1,0.000000,0.862069,0.862069,,,
2024/2025,>64 yrs,Southern California,04/12/2025,15,2025,314,8220,3.8199513381995134,Low,140,6347,2.205800,Low,40,3410,1.173000,Low,,,,,,2059864.000000,98,54,16,4.7575956470912644,2.6215322953360025,0.77675030972918613,Low,Low,Low,1327,9,6,0,0.678222,0.452148,0.000000,,,
2024/2025,>64 yrs,Bay Area,04/26/2025,17,2025,200,6043,3.3096144299189145,Low,106,5007,2.117000,Low,27,4487,0.601700,Very Low,,,,,,1498910.000000,78,27,10,5.2037814144945322,1.8013089511711844,0.66715146339673492,Low,Low,Low,862,4,2,0,0.464037,0.232019,0.000000,,,
2024/2025,0-17 yrs,Los Angeles,04/26/2025,17,2025,76,4113,1.8477996596158521,Very Low,219,3341,6.554900,Low,45,2108,2.134700,Low,,,,,,1934637.000000,5,4,6,0.25844641656290046,0.20675713325032033,0.31013569987548051,Very Low,Very Low,Very Low,11,0,0,0,0.000000,0.000000,0.000000,,,
2024/2025,18-64 yrs,Los Angeles,04/26/2025,17,2025,298,19283,1.5454026863039985,Very Low,319,9969,3.199900,Low,17,6027,0.282100,Very Low,,,,,,6240953.000000,77,23,2,1.2337859298091172,0.36853345955337269,0.032046387787249803,Very Low,Very Low,Very Low,283,1,0,0,0.353357,0.000000,0.000000,,,
2024/2025,0-17 yrs,Southern California,04/26/2025,17,2025,104,4559,2.2812020179864003,Very Low,269,4034,6.668300,Low,51,2544,2.004700,Low,,,,,,2904951.000000,10,16,13,0.34423988562974039,0.55078381700758461,0.44751185131866256,Very Low,Very Low,Very Low,18,0,0,0,0.000000,0.000000,0.000000,,,
2024/2025,18-64 yrs,Central California,05/03/2025,18,2025,109,4259,2.55928621742193,Very Low,117,3246,3.604400,Low,5,2260,0.221200,Very Low,,,,,,2636654.000000,11,7,3,0.417195430268818,0.26548800108015685,0.11378057189149582,Very Low,Very Low,Very Low,182,1,0,0,0.549451,0.000000,0.000000,,,
2024/2025,0-17 yrs,Rural North,05/03/2025,18,2025,3,224,1.3392857142857142,Very Low,19,324,5.864200,Low,5,229,2.183400,Low,,,,,,147863.000000,0,0,0,0,0,0,Very Low,Very Low,Very Low,2,0,0,0,0.000000,0.000000,0.000000,,,
2024/2025,>64 yrs,Bay Area,05/10/2025,19,2025,217,5483,3.9576873974101772,Low,57,3030,1.881200,Very Low,14,2633,0.531700,Very Low,,,,,,1498910.000000,64,15,7,4.2697693657391032,1.0007271950951024,0.46700602437771443,Low,Low,Very Low,937,4,1,0,0.426894,0.106724,0.000000,,,
2024/2025,18-64 yrs,Central California,05/10/2025,19,2025,123,3793,3.2428157131558133,Low,86,2622,3.279900,Low,4,1806,0.221500,Very Low,,,,,,2636654.000000,9,5,0,0.3413417156744874,0.18963428648582636,0,Very Low,Very Low,Very Low,169,0,0,0,0.000000,0.000000,0.000000,,,
2024/2025,18-64 yrs,Bay Area,05/17/2025,20,2025,356,11036,3.225806451612903,Low,239,5155,4.636300,Low,11,3839,0.286500,Very Low,,,,,,5222531.000000,32,10,2,0.61272972817202997,0.1914780400537594,0.038295608010751873,Very Low,Very Low,Very Low,200,1,0,0,0.500000,0.000000,0.000000,,,
2024/2025,>64 yrs,Rural North,05/17/2025,20,2025,11,171,6.4327485380116958,Low,3,258,1.162800,Very Low,2,184,1.087000,Low,,,,,,148325.000000,6,2,2,4.045171077026799,1.348390359008933,1.348390359008933,Low,Low,Low,108,0,0,0,0.000000,0.000000,0.000000,,,
2024/2025,18-64 yrs,Rural North,05/24/2025,21,2025,14,338,4.1420118343195274,Low,12,393,3.053400,Low,0,257,0.000000,Very Low,,,,,,384002.000000,0,0,0,0,0,0,Very Low,Very Low,Very Low,30,0,0,0,0.000000,0.000000,0.000000,,,
2024/2025,18-64 yrs,Southern California,05/24/2025,21,2025,374,14219,2.6302834235881569,Very Low,153,7880,1.941600,Very Low,5,4481,0.111600,Very Low,,,,,,7875686.000000,54,18,0,0.68565455758393612,0.22855151919464539,0,Very Low,Very Low,Very Low,380,0,1,0,0.000000,0.263158,0.000000,,,
2024/2025,18-64 yrs,Central California,05/31/2025,22,2025,153,3346,4.5726240286909743,Low,58,2062,2.812800,Low,5,1296,0.385800,Very Low,,,,,,2636654.000000,16,6,0,0.60682971675464437,0.22756114378299164,0,Very Low,Very Low,Very Low,169,1,0,0,0.591716,0.000000,0.000000,,,
2024/2025,18-64 yrs,Los Angeles,05/31/2025,22,2025,280,17449,1.6046764857584963,Very Low,154,7888,1.952300,Very Low,8,5269,0.151800,Very Low,,,,,,6240953.000000,61,19,2,0.97741482751111886,0.30444068397887308,0.032046387787249803,Very Low,Very Low,Very Low,296,0,0,0,0.000000,0.000000,0.000000,,,
2024/2025,0-17 yrs,Southern California,05/31/2025,22,2025,144,4308,3.3426183844011144,Low,131,3330,3.933900,Low,12,2509,0.478300,Very Low,,,,,,2904951.000000,32,15,2,1.1015676340151692,0.51635982844461059,0.068847977125948076,Very Low,Very Low,Very Low,18,0,0,0,0.000000,0.000000,0.000000,,,
2024/2025,0-17 yrs,Bay Area,06/07/2025,23,2025,108,4643,2.326082274391557,Very Low,304,2627,11.572100,Moderate,9,1802,0.499400,Very Low,,,,,,1670512.000000,7,3,1,0.41903320658576532,0.17958565996532799,0.059861886655109331,Very Low,Very Low,Very Low,6,0,1,0,0.000000,16.666667,0.000000,,,
2024/2025,>64 yrs,Bay Area,06/07/2025,23,2025,316,5371,5.8834481474585738,Low,53,2850,1.859600,Very Low,3,2400,0.125000,Very Low,,,,,,1498910.000000,104,12,2,6.9383752193260433,0.80058175607608195,0.13343029267934697,Low,Very Low,Very Low,814,6,2,1,0.737101,0.245700,0.122850,,,
2024/2025,>64 yrs,Greater Sierra-Sacramento,06/07/2025,23,2025,64,1110,5.7657657657657655,Low,10,695,1.438800,Very Low,2,410,0.487800,Very Low,,,,,,525440.000000,27,7,0,5.1385505481120584,1.332216808769793,0,Low,Low,Very Low,45,0,0,0,0.000000,0.000000,0.000000,,,
2024/2025,>64 yrs,Bay Area,06/14/2025,24,2025,306,5612,5.4526015680684248,Low,46,2821,1.630600,Very Low,4,2379,0.168100,Very Low,,,,,,1498910.000000,111,9,2,7.4053812437037587,0.60043631705706146,0.13343029267934697,Low,Very Low,Very Low,791,4,0,1,0.505689,0.000000,0.126422,,,
2024/2025,18-64 yrs,Central California,06/28/2025,26,2025,215,4143,5.18947622495776,Low,42,1640,2.561000,Low,1,950,0.105300,Very Low,,,,,,2636654.000000,13,4,0,0.49304914486314849,0.15170742918866109,0,Very Low,Very Low,Very Low,160,0,0,0,0.000000,0.000000,0.000000,,,
2024/2025,0-17 yrs,Greater Sierra-Sacramento,06/28/2025,26,2025,37,869,4.2577675489067897,Low,29,700,4.142900,Low,6,406,1.477800,Low,,,,,,662349.000000,4,0,0,0.60391123108814238,0,0,Very Low,Very Low,Very Low,1,0,0,0,0.000000,0.000000,0.000000,,,
2024/2025,>64 yrs,Greater Sierra-Sacramento,06/28/2025,26,2025,76,1099,6.9153776160145588,Low,9,621,1.449300,Very Low,1,375,0.266700,Very Low,,,,,,525440.000000,26,4,0,4.9482338611449448,0.76126674786845316,0,Low,Very Low,Very Low,40,0,0,0,0.000000,0.000000,0.000000,,,
2025/2026,0-17 yrs,Central California,07/05/2025,27,2025,103,1515,6.7986798679867979,Low,16,949,1.686000,Very Low,3,656,0.457300,Very Low,1,12,,,,1200683.000000,2,0,0,0.16657185951662512,0,0,Very Low,Very Low,Very Low,11,0,0,0,0.000000,0.000000,0.000000,,,
2025/2026,0-17 yrs,Southern California,07/05/2025,27,2025,123,3128,3.9322250639386187,Low,63,2325,2.709700,Low,9,1559,0.577300,Very Low,18,27,,,,2856266.000000,7,2,4,0.24507521358304862,0.07002148959515675,0.1400429791903135,Very Low,Very Low,Very Low,13,0,0,0,0.000000,0.000000,0.000000,,,
2025/2026,18-64 yrs,Bay Area,07/12/2025,28,2025,694,9255,7.4986493787142088,Low,58,3291,1.762400,Very Low,3,2528,0.118700,Very Low,26,23,,,,5207239.000000,67,5,0,1.2866703448795034,0.096020174991007706,0,Very Low,Very Low,Very Low,202,0,0,0,0.000000,0.000000,0.000000,,,
2025/2026,>64 yrs,Bay Area,07/12/2025,28,2025,422,5357,7.8775434011573635,Low,18,2495,0.721400,Very Low,5,2087,0.239600,Very Low,10,3,,,,1548338.000000,136,17,3,8.7836118470256483,1.097951480878206,0.19375614368438931,Low,Low,Very Low,839,8,1,0,0.953516,0.119190,0.000000,,,
2025/2026,0-17 yrs,Los Angeles,07/12/2025,28,2025,114,3144,3.6259541984732824,Low,65,1657,3.922800,Low,7,1065,0.657300,Very Low,23,23,,,,1891916.000000,4,2,0,0.2114258772588212,0.1057129386294106,0,Very Low,Very Low,Very Low,14,0,0,0,0.000000,0.000000,0.000000,,,
2025/2026,0-17 yrs,Bay Area,07/19/2025,29,2025,228,3790,6.0158311345646442,Low,38,1520,2.500000,Low,4,1058,0.378100,Very Low,17,13,,,,1642980.000000,8,1,0,0.48692010858318419,0.060865013572898023,0,Very Low,Very Low,Very Low,14,0,0,0,0.000000,0.000000,0.000000,,,
2025/2026,0-17 yrs,Central California,07/19/2025,29,2025,148,1586,9.3316519546027745,Moderate,7,925,0.756800,Very Low,3,641,0.468000,Very Low,3,2,,,,1200683.000000,3,1,1,0.24985778927493768,0.08328592975831256,0.08328592975831256,Very Low,Very Low,Very Low,9,0,0,0,0.000000,0.000000,0.000000,,,
2025/2026,18-64 yrs,Central California,07/19/2025,29,2025,264,3612,7.3089700996677749,Low,13,1403,0.926600,Very Low,2,824,0.242700,Very Low,1,4,,,,2656528.000000,19,3,1,0.7152192636403607,0.11292935741689906,0.037643119138966348,Very Low,Very Low,Very Low,167,1,0,0,0.598802,0.000000,0.000000,,,
2025/2026,0-17 yrs,Greater Sierra-Sacramento,07/19/2025,29,2025,54,746,7.2386058981233248,Low,6,498,1.204800,Very Low,3,264,1.136400,Low,1,6,,,,650543.000000,4,2,0,0.61487096164281219,0.30743548082140609,0,Very Low,Very Low,Very Low,2,0,0,0,0.000000,0.000000,0.000000,,,
2025/2026,>64 yrs,Los Angeles,07/19/2025,29,2025,304,6921,4.3924288397630402,Low,23,3599,0.639100,Very Low,3,2334,0.128500,Very Low,16,2,,,,1662650.000000,125,15,0,7.5181186659850239,0.90217423991820289,0,Low,Very Low,Very Low,873,3,0,1,0.343643,0.000000,0.114548,,,
2025/2026,>64 yrs,Southern California,07/19/2025,29,2025,340,6383,5.3266489111702962,Low,42,5256,0.799100,Very Low,0,2862,0.000000,Very Low,24,2,,,,2132361.000000,132,11,0,6.1903214324403795,0.51586011937003162,0,Low,Very Low,Very Low,1278,8,1,0,0.625978,0.078247,0.000000,,,
2025/2026,0-17 yrs,Bay Area,07/26/2025,30,2025,286,3837,7.453739900964294,Low,44,1424,3.089900,Low,5,1050,0.476200,Very Low,21,12,,,,1642980.000000,17,1,0,1.0347052307392663,0.060865013572898023,0,Very Low,Very Low,Very Low,8,0,0,0,0.000000,0.000000,0.000000,,,
2025/2026,18-64 yrs,Bay Area,07/26/2025,30,2025,734,9459,7.7598054762659903,Low,43,3193,1.346700,Very Low,3,2364,0.126900,Very Low,23,7,,,,5207239.000000,52,3,3,0.99860981990648012,0.057612104994604625,0.057612104994604625,Very Low,Very Low,Very Low,208,2,0,0,0.961538,0.000000,0.000000,,,
2025/2026,>64 yrs,Central California,07/26/2025,30,2025,131,1134,11.552028218694884,Moderate,6,783,0.766300,Very Low,0,518,0.000000,Very Low,2,1,,,,597083.000000,35,5,2,5.8618316046512797,0.83740451495018275,0.33496180598007314,Low,Very Low,Very Low,409,3,0,0,0.733496,0.000000,0.000000,,,
2025/2026,0-17 yrs,Southern California,07/26/2025,30,2025,207,3198,6.4727954971857402,Low,33,2099,1.572200,Very Low,8,1412,0.566600,Very Low,10,8,,,,2856266.000000,21,2,1,0.73522564074914598,0.07002148959515675,0.035010744797578375,Very Low,Very Low,Very Low,11,0,0,0,0.000000,0.000000,0.000000,,,
2025/2026,>64 yrs,Bay Area,08/02/2025,31,2025,511,5621,9.0909090909090917,Moderate,12,2366,0.507200,Very Low,4,1987,0.201300,Very Low,10,1,,,,1548338.000000,164,7,2,10.592002521413283,0.45209766859690842,0.12917076245625955,Low,Very Low,Very Low,853,8,0,0,0.937866,0.000000,0.000000,,,
2025/2026,18-64 yrs,Southern California,08/02/2025,31,2025,640,10928,5.8565153733528552,Low,86,5560,1.546800,Very Low,0,2550,0.000000,Very Low,51,9,,,,7896077.000000,73,5,0,0.92450972805862963,0.063322584113604766,0,Very Low,Very Low,Very Low,302,2,1,0,0.662252,0.331126,0.000000,,,
2025/2026,>64 yrs,Bay Area,08/09/2025,32,2025,668,5900,11.322033898305085,Moderate,16,2313,0.691700,Very Low,5,1884,0.265400,Very Low,7,0,,,,1548338.000000,198,4,1,12.787905483169695,0.2583415249125191,0.064585381228129776,Low,Very Low,Very Low,898,8,1,0,0.890869,0.111359,0.000000,,,
2025/2026,>64 yrs,Greater Sierra-Sacramento,08/09/2025,32,2025,157,1215,12.921810699588477,Moderate,18,526,3.422100,Low,2,283,0.706700,Very Low,12,0,,,,540932.000000,53,2,1,9.79790435766418,0.36973223991185583,0.18486611995592792,Low,Very Low,Very Low,41,1,0,0,2.439024,0.000000,0.000000,,,
2025/2026,>64 yrs,Bay Area,08/23/2025,34,2025,817,5780,14.134948096885813,High,16,2649,0.604000,Very Low,0,2164,0.000000,Very Low,9,0,,,,1548338.000000,289,6,1,18.665175174929505,0.38751228736877863,0.064585381228129776,Moderate,Very Low,Very Low,773,12,0,0,1.552393,0.000000,0.000000,,,
2025/2026,0-17 yrs,Greater Sierra-Sacramento,08/23/2025,34,2025,211,1197,17.627401837928154,Very High,8,627,1.275900,Very Low,10,327,3.058100,Low,3,1,,,,650543.000000,11,0,0,1.6908951445177336,0,0,Very Low,Very Low,Very Low,1,0,0,0,0.000000,0.000000,0.000000,,,
2025/2026,18-64 yrs,Rural North,08/23/2025,34,2025,72,370,19.45945945945946,Very High,0,279,0.000000,Very Low,0,169,0.000000,Very Low,,,,,,381874.000000,2,0,0,0.5237329590388452,0,0,Very Low,Very Low,Very Low,27,0,0,0,0.000000,0.000000,0.000000,,,
2025/2026,18-64 yrs,Greater Sierra-Sacramento,08/30/2025,35,2025,428,2558,16.731821735731039,High,16,872,1.834900,Very Low,0,451,0.000000,Very Low,11,0,,,,1800650.000000,33,3,0,1.8326715352789269,0.16660650320717521,0,Very Low,Very Low,Very Low,12,0,0,0,0.000000,0.000000,0.000000,,,
2025/2026,>64 yrs,Greater Sierra-Sacramento,08/30/2025,35,2025,201,1424,14.115168539325843,High,2,556,0.359700,Very Low,1,316,0.316500,Very Low,3,0,,,,540932.000000,82,1,0,15.15902183638609,0.18486611995592792,0,Moderate,Very Low,Very Low,35,0,0,0,0.000000,0.000000,0.000000,,,
2025/2026,0-17 yrs,Southern California,08/30/2025,35,2025,709,5224,13.57197549770291,High,50,4263,1.172900,Very Low,15,2979,0.503500,Very Low,13,8,,,,2856266.000000,48,5,2,1.6805157502837622,0.17505372398789187,0.07002148959515675,Very Low,Very Low,Very Low,25,0,0,0,0.000000,0.000000,0.000000,,,
2025/2026,>64 yrs,Central California,09/06/2025,36,2025,301,1669,18.034751348112643,Very High,5,965,0.518100,Very Low,0,624,0.000000,Very Low,4,0,,,,597083.000000,92,3,1,15.408243075083364,0.50244270897010967,0.16748090299003657,Moderate,Very Low,Very Low,457,7,0,0,1.531729,0.000000,0.000000,,,
2025/2026,18-64 yrs,Rural North,09/06/2025,36,2025,88,407,21.621621621621621,Very High,1,322,0.310600,Very Low,0,187,0.000000,Very Low,,,,,,381874.000000,5,0,0,1.3093323975971132,0,0,Very Low,Very Low,Very Low,37,0,0,0,0.000000,0.000000,0.000000,,,
2025/2026,18-64 yrs,Southern California,09/13/2025,37,2025,1123,12045,9.3233706932337075,Moderate,82,7452,1.100400,Very Low,13,3443,0.377600,Very Low,36,7,,,,7896077.000000,158,17,0,2.0009936579899108,0.21529678598625621,0,Very Low,Very Low,Very Low,370,1,1,0,0.270270,0.270270,0.000000,,,
2025/2026,>64 yrs,Southern California,09/13/2025,37,2025,748,9077,8.240608130439572,Moderate,31,7017,0.441800,Very Low,41,4770,0.859500,Very Low,16,2,,,,2132361.000000,297,9,4,13.928223222990855,0.42206737039366221,0.18758549795273877,Moderate,Very Low,Very Low,1260,13,1,0,1.031746,0.079365,0.000000,,,
2025/2026,18-64 yrs,Bay Area,09/20/2025,38,2025,703,8858,7.9363287423797697,Low,82,3835,2.138200,Low,11,2954,0.372400,Very Low,65,2,,,,5207239.000000,89,4,1,1.7091591148399372,0.076816139992806162,0.019204034998201541,Very Low,Very Low,Very Low,211,2,0,0,0.947867,0.000000,0.000000,,,
2025/2026,18-64 yrs,Central California,09/20/2025,38,2025,366,3949,9.2681691567485451,Moderate,21,1855,1.132100,Very Low,1,1075,0.093000,Very Low,8,0,,,,2656528.000000,31,4,0,1.166936693307957,0.15057247655586539,0,Very Low,Very Low,Very Low,149,0,0,0,0.000000,0.000000,0.000000,,,
2025/2026,0-17 yrs,Rural North,09/20/2025,38,2025,24,269,8.921933085501859,Moderate,3,241,1.244800,Very Low,0,187,0.000000,Very Low,2,0,,,,144328.000000,0,0,0,0,0,0,Very Low,Very Low,Very Low,2,0,0,0,0.000000,0.000000,0.000000,,,
2025/2026,>64 yrs,Central California,09/27/2025,39,2025,166,1298,12.788906009244993,Moderate,10,975,1.025600,Very Low,2,659,0.303500,Very Low,5,0,,,,597083.000000,61,6,0,10.216335082392229,1.0048854179402193,0,Low,Low,Very Low,467,3,0,0,0.642398,0.000000,0.000000,,,
2025/2026,>64 yrs,Greater Sierra-Sacramento,09/27/2025,39,2025,144,1333,10.802700675168792,Moderate,8,964,0.829900,Very Low,1,680,0.147100,Very Low,8,0,,,,540932.000000,54,4,0,9.9827704776201074,0.73946447982371166,0,Low,Very Low,Very Low,30,2,0,0,6.666667,0.000000,0.000000,,,
2025/2026,18-64 yrs,Greater Sierra-Sacramento,10/04/2025,40,2025,153,2151,7.1129707112970717,Low,22,1610,1.366500,Very Low,6,845,0.710100,Very Low,14,1,,,,1800650.000000,25,2,0,1.3883875267264598,0.11107100213811678,0,Very Low,Very Low,Very Low,10,0,0,0,0.000000,0.000000,0.000000,,,
2025/2026,0-17 yrs,Southern California,10/18/2025,42,2025,120,4528,2.6501766784452299,Very Low,56,3989,1.403900,Very Low,32,2847,1.124000,Low,22,6,,,,2856266.000000,13,9,5,0.45513968236851887,0.31509670317820543,0.17505372398789187,Very Low,Very Low,Very Low,18,0,0,0,0.000000,0.000000,0.000000,,,
2025/2026,0-17 yrs,Bay Area,10/25/2025,43,2025,47,5328,0.88213213213213215,Very Low,72,3964,1.816300,Very Low,115,3090,3.721700,Low,40,7,,,,1642980.000000,2,4,3,0.12173002714579605,0.24346005429159209,0.18259504071869406,Very Low,Very Low,Very Low,8,0,0,0,0.000000,0.000000,0.000000,,,
2025/2026,0-17 yrs,Central California,11/01/2025,44,2025,27,2418,1.1166253101736971,Very Low,32,2406,1.330000,Very Low,13,1876,0.693000,Very Low,10,0,,,,1200683.000000,0,2,0,0,0.16657185951662512,0,Very Low,Very Low,Very Low,8,0,0,0,0.000000,0.000000,0.000000,,,
2025/2026,18-64 yrs,Central California,11/01/2025,44,2025,82,3538,2.317693612210288,Very Low,28,2856,0.980400,Very Low,1,1835,0.054500,Very Low,12,2,,,,2656528.000000,15,4,0,0.56464678708449523,0.15057247655586539,0,Very Low,Very Low,Very Low,122,1,0,0,0.819672,0.000000,0.000000,,,
2023/2024,18-64 yrs,California,07/08/2023,27,2023,3401,71441,4.7606000000000002,Low,160,5989,2.671600,Low,2,4663,0.042900,Very Low,,,,,,,,,,,,,,,,1333,7,0,1,0.525100,0.000000,0.075000,,,
2023/2024,0-17 yrs,California,08/19/2023,33,2023,2605,21364,12.1934,Moderate,154,5783,2.663000,Low,49,3888,1.260300,Low,,,,,,,,,,,,,,,,57,0,0,0,0.000000,0.000000,0.000000,11,19,7
2023/2024,>64 yrs,California,01/13/2024,2,2024,5878,49187,11.9503,Moderate,2363,29381,8.042600,Low,1188,19436,6.112400,Moderate,,,,,,6221657.000000,2323,,,37.337320266932103,,,Very High,,,4889,163,46,22,3.334000,0.940900,0.450000,,,
2023/2024,>64 yrs,California,02/24/2024,8,2024,2354,37106,6.3440000000000003,Low,581,24070,2.413800,Low,437,17093,2.556600,Low,,,,,,6221657.000000,1172,,,18.837425463988129,,,Moderate,,,4354,91,4,9,2.090000,0.091900,0.206700,,,
2023/2024,18-64 yrs,California,11/04/2023,44,2023,4286,72452,5.9156000000000004,Low,1804,25447,7.089200,Low,534,15643,3.413700,Low,,,,,,,,,,,,,,,,1372,7,2,0,0.510200,0.145800,0.000000,,,
2023/2024,18-64 yrs,California,04/20/2024,16,2024,1265,69377,1.8233999999999999,Very Low,1387,29937,4.633100,Low,62,20900,0.296700,Very Low,,,,,,24193302.000000,221,,,0.91347596950594012,,,Very Low,,,1189,1,1,0,0.084100,0.084100,0.000000,,,
2023/2024,0-17 yrs,California,12/09/2023,49,2023,1979,40099,4.9352999999999998,Low,6313,24990,25.262100,Very High,3772,17589,21.445200,Very High,,,,,,,,,,,,,,,,61,0,2,1,0.000000,3.278700,1.639300,11,19,7
2023/2024,0-17 yrs,California,02/24/2024,8,2024,837,31214,2.6815000000000002,Very Low,1849,18642,9.918500,Moderate,872,14322,6.088500,Moderate,,,,,,8694111.000000,66,,,0.75913454521112045,,,Very Low,,,66,2,1,0,3.030300,1.515200,0.000000,11,19,7
2023/2024,18-64 yrs,California,05/11/2024,19,2024,1497,64449,2.3228,Very Low,786,23994,3.275800,Low,26,15694,0.165700,Very Low,,,,,,24193302.000000,185,,,0.7646744541113073,,,Very Low,,,1227,8,1,0,0.652000,0.081500,0.000000,,,
2023/2024,18-64 yrs,California,06/08/2024,23,2024,2989,66839,4.4718999999999998,Low,977,23641,4.132700,Low,32,15230,0.210100,Very Low,,,,,,24193302.000000,205,,,0.84734196266388107,,,Very Low,,,1271,6,4,0,0.472100,0.314700,0.000000,,,
2024/2025,>64 yrs,California,10/05/2024,40,2024,1844,27885,6.6128999999999998,Low,152,15709,0.967600,Very Low,13,10192,0.127600,Very Low,,,,,,6421418.000000,1034,,,16.102362437704571,,,Moderate,,,3979,75,2,0,1.884900,0.050300,0.000000,,,
2023/2024,18-64 yrs,California,10/14/2023,41,2023,4883,77435,6.3059000000000003,Low,339,19489,1.739400,Very Low,88,9959,0.883600,Very Low,,,,,,,,,,,,,,,,1311,15,1,0,1.144200,0.076300,0.000000,,,
2023/2024,0-17 yrs,California,01/20/2024,3,2024,2059,30666,6.7142999999999997,Low,3907,18504,21.114400,Very High,1786,13791,12.950500,Very High,,,,,,8694111.000000,90,,,1.035183470742437,,,Very Low,,,46,0,2,1,0.000000,4.347800,2.173900,11,19,7
2023/2024,0-17 yrs,California,06/22/2024,25,2024,1009,20115,5.0162000000000004,Low,342,8942,3.824600,Low,31,6606,0.469300,Very Low,,,,,,8694111.000000,25,,,0.28755096409512138,,,Very Low,,,57,0,0,0,0.000000,0.000000,0.000000,11,19,7
2024/2025,>64 yrs,California,11/23/2024,47,2024,942,26603,3.5409999999999999,Low,653,20217,3.230000,Low,122,13903,0.877500,Very Low,,,,,,6421418.000000,481,242,59,7.4905573815627635,3.7686380173351117,0.91880017778004797,Low,Low,Low,4477,46,10,2,1.027500,0.223400,0.044700,,,
2024/2025,>64 yrs,California,12/21/2024,51,2024,1304,32797,3.976,Low,3631,28041,12.948900,Moderate,562,19023,2.954300,Low,,,,,,6421418.000000,580,1146,170,9.0322729341089456,17.846525487049746,2.6473903427560703,Low,Very High,High,4533,26,38,5,0.573600,0.838300,0.110300,,,
2025/2026,>64 yrs,California,07/26/2025,30,2025,1458,23087,6.3151999999999999,Low,98,12995,0.754100,Very Low,7,9104,0.076900,Very Low,49,7,,,,6632226.000000,517,37,11,7.7952711502895111,0.5578820745855162,0.16585683298488321,Low,Very Low,Very Low,3694,26,0,0,0.703800,0.000000,0.000000,,,
2023/2024,18-64 yrs,California,06/22/2024,25,2024,4686,73405,6.3837999999999999,Low,768,24082,3.189100,Low,21,15685,0.133900,Very Low,,,,,,24193302.000000,331,,,1.3681472665450958,,,Very Low,,,1219,10,3,0,0.820300,0.246100,0.000000,,,
2024/2025,18-64 yrs,California,11/30/2024,48,2024,989,56108,1.7626999999999999,Very Low,3687,32118,11.479500,Moderate,282,18890,1.492900,Low,,,,,,24153482.000000,185,280,46,0.76593511444850881,1.1592531461923379,0.19044873116016978,Very Low,Low,Very Low,1217,4,7,0,0.328700,0.575200,0.000000,,,
2024/2025,>64 yrs,California,02/01/2025,5,2025,1471,40193,3.6598000000000002,Low,7519,37203,20.210700,High,857,25161,3.406100,Low,,,,,,6421418.000000,664,2573,295,10.340395221117827,40.06903148183158,4.5940008889002399,Low,Very High,Very High,5085,56,133,12,1.101300,2.615500,0.236000,,,
2023/2024,>64 yrs,California,05/04/2024,18,2024,914,28458,3.2118000000000002,Low,215,16220,1.325500,Very Low,30,11917,0.251700,Very Low,,,,,,6221657.000000,492,,,7.9078612016059386,,,Low,,,4051,36,4,1,0.888700,0.098700,0.024700,,,
2024/2025,18-64 yrs,California,04/05/2025,14,2025,1112,63868,1.7411000000000001,Very Low,2604,38365,6.787400,Low,266,24583,1.082000,Low,,,,,,24153482.000000,148,182,48,0.61274809155880705,0.75351454502501958,0.19872911077582936,Very Low,Very Low,Very Low,1198,5,5,1,0.417400,0.417400,0.083500,,,
2025/2026,>64 yrs,California,09/27/2025,39,2025,1811,25217,7.1817000000000002,Low,113,17341,0.651600,Very Low,16,11477,0.139400,Very Low,83,3,,,,6632226.000000,769,59,4,11.594900415034108,0.88959574055528257,0.060311575630866622,Low,Very Low,Very Low,3942,53,0,0,1.344500,0.000000,0.000000,,,
2023/2024,18-64 yrs,California,08/19/2023,33,2023,10368,83570,12.4064,Moderate,193,12865,1.500200,Very Low,7,4999,0.140000,Very Low,,,,,,,,,,,,,,,,1324,18,1,0,1.359500,0.075500,0.000000,,,
2023/2024,>64 yrs,California,09/30/2023,39,2023,3791,43145,8.7866,Moderate,90,11542,0.779800,Very Low,29,5387,0.538300,Very Low,,,,,,,,,,,,,,,,3900,120,4,1,3.076900,0.102600,0.025600,,,
2023/2024,>64 yrs,California,02/17/2024,7,2024,2629,38027,6.9135,Low,593,23410,2.533100,Low,479,16307,2.937400,Low,,,,,,6221657.000000,1287,,,20.685807655420415,,,Moderate,,,4387,90,15,12,2.051500,0.341900,0.273500,,,
2023/2024,18-64 yrs,California,01/27/2024,4,2024,6579,87228,7.5423,Low,3933,38010,10.347300,Moderate,960,24762,3.876900,Low,,,,,,24193302.000000,873,,,3.608436748319845,,,Low,,,1286,13,13,4,1.010900,1.010900,0.311000,,,
2023/2024,18-64 yrs,California,05/18/2024,20,2024,1782,61339,2.9051999999999998,Very Low,812,23661,3.431800,Low,29,15532,0.186700,Very Low,,,,,,24193302.000000,163,,,0.67374019470347624,,,Very Low,,,1187,9,2,0,0.758200,0.168500,0.000000,,,
2023/2024,>64 yrs,California,09/16/2023,37,2023,5218,44008,11.8569,Moderate,126,10619,1.186600,Very Low,23,5025,0.457700,Very Low,,,,,,,,,,,,,,,,3948,123,1,0,3.115500,0.025300,0.000000,,,
2023/2024,0-17 yrs,California,02/10/2024,6,2024,1302,33297,3.9102999999999999,Low,2180,19309,11.290100,Moderate,1398,15022,9.306400,High,,,,,,8694111.000000,79,,,0.90866104654058366,,,Very Low,,,66,0,1,0,0.000000,1.515200,0.000000,11,19,7
2024/2025,18-64 yrs,California,07/20/2024,29,2024,7847,73766,10.637700000000001,Moderate,398,24878,1.599800,Very Low,7,15494,0.045200,Very Low,,,,,,24153482.000000,526,,,2.1777398389184635,,,Very Low,,,1248,15,1,0,1.201900,0.080100,0.000000,,,
2024/2025,0-17 yrs,California,03/15/2025,11,2025,300,27023,1.1102000000000001,Very Low,5155,25798,19.982200,High,1551,18266,8.491200,High,,,,,,8544834.000000,27,118,142,0.31598039236338588,1.3809513444029455,1.6618228042815109,Very Low,Low,Moderate,59,1,1,0,1.694900,1.694900,0.000000,9,44,8
2024/2025,>64 yrs,California,11/02/2024,44,2024,930,26669,3.4872000000000001,Low,176,16823,1.046200,Very Low,45,12081,0.372500,Very Low,,,,,,6421418.000000,369,38,12,5.7463943322175881,0.59176960602782747,0.18687461242984024,Low,Very Low,Very Low,3950,31,1,2,0.784800,0.025300,0.050600,,,
2024/2025,18-64 yrs,California,03/29/2025,13,2025,1226,69844,1.7553000000000001,Very Low,3575,43935,8.137000,Low,363,29945,1.212200,Low,,,,,,24153482.000000,187,230,68,0.77421549406416845,0.95224365580084891,0.28153290693242489,Very Low,Very Low,Very Low,1147,3,9,1,0.261600,0.784700,0.087200,,,
2024/2025,18-64 yrs,California,05/31/2025,22,2025,1254,48315,2.5954999999999999,Very Low,683,24769,2.757500,Low,24,16801,0.142800,Very Low,,,,,,24153482.000000,176,64,7,0.72867340617804099,0.26497214770110578,0.028981328654808444,Very Low,Very Low,Very Low,1163,3,1,0,0.258000,0.086000,0.000000,,,
2025/2026,0-17 yrs,California,10/04/2025,40,2025,564,15999,3.5251999999999999,Low,221,13359,1.654300,Very Low,100,9211,1.085700,Low,76,32,,,,8386716.000000,50,25,7,0.5961809127672858,0.2980904563836429,0.08346532778742001,Very Low,Very Low,Very Low,59,0,0,0,0.000000,0.000000,0.000000,2,0,0
2023/2024,18-64 yrs,California,09/02/2023,35,2023,12200,91224,13.373699999999999,High,192,16278,1.179500,Very Low,27,6860,0.393600,Very Low,,,,,,,,,,,,,,,,1240,12,1,0,0.967700,0.080600,0.000000,,,
2023/2024,>64 yrs,California,06/01/2024,22,2024,1711,27875,6.1380999999999997,Low,241,14751,1.633800,Very Low,23,10068,0.228400,Very Low,,,,,,6221657.000000,604,,,9.7080247271747702,,,Low,,,4021,35,2,2,0.870400,0.049700,0.049700,,,
2024/2025,0-17 yrs,California,03/01/2025,9,2025,364,31064,1.1718,Very Low,7226,29550,24.453500,Very High,2531,20905,12.107200,Very High,,,,,,8544834.000000,32,151,264,0.374495279838087,1.7671496017359727,3.0895860586642172,Very Low,Low,Very High,51,0,0,0,0.000000,0.000000,0.000000,9,44,8
2024/2025,18-64 yrs,California,03/22/2025,12,2025,1242,70489,1.762,Very Low,3974,48399,8.210900,Low,453,33071,1.369800,Low,,,,,,24153482.000000,191,251,76,0.79077625329548751,1.0391876417652743,0.31465442539506311,Very Low,Low,Very Low,1215,2,9,1,0.164600,0.740700,0.082300,,,
2025/2026,>64 yrs,California,10/04/2025,40,2025,1335,22819,5.8503999999999996,Low,119,18370,0.647800,Very Low,21,13055,0.160900,Very Low,67,1,,,,6632226.000000,634,37,8,9.5593847374923602,0.5578820745855162,0.12062315126173324,Low,Very Low,Very Low,3710,39,3,0,1.051200,0.080900,0.000000,,,
2023/2024,All Ages,Bay Area,10/21/2023,42,2023,2492,43528,5.7251000000000003,Low,1320,11571,11.407800,Moderate,1104,10024,11.013600,Very High,,,,,,,,,,,,,,,,1022,21,1,0,2.054800,0.097800,0.000000,,,
2023/2024,All Ages,Southern California,01/06/2024,1,2024,4809,39051,12.3147,Moderate,3844,25007,15.371700,High,1335,13150,10.152100,Very High,,,,,,,,,,,,,,,,2059,81,34,10,3.933900,1.651300,0.485700,,,
2023/2024,All Ages,Bay Area,06/08/2024,23,2024,2176,44151,4.9284999999999997,Low,568,16106,3.526600,Low,39,13601,0.286700,Very Low,,,,,,8391874.000000,373,,,4.4447759820988733,,,Low,,,1085,15,5,0,1.382500,0.460800,0.000000,,,
2023/2024,All Ages,Rural North,06/08/2024,23,2024,76,923,8.234,Moderate,13,758,1.715000,Very Low,0,454,0.000000,Very Low,,,,,,683715.000000,3,,,0.43877931594304648,,,Very Low,,,148,0,0,0,0.000000,0.000000,0.000000,,,
2024/2025,All Ages,Rural North,01/25/2025,4,2025,35,1347,2.5983999999999998,Very Low,566,2284,24.781100,Very High,125,1098,11.384300,Very High,,,,,,680190.000000,9,53,8,1.3231597053764388,7.7919404872168068,1.1761419603346124,Very Low,High,Low,173,0,2,1,0.000000,1.156100,0.578000,,,
2024/2025,All Ages,Rural North,02/15/2025,7,2025,37,1868,1.9806999999999999,Very Low,848,3051,27.794200,Very High,154,1526,10.091700,Very High,,,,,,680190.000000,22,93,16,3.2343903909201841,13.672650288889869,2.3522839206692248,Low,Very High,High,207,1,5,0,0.483100,2.415500,0.000000,,,
2024/2025,All Ages,Greater Sierra-Sacramento,02/22/2025,8,2025,184,11189,1.6445000000000001,Very Low,3324,12394,26.819400,Very High,624,8514,7.329100,High,,,,,,2981445.000000,41,296,73,1.3751721061431621,9.9280717906920977,2.4484771645963619,Very Low,Very High,High,74,0,0,0,0.000000,0.000000,0.000000,,,
2024/2025,All Ages,Los Angeles,05/03/2025,18,2025,535,34005,1.5732999999999999,Very Low,518,17505,2.959200,Low,66,11355,0.581200,Very Low,,,,,,9784023.000000,191,41,15,1.9521622138459813,0.41905052757950384,0.15331116862664773,Very Low,Very Low,Very Low,1213,3,2,0,0.247300,0.164900,0.000000,,,
2025/2026,All Ages,Los Angeles,08/23/2025,34,2025,2226,26905,8.2736000000000001,Moderate,157,12611,1.244900,Very Low,19,7375,0.257600,Very Low,51,19,,,,9748926.000000,417,19,4,4.2773942483510492,0.19489326311431637,0.041030160655645555,Low,Very Low,Very Low,1220,10,2,0,0.819700,0.163900,0.000000,,,
2025/2026,All Ages,Central California,11/08/2025,45,2025,143,7567,1.8897999999999999,Very Low,84,7236,1.160900,Very Low,9,5048,0.178300,Very Low,34,5,,,,4454294.000000,29,16,0,0.65105715967558497,0.35920395016583995,0,Very Low,Very Low,Very Low,380,3,0,0,0.789500,0.000000,0.000000,,,
2023/2024,All Ages,Bay Area,12/16/2023,50,2023,4072,55333,7.3590999999999998,Low,4676,27006,17.314700,High,2064,22120,9.330900,High,,,,,,,,,,,,,,,,1160,29,4,4,2.500000,0.344800,0.344800,,,
2023/2024,All Ages,Central California,12/23/2023,51,2023,1779,25008,7.1136999999999997,Low,3825,14379,26.601300,Very High,1265,10686,11.837900,Very High,,,,,,,,,,,,,,,,753,15,12,5,1.992000,1.593600,0.664000,,,
2023/2024,All Ages,Bay Area,01/06/2024,1,2024,5251,50724,10.3521,Moderate,4066,27081,15.014200,High,1723,23095,7.460500,High,,,,,,,,,,,,,,,,1180,40,11,4,3.389800,0.932200,0.339000,,,
2024/2025,All Ages,Central California,10/26/2024,43,2024,271,11626,2.331,Very Low,94,6424,1.463300,Very Low,34,4670,0.728100,Very Low,,,,,,4441622.000000,78,,,1.7561152209710778,,,Very Low,,,587,6,0,0,1.022100,0.000000,0.000000,,,
2024/2025,All Ages,Greater Sierra-Sacramento,10/26/2024,43,2024,294,7137,4.1193999999999997,Low,90,5618,1.602000,Very Low,31,3958,0.783200,Very Low,,,,,,2981445.000000,52,,,1.7441207199864495,,,Very Low,,,60,0,0,0,0.000000,0.000000,0.000000,,,
2025/2026,All Ages,Central California,08/09/2025,32,2025,944,6661,14.172000000000001,High,46,3297,1.395200,Very Low,1,1923,0.052000,Very Low,23,3,,,,4454294.000000,109,11,0,2.4470769105047849,0.24695271573901498,0,Very Low,Very Low,Very Low,607,4,0,0,0.659000,0.000000,0.000000,,,
2025/2026,All Ages,Central California,08/23/2025,34,2025,1454,8215,17.699300000000001,Very High,40,4530,0.883000,Very Low,3,2904,0.103300,Very Low,12,1,,,,4454294.000000,120,6,1,2.6940296262437999,0.13470148131218998,0.022450246885364997,Very Low,Very Low,Very Low,645,11,2,0,1.705400,0.310100,0.000000,,,
2025/2026,All Ages,Central California,09/20/2025,38,2025,693,7521,9.2141999999999999,Moderate,46,4375,1.051400,Very Low,3,2878,0.104200,Very Low,24,0,,,,4454294.000000,107,9,0,2.4021764167340551,0.20205222196828498,0,Very Low,Very Low,Very Low,598,4,0,0,0.668900,0.000000,0.000000,,,
2023/2024,All Ages,Bay Area,08/19/2023,33,2023,4134,45993,8.9883000000000006,Moderate,144,5241,2.747600,Low,40,2528,1.582300,Low,,,,,,,,,,,,,,,,1084,30,0,0,2.767500,0.000000,0.000000,,,
2023/2024,All Ages,Bay Area,10/14/2023,41,2023,2354,45021,5.2286999999999999,Low,155,10090,1.536200,Very Low,365,6052,6.031100,Moderate,,,,,,,,,,,,,,,,1073,21,0,1,1.957100,0.000000,0.093200,,,
2023/2024,All Ages,Los Angeles,11/11/2023,45,2023,2430,36305,6.6932999999999998,Low,835,14013,5.958800,Low,455,7381,6.164500,Moderate,,,,,,,,,,,,,,,,1311,12,3,0,0.915300,0.228800,0.000000,,,
2023/2024,All Ages,Los Angeles,12/02/2023,48,2023,3320,41460,8.0076999999999998,Moderate,2537,18077,14.034400,Moderate,806,8541,9.436800,High,,,,,,,,,,,,,,,,1413,41,2,1,2.901600,0.141500,0.070800,,,
2023/2024,All Ages,Rural North,04/20/2024,16,2024,35,1287,2.7195,Very Low,50,1130,4.424800,Low,8,820,0.975600,Very Low,,,,,,683715.000000,20,,,2.9251954396203099,,,Very Low,,,160,1,1,0,0.625000,0.625000,0.000000,,,
2023/2024,All Ages,Southern California,05/18/2024,20,2024,733,23864,3.0716000000000001,Low,401,12968,3.092200,Low,33,7465,0.442100,Very Low,,,,,,12802429.000000,117,,,0.91388907526845098,,,Very Low,,,1707,6,4,0,0.351500,0.234300,0.000000,,,
2023/2024,All Ages,Los Angeles,06/22/2024,25,2024,1522,32960,4.6177000000000001,Low,329,11350,2.898700,Low,22,7125,0.308800,Very Low,,,,,,9825708.000000,246,,,2.503636379180004,,,Very Low,,,1220,10,0,0,0.819700,0.000000,0.000000,,,
2024/2025,All Ages,Rural North,08/31/2024,35,2024,269,1353,19.881699999999999,Very High,4,802,0.498800,Very Low,0,487,0.000000,Very Low,,,,,,680190.000000,11,,,1.617195195460092,,,Very Low,,,128,2,0,0,1.562500,0.000000,0.000000,,,
2024/2025,All Ages,Greater Sierra-Sacramento,10/05/2024,40,2024,519,6673,7.7775999999999996,Low,61,4468,1.365300,Very Low,8,2932,0.272900,Very Low,,,,,,2981445.000000,191,,,6.4062895676425358,,,Low,,,48,0,0,0,0.000000,0.000000,0.000000,,,
2024/2025,All Ages,Bay Area,03/22/2025,12,2025,609,30571,1.9921,Very Low,3409,23772,14.340400,Moderate,460,19411,2.369800,Low,,,,,,8391953.000000,97,160,72,1.155869199934747,1.9065883710263869,0.85796476696187407,Very Low,Low,Low,1139,14,8,3,1.229100,0.702400,0.263400,,,
2024/2025,All Ages,Los Angeles,04/05/2025,14,2025,587,41650,1.4094,Very Low,1171,22805,5.134800,Low,207,14463,1.431200,Low,,,,,,9784023.000000,221,110,36,2.2587845510992768,1.1242819032620834,0.36794680470395463,Very Low,Low,Very Low,1336,13,4,1,0.973100,0.299400,0.074900,,,
2024/2025,All Ages,Rural North,06/21/2025,25,2025,26,538,4.8327,Low,14,597,2.345100,Low,0,403,0.000000,Very Low,,,,,,680190.000000,3,1,1,0.44105323512547967,0.14701774504182655,0.14701774504182655,Very Low,Very Low,Very Low,152,0,0,0,0.000000,0.000000,0.000000,,,
2025/2026,All Ages,Greater Sierra-Sacramento,10/04/2025,40,2025,313,4473,6.9974999999999996,Low,54,3953,1.366100,Very Low,11,2350,0.468100,Very Low,32,2,,,,2992125.000000,80,8,0,2.6736850900279903,0.26736850900279902,0,Very Low,Very Low,Very Low,53,0,0,0,0.000000,0.000000,0.000000,,,
2023/2024,All Ages,Central California,08/26/2023,34,2023,2372,17659,13.4322,High,25,2804,0.891600,Very Low,4,2243,0.178300,Very Low,,,,,,,,,,,,,,,,603,17,0,0,2.819200,0.000000,0.000000,,,
2023/2024,All Ages,Southern California,10/14/2023,41,2023,2602,32425,8.0246999999999993,Moderate,208,12610,1.649500,Very Low,152,7046,2.157300,Low,,,,,,,,,,,,,,,,1774,24,1,0,1.352900,0.056400,0.000000,,,
2023/2024,All Ages,Rural North,01/13/2024,2,2024,183,1666,10.984400000000001,Moderate,172,1348,12.759600,Moderate,93,863,10.776400,Very High,,,,,,683715.000000,41,,,5.9966506512216347,,,Low,,,161,3,3,1,1.863400,1.863400,0.621100,,,
2023/2024,All Ages,Central California,02/24/2024,8,2024,950,19030,4.9920999999999998,Low,626,10022,6.246300,Low,407,8081,5.036500,Moderate,,,,,,4432134.000000,186,,,4.1966240190391355,,,Low,,,674,8,1,2,1.186900,0.148400,0.296700,,,
2023/2024,All Ages,Southern California,04/13/2024,15,2024,531,27734,1.9146000000000001,Very Low,641,14700,4.360500,Low,74,8498,0.870800,Very Low,,,,,,12802429.000000,150,,,1.1716526606005782,,,Very Low,,,1780,16,1,0,0.898900,0.056200,0.000000,,,
2023/2024,All Ages,Southern California,04/27/2024,17,2024,461,25334,1.8197000000000001,Very Low,483,12946,3.730900,Low,39,7584,0.514200,Very Low,,,,,,12802429.000000,135,,,1.0544873945405204,,,Very Low,,,1660,8,2,0,0.481900,0.120500,0.000000,,,
2023/2024,All Ages,Southern California,05/11/2024,19,2024,516,24809,2.0798999999999999,Very Low,424,13161,3.221600,Low,31,7558,0.410200,Very Low,,,,,,12802429.000000,96,,,0.74985770278437014,,,Very Low,,,1698,9,0,0,0.530000,0.000000,0.000000,,,
2023/2024,All Ages,Rural North,06/15/2024,24,2024,87,914,9.5185999999999993,Moderate,9,703,1.280200,Very Low,1,430,0.232600,Very Low,,,,,,683715.000000,7,,,1.0238184038671083,,,Very Low,,,124,1,0,0,0.806500,0.000000,0.000000,,,
2024/2025,All Ages,Central California,07/20/2024,29,2024,1685,13296,12.673,Moderate,65,4566,1.423600,Very Low,2,3171,0.063100,Very Low,,,,,,4441622.000000,216,,,4.8630883042275999,,,Low,,,667,11,1,0,1.649200,0.149900,0.000000,,,
2024/2025,All Ages,Rural North,08/10/2024,32,2024,238,1284,18.535799999999998,Very High,3,741,0.404900,Very Low,0,458,0.000000,Very Low,,,,,,680190.000000,16,,,2.3522839206692248,,,Very Low,,,128,3,0,0,2.343800,0.000000,0.000000,,,
2024/2025,All Ages,Rural North,09/07/2024,36,2024,241,1269,18.991299999999999,Very High,7,878,0.797300,Very Low,0,546,0.000000,Very Low,,,,,,680190.000000,13,,,1.9112306855437451,,,Very Low,,,141,6,0,0,4.255300,0.000000,0.000000,,,
2024/2025,All Ages,Greater Sierra-Sacramento,03/29/2025,13,2025,151,7418,2.0356000000000001,Very Low,795,7874,10.096500,Moderate,173,5212,3.319300,Low,,,,,,2981445.000000,46,71,33,1.5428760215264745,2.3813955984430368,1.1068458415298621,Very Low,Low,Low,61,0,1,0,0.000000,1.639300,0.000000,,,
2024/2025,All Ages,Los Angeles,04/26/2025,17,2025,565,35185,1.6057999999999999,Very Low,608,19763,3.076500,Low,88,12603,0.698200,Very Low,,,,,,9784023.000000,222,49,23,2.2690052956743867,0.5008164841803826,0.23507712522752658,Very Low,Very Low,Very Low,1227,9,0,0,0.733500,0.000000,0.000000,,,
2024/2025,All Ages,Greater Sierra-Sacramento,06/14/2025,24,2025,195,3862,5.0491999999999999,Low,105,2217,4.736100,Low,13,1302,0.998500,Very Low,,,,,,2981445.000000,40,8,1,1.3416313230664996,0.26832626461329995,0.033540783076662493,Very Low,Very Low,Very Low,48,0,0,0,0.000000,0.000000,0.000000,,,
2025/2026,All Ages,Southern California,09/13/2025,37,2025,2306,26011,8.8655000000000008,Moderate,160,18481,0.865800,Very Low,64,11087,0.577300,Very Low,66,23,,,,12884704.000000,489,32,4,3.7951977786994564,0.24835650085558814,0.031044562606948517,Low,Very Low,Very Low,1648,14,2,0,0.849500,0.121400,0.000000,,,
2023/2024,All Ages,Central California,07/29/2023,30,2023,915,15568,5.8773999999999997,Low,30,1590,1.886800,Very Low,3,1376,0.218000,Very Low,,,,,,,,,,,,,,,,563,7,0,0,1.243300,0.000000,0.000000,,,
2023/2024,All Ages,Central California,08/19/2023,33,2023,2176,16740,12.998799999999999,Moderate,21,2609,0.804900,Very Low,0,2139,0.000000,Very Low,,,,,,,,,,,,,,,,643,16,1,0,2.488300,0.155500,0.000000,,,
2023/2024,All Ages,Greater Sierra-Sacramento,08/26/2023,34,2023,1351,8288,16.300699999999999,High,29,1420,2.042300,Low,1,671,0.149000,Very Low,,,,,,,,,,,,,,,,52,3,0,0,5.769200,0.000000,0.000000,,,
2023/2024,All Ages,Southern California,11/04/2023,44,2023,2007,31293,6.4135999999999997,Low,478,13782,3.468300,Low,410,7377,5.557800,Moderate,,,,,,,,,,,,,,,,1734,25,3,0,1.441800,0.173000,0.000000,,,
2023/2024,All Ages,Bay Area,01/27/2024,4,2024,3038,52457,5.7914000000000003,Low,2394,25155,9.517000,Moderate,900,21616,4.163600,Moderate,,,,,,8391874.000000,684,,,8.1507420154306409,,,Low,,,1192,25,4,6,2.097300,0.335600,0.503400,,,
2023/2024,All Ages,Central California,06/22/2024,25,2024,903,12341,7.3170999999999999,Low,182,4858,3.746400,Low,2,3344,0.059800,Very Low,,,,,,4432134.000000,123,,,2.7751868513000733,,,Very Low,,,646,9,1,0,1.393200,0.154800,0.000000,,,
2024/2025,All Ages,Bay Area,12/14/2024,50,2024,561,32356,1.7338,Very Low,3698,23981,15.420500,High,1861,19753,9.421400,High,,,,,,8391953.000000,120,234,136,1.4299412782697902,2.7883854926260905,1.620600115372429,Very Low,Low,Moderate,1185,9,7,1,0.759500,0.590700,0.084400,,,
2024/2025,All Ages,Rural North,02/01/2025,5,2025,35,1750,2,Very Low,903,3014,29.960200,Very High,131,1443,9.078300,High,,,,,,680190.000000,58,83,7,8.5270292124259388,12.202472838471603,1.029124215292786,Low,Very High,Low,157,0,3,0,0.000000,1.910800,0.000000,,,
2024/2025,All Ages,Central California,04/19/2025,16,2025,185,9539,1.9394,Very Low,422,8558,4.931100,Low,81,6269,1.292100,Low,,,,,,4441622.000000,39,43,10,0.87805761048553888,0.96811480130456851,0.22514297704757408,Very Low,Very Low,Very Low,627,3,1,0,0.478500,0.159500,0.000000,,,
2024/2025,All Ages,Bay Area,05/10/2025,19,2025,902,22405,4.0259,Low,849,12159,6.982500,Low,51,9138,0.558100,Very Low,,,,,,8391953.000000,100,40,9,1.1916177318914918,0.47664709275659672,0.10724559587023426,Very Low,Very Low,Very Low,1131,4,1,0,0.353700,0.088400,0.000000,,,
2025/2026,All Ages,Bay Area,08/23/2025,34,2025,2646,20370,12.989699999999999,Moderate,120,8897,1.348800,Very Low,21,6641,0.316200,Very Low,65,4,,,,8398557.000000,413,11,4,4.9175114248792982,0.13097488056579243,0.047627229296651793,Low,Very Low,Very Low,965,13,0,0,1.347200,0.000000,0.000000,,,
2025/2026,All Ages,Greater Sierra-Sacramento,11/15/2025,46,2025,72,4712,1.528,Very Low,73,4532,1.610800,Very Low,24,3385,0.709000,Very Low,65,3,,,,2992125.000000,22,10,5,0.73526339975769728,0.33421063625349878,0.16710531812674939,Very Low,Very Low,Very Low,6,0,0,0,0.000000,0.000000,0.000000,,,
2023/2024,All Ages,Greater Sierra-Sacramento,11/04/2023,44,2023,824,8713,9.4571000000000005,Moderate,560,4395,12.741800,Moderate,211,2604,8.102900,High,,,,,,,,,,,,,,,,67,0,0,0,0.000000,0.000000,0.000000,,,
2023/2024,All Ages,Los Angeles,02/17/2024,7,2024,1745,36613,4.7660999999999998,Low,1268,17653,7.182900,Low,347,9638,3.600300,Low,,,,,,9825708.000000,447,,,4.5492904938758612,,,Low,,,1396,23,4,1,1.647600,0.286500,0.071600,,,
2024/2025,All Ages,Central California,09/07/2024,36,2024,1653,14102,11.7217,Moderate,49,5845,0.838300,Very Low,4,4156,0.096200,Very Low,,,,,,4441622.000000,240,,,5.4034314491417774,,,Low,,,650,17,0,0,2.615400,0.000000,0.000000,,,
2024/2025,All Ages,Greater Sierra-Sacramento,11/09/2024,45,2024,268,7016,3.8197999999999999,Low,165,5616,2.938000,Low,43,4090,1.051300,Low,,,,,,2981445.000000,72,9,4,2.4149363815196994,0.30186704768996242,0.13416313230664997,Very Low,Very Low,Very Low,43,0,0,0,0.000000,0.000000,0.000000,,,
2024/2025,All Ages,Los Angeles,02/08/2025,6,2025,1253,45640,2.7454000000000001,Very Low,6322,32289,19.579400,High,901,21712,4.149800,Moderate,,,,,,9784023.000000,340,756,118,3.4750531555373492,7.7268828987830469,1.2060478598629623,Low,High,Low,1496,23,22,4,1.537400,1.470600,0.267400,,,
2024/2025,All Ages,Bay Area,04/12/2025,15,2025,547,28720,1.9046000000000001,Very Low,2366,20318,11.644800,Moderate,205,16841,1.217300,Low,,,,,,8391953.000000,112,84,41,1.3346118597184708,1.000958894788853,0.48856327007551165,Very Low,Low,Very Low,1109,5,1,0,0.450900,0.090200,0.000000,,,
2024/2025,All Ages,Rural North,05/31/2025,22,2025,25,606,4.1254,Low,14,746,1.876700,Very Low,0,517,0.000000,Very Low,,,,,,680190.000000,8,0,7,1.1761419603346124,0,1.029124215292786,Very Low,Very Low,Low,167,0,0,0,0.000000,0.000000,0.000000,,,
2024/2025,All Ages,Central California,06/14/2025,24,2025,311,6677,4.6577999999999999,Low,136,4059,3.350600,Low,12,2616,0.458700,Very Low,,,,,,4441622.000000,34,22,2,0.76548612196175181,0.49531454950466297,0.045028595409514816,Very Low,Very Low,Very Low,600,3,0,0,0.500000,0.000000,0.000000,,,
2025/2026,All Ages,Bay Area,08/02/2025,31,2025,1770,19205,9.2163000000000004,Moderate,108,7293,1.480900,Very Low,11,5676,0.193800,Very Low,60,13,,,,8398557.000000,261,12,3,3.1076767116065298,0.14288168788995539,0.035720421972488849,Low,Very Low,Very Low,1061,9,0,0,0.848300,0.000000,0.000000,,,
2025/2026,All Ages,Southern California,08/16/2025,33,2025,2071,25307,8.1835000000000004,Moderate,136,15630,0.870100,Very Low,13,8855,0.146800,Very Low,49,18,,,,12884704.000000,370,26,3,2.871622041142738,0.20178965694516535,0.023283421955211391,Very Low,Very Low,Very Low,1713,10,1,0,0.583800,0.058400,0.000000,,,
2025/2026,All Ages,Southern California,11/08/2025,45,2025,393,23017,1.7074,Very Low,363,17483,2.076300,Low,74,10266,0.720800,Very Low,200,38,,,,12884704.000000,117,61,14,0.90805345625324407,0.47342957975596489,0.10865596912431981,Very Low,Very Low,Very Low,1128,7,0,0,0.620600,0.000000,0.000000,,,
2023/2024,All Ages,Central California,09/23/2023,38,2023,1376,16849,8.1667000000000005,Moderate,46,3253,1.414100,Very Low,8,2416,0.331100,Very Low,,,,,,,,,,,,,,,,657,11,0,0,1.674300,0.000000,0.000000,,,
2023/2024,All Ages,Southern California,12/23/2023,51,2023,5557,44719,12.426500000000001,Moderate,6454,28316,22.792800,Very High,1653,15179,10.890000,Very High,,,,,,,,,,,,,,,,2080,68,16,10,3.269200,0.769200,0.480800,,,
2023/2024,All Ages,Greater Sierra-Sacramento,05/04/2024,18,2024,288,7485,3.8477000000000001,Low,174,4759,3.656200,Low,14,3495,0.400600,Very Low,,,,,,2973210.000000,126,,,4.2378439464417248,,,Low,,,65,0,0,0,0.000000,0.000000,0.000000,,,
2023/2024,All Ages,Greater Sierra-Sacramento,06/22/2024,25,2024,801,6580,12.173299999999999,Moderate,86,3404,2.526400,Low,4,2037,0.196400,Very Low,,,,,,2973210.000000,188,,,6.3231322375479699,,,Low,,,44,0,0,0,0.000000,0.000000,0.000000,,,
2024/2025,All Ages,Bay Area,09/07/2024,36,2024,2209,28496,7.7519999999999998,Low,157,8088,1.941100,Very Low,14,5867,0.238600,Very Low,,,,,,8391953.000000,592,,,7.0543769727976313,,,Low,,,1026,28,1,0,2.729000,0.097500,0.000000,,,
2024/2025,All Ages,Los Angeles,09/21/2024,38,2024,1600,35334,4.5282,Low,148,12610,1.173700,Very Low,19,8000,0.237500,Very Low,,,,,,9784023.000000,454,,,4.6402180370998716,,,Low,,,1180,16,0,0,1.355900,0.000000,0.000000,,,
2024/2025,All Ages,Greater Sierra-Sacramento,10/19/2024,42,2024,313,6718,4.6590999999999996,Low,77,5255,1.465300,Very Low,25,3628,0.689100,Very Low,,,,,,2981445.000000,64,,,2.1466101169063996,,,Very Low,,,56,2,0,0,3.571400,0.000000,0.000000,,,
2024/2025,All Ages,Greater Sierra-Sacramento,01/04/2025,1,2025,274,9897,2.7685,Very Low,2026,10268,19.731200,High,798,7389,10.799800,Very High,,,,,,2981445.000000,76,227,97,2.549099513826349,7.6137577584023859,3.2534559584362617,Very Low,High,Very High,59,3,0,0,5.084700,0.000000,0.000000,,,
2024/2025,All Ages,Los Angeles,05/31/2025,22,2025,599,30043,1.9938,Very Low,322,15310,2.103200,Low,24,10454,0.229600,Very Low,,,,,,9784023.000000,175,42,5,1.7886303006442237,0.42927127215461369,0.051103722875549248,Very Low,Very Low,Very Low,1260,4,0,1,0.317500,0.000000,0.079400,,,
2025/2026,All Ages,Greater Sierra-Sacramento,07/05/2025,27,2025,232,3784,6.1311,Low,26,1860,1.397800,Very Low,8,981,0.815500,Very Low,11,18,,,,2992125.000000,47,6,1,1.5707899903914442,0.20052638175209928,0.033421063625349877,Very Low,Very Low,Very Low,53,0,0,0,0.000000,0.000000,0.000000,,,
2025/2026,All Ages,Rural North,08/02/2025,31,2025,92,623,14.767300000000001,High,8,543,1.473300,Very Low,0,379,0.000000,Very Low,4,1,,,,677064.000000,2,1,0,0.29539304999231975,0.14769652499615987,0,Very Low,Very Low,Very Low,138,1,0,0,0.724600,0.000000,0.000000,,,
2025/2026,All Ages,Los Angeles,10/11/2025,41,2025,733,23706,3.0920000000000001,Low,200,14326,1.396100,Very Low,25,8280,0.301900,Very Low,67,16,,,,9748926.000000,245,31,3,2.5130973401582901,0.31798374508125304,0.030772620491734168,Very Low,Very Low,Very Low,1111,13,0,0,1.170100,0.000000,0.000000,,,
2023/2024,All Ages,Southern California,08/05/2023,31,2023,3125,25609,12.2027,Moderate,145,8267,1.754000,Very Low,12,3881,0.309200,Very Low,,,,,,,,,,,,,,,,1699,18,3,1,1.059400,0.176600,0.058900,,,
2023/2024,All Ages,Bay Area,09/02/2023,35,2023,4414,48473,9.1060999999999996,Moderate,104,6569,1.583200,Very Low,67,3386,1.978700,Low,,,,,,,,,,,,,,,,1002,26,0,1,2.594800,0.000000,0.099800,,,
2024/2025,All Ages,Rural North,09/28/2024,39,2024,148,1120,13.2143,High,11,829,1.326900,Very Low,1,529,0.189000,Very Low,,,,,,680190.000000,16,,,2.3522839206692248,,,Very Low,,,149,5,0,0,3.355700,0.000000,0.000000,,,
2024/2025,All Ages,Bay Area,10/12/2024,41,2024,911,25804,3.5305,Low,307,13856,2.215600,Low,144,11332,1.270700,Low,,,,,,8391953.000000,206,,,2.4547325276964731,,,Very Low,,,1046,14,0,0,1.338400,0.000000,0.000000,,,
2024/2025,All Ages,Bay Area,02/01/2025,5,2025,908,44159,2.0562,Very Low,15892,40845,38.908100,Very High,1688,32180,5.245500,Moderate,,,,,,8391953.000000,168,1019,204,2.0019177895777061,12.142584687974301,2.4309001730586433,Very Low,Very High,High,1328,11,41,6,0.828300,3.087300,0.451800,,,
2024/2025,All Ages,Greater Sierra-Sacramento,08/03/2024,31,2024,1399,8070,17.335799999999999,Very High,29,3306,0.877200,Very Low,2,1959,0.102100,Very Low,,,,,,2981445.000000,258,,,8.6535220337789234,,,Low,,,65,2,0,0,3.076900,0.000000,0.000000,,,
2025/2026,All Ages,Central California,07/19/2025,29,2025,543,6390,8.4977,Moderate,28,3081,0.908800,Very Low,7,2004,0.349300,Very Low,8,7,,,,4454294.000000,60,8,2,1.3470148131219,0.17960197508291997,0.044900493770729993,Very Low,Very Low,Very Low,586,2,0,0,0.341300,0.000000,0.000000,,,
2025/2026,All Ages,Greater Sierra-Sacramento,09/06/2025,36,2025,951,5486,17.335000000000001,Very High,25,2413,1.036100,Very Low,11,1413,0.778500,Very Low,11,1,,,,2992125.000000,152,1,1,5.0800016710531812,0.033421063625349877,0.033421063625349877,Low,Very Low,Very Low,46,0,0,0,0.000000,0.000000,0.000000,,,
2023/2024,All Ages,California,03/09/2024,10,2024,4310,150647,2.8610000000000002,Very Low,4021,79331,5.068600,Low,1171,57299,2.043700,Low,,,0.69999999999999996,0.90000000000000002,0.20000000000000001,39109070.000000,1310,,,3.3496066257776014,,,Low,,,5416,72,7,10,1.329400,0.129200,0.184600,,,
2024/2025,All Ages,California,02/01/2025,5,2025,4035,176555,2.2854000000000001,Very Low,47636,145847,32.661600,Very High,5982,94842,6.307300,Moderate,,,0.5,9.5999999999999996,0.80000000000000004,39119734.000000,1037,4616,805,2.6508360205107735,11.799671234983347,2.0577849532412467,Very Low,Very High,High,6547,63,184,15,0.962300,2.810400,0.229100,,,
2023/2024,All Ages,California,08/26/2023,34,2023,19524,152115,12.835000000000001,Moderate,378,30075,1.256900,Very Low,107,14150,0.756200,Very Low,,,2.6000000000000001,0.10000000000000001,0,,,,,,,,,,,5142,124,2,0,2.411500,0.038900,0.000000,,,
2023/2024,All Ages,California,05/11/2024,19,2024,2905,116062,2.5030000000000001,Very Low,1709,51854,3.295800,Low,92,35317,0.260500,Very Low,,,0.59999999999999998,0.40000000000000002,0,39109070.000000,712,,,1.8205495553844671,,,Very Low,,,5354,36,8,1,0.672400,0.149400,0.018700,,,
2023/2024,All Ages,California,05/25/2024,21,2024,3965,113318,3.4990000000000001,Low,1648,50287,3.277200,Low,88,33995,0.258900,Very Low,,,0.80000000000000004,0.5,0,39109070.000000,769,,,1.9662957978801336,,,Very Low,,,5177,39,4,4,0.753300,0.077300,0.077300,,,
2024/2025,All Ages,California,12/21/2024,51,2024,3400,146367,2.3229000000000002,Very Low,29969,115430,25.962900,Very High,6165,73104,8.433200,High,,,0.5,3.1000000000000001,0.69999999999999996,39119734.000000,863,2564,612,2.2060477200586281,6.554236795168392,1.5644278153834072,Very Low,High,Moderate,5862,36,54,7,0.614100,0.921200,0.119400,,,
2024/2025,All Ages,California,05/31/2025,22,2025,2714,87041,3.1181000000000001,Low,1786,51145,3.492000,Low,86,35301,0.243600,Very Low,,,0.5,0.40000000000000002,0,39119734.000000,627,193,24,1.6027716343879026,0.49335713785783919,0.061350110407192446,Very Low,Very Low,Very Low,5335,22,3,1,0.412400,0.056200,0.018700,,,
2023/2024,All Ages,California,09/09/2023,36,2023,18475,157250,11.748799999999999,Moderate,462,36148,1.278100,Very Low,161,17727,0.908200,Very Low,,,2.5,0.10000000000000001,0,,,,,,,,,,,5296,133,5,2,2.511300,0.094400,0.037800,,,
2023/2024,All Ages,California,09/30/2023,39,2023,11169,152965,7.3017000000000003,Low,542,38559,1.405600,Very Low,469,19414,2.415800,Low,,,1.7,0.10000000000000001,0.10000000000000001,,,,,,,,,,,5233,142,4,1,2.713500,0.076400,0.019100,,,
2024/2025,All Ages,California,03/22/2025,12,2025,2502,130898,1.9114,Very Low,10088,99829,10.105300,Moderate,2080,69403,2.997000,Low,,,0.40000000000000002,2.1000000000000001,0.29999999999999999,39119734.000000,608,711,354,1.5542027969822083,1.8174970208130761,0.90491412850608843,Very Low,Low,Low,5707,32,29,13,0.560700,0.508100,0.227800,,,
2024/2025,All Ages,California,06/21/2025,25,2025,2855,80913,3.5285000000000002,Low,852,41255,2.065200,Low,84,25906,0.324200,Very Low,,,0.59999999999999998,0.20000000000000001,0,39119734.000000,582,124,9,1.4877401773744168,0.31697557043716096,0.023006291402697165,Very Low,Very Low,Very Low,5219,33,3,0,0.632300,0.057500,0.000000,,,
2024/2025,All Ages,California,08/03/2024,31,2024,16830,137445,12.244899999999999,Moderate,652,51423,1.267900,Very Low,60,33287,0.180300,Very Low,,,3,0.10000000000000001,0,39119734.000000,2723,,,6.9606812766160431,,,Low,,,5221,120,2,0,2.298400,0.038300,0.000000,,,
2024/2025,All Ages,California,09/14/2024,37,2024,9333,117486,7.9439000000000002,Low,659,45243,1.456600,Very Low,210,28428,0.738700,Very Low,,,1.8,0.10000000000000001,0,39119734.000000,2393,,,6.1171172585171467,,,Low,,,5218,111,2,0,2.127300,0.038300,0.000000,,,
2024/2025,All Ages,California,11/30/2024,48,2024,2138,103805,2.0596000000000001,Very Low,7376,70702,10.432500,Moderate,2363,46387,5.094100,Moderate,,,0.5,1.1000000000000001,0.29999999999999999,39119734.000000,703,708,328,1.7970469840106784,1.8098282570121769,0.83845150889829678,Very Low,Low,Low,5567,38,15,1,0.682600,0.269400,0.018000,,,
2023/2024,All Ages,California,12/09/2023,49,2023,14990,172823,8.6736000000000004,Moderate,13901,88048,15.788000,High,5946,57272,10.382000,Very High,,,1.8999999999999999,2.1000000000000001,1,,,,,,,,,,,5820,150,28,14,2.577300,0.481100,0.240500,,,
2023/2024,All Ages,California,09/02/2023,35,2023,20915,163189,12.8164,Moderate,420,34534,1.216200,Very Low,149,16999,0.876500,Very Low,,,2.7999999999999998,0.10000000000000001,0,,,,,,,,,,,5346,124,1,1,2.319500,0.018700,0.018700,,,
2024/2025,All Ages,California,08/24/2024,34,2024,15339,131637,11.6525,Moderate,612,46100,1.327500,Very Low,55,27793,0.197900,Very Low,,,2.8999999999999999,0.10000000000000001,0,39119734.000000,3132,,,8.0061894081386136,,,Low,,,5231,151,4,0,2.886600,0.076500,0.000000,,,
2024/2025,0-17 yrs,Rural North,03/22/2025,12,2025,0,356,0,Very Low,59,498,11.847400,Moderate,41,293,13.993200,Very High,,,,,,147863.000000,0,2,0,0,1.3526034234392645,0,Very Low,Low,Very Low,1,1,0,0,100.000000,0.000000,0.000000,,,
2024/2025,>64 yrs,Rural North,03/22/2025,12,2025,19,276,6.8840579710144931,Low,13,457,2.844600,Low,11,260,4.230800,Moderate,,,,,,148325.000000,3,1,2,2.0225855385133995,0.6741951795044665,1.348390359008933,Very Low,Very Low,Low,147,1,0,0,0.680272,0.000000,0.000000,,,
2024/2025,18-64 yrs,Bay Area,03/29/2025,13,2025,320,14492,2.2081148219707423,Very Low,1279,10006,12.782300,Moderate,106,8041,1.318200,Low,,,,,,5222531.000000,32,43,9,0.61272972817202997,0.82335557223116529,0.17233023604838343,Very Low,Very Low,Very Low,222,1,2,1,0.450450,0.900901,0.450450,,,
2024/2025,>64 yrs,Bay Area,03/29/2025,13,2025,221,6550,3.3740458015267176,Low,236,5529,4.268400,Low,72,4925,1.461900,Low,,,,,,1498910.000000,76,70,24,5.0703511218151851,4.6700602437771446,1.6011635121521639,Low,Moderate,Moderate,907,2,9,1,0.220507,0.992282,0.110254,,,
2024/2025,>64 yrs,Southern California,03/29/2025,13,2025,265,8050,3.2919254658385091,Low,237,6659,3.559100,Low,81,3610,2.243800,Low,,,,,,2059864.000000,92,69,29,4.4663142809428189,3.3497357107071148,1.4078599363841497,Low,Low,Low,1423,11,3,4,0.773015,0.210822,0.281096,,,
2024/2025,0-17 yrs,Central California,04/05/2025,14,2025,39,3225,1.2093023255813953,Very Low,395,3342,11.819300,Moderate,123,2399,5.127100,Moderate,,,,,,1224522.000000,1,3,6,0.081664518889819862,0.2449935566694596,0.4899871133389192,Very Low,Very Low,Very Low,10,0,0,1,0.000000,0.000000,10.000000,,,
2024/2025,0-17 yrs,Bay Area,04/12/2025,15,2025,87,7598,1.1450381679389312,Very Low,1390,5944,23.384900,Very High,90,4539,1.982800,Low,,,,,,1670512.000000,5,17,8,0.29930943327554665,1.0176520731368588,0.47889509324087465,Very Low,Low,Very Low,10,0,0,0,0.000000,0.000000,0.000000,,,
2024/2025,18-64 yrs,Central California,04/12/2025,15,2025,102,4927,2.0702252892226505,Very Low,269,3999,6.726700,Low,26,2788,0.932600,Very Low,,,,,,2636654.000000,11,17,4,0.417195430268818,0.64475657405180964,0.15170742918866109,Very Low,Very Low,Very Low,180,0,0,0,0.000000,0.000000,0.000000,,,
2024/2025,>64 yrs,Greater Sierra-Sacramento,04/19/2025,16,2025,68,1398,4.8640915593705296,Low,33,1834,1.799300,Very Low,12,1239,0.968500,Very Low,,,,,,525440.000000,33,14,1,6.280450669914738,2.664433617539586,0.19031668696711329,Low,Low,Very Low,49,0,0,0,0.000000,0.000000,0.000000,,,
2024/2025,>64 yrs,Los Angeles,04/19/2025,16,2025,212,12816,1.6541822721598001,Very Low,96,6715,1.429600,Very Low,29,4434,0.654000,Very Low,,,,,,1608433.000000,145,32,7,9.0149853926150492,1.9895140176805624,0.43520619136762301,Low,Low,Very Low,891,7,1,0,0.785634,0.112233,0.000000,,,
2024/2025,0-17 yrs,Rural North,04/19/2025,16,2025,1,270,0.37037037037037041,Very Low,12,392,3.061200,Low,8,264,3.030300,Low,,,,,,147863.000000,0,0,0,0,0,0,Very Low,Very Low,Very Low,2,0,0,0,0.000000,0.000000,0.000000,,,
2024/2025,0-17 yrs,Bay Area,04/26/2025,17,2025,76,6580,1.1550151975683891,Very Low,807,5135,15.715700,High,53,3925,1.350300,Low,,,,,,1670512.000000,7,6,8,0.41903320658576532,0.35917131993065599,0.47889509324087465,Very Low,Very Low,Very Low,7,0,0,0,0.000000,0.000000,0.000000,,,
2024/2025,0-17 yrs,Central California,04/26/2025,17,2025,30,2800,1.0714285714285714,Very Low,166,2645,6.276000,Low,56,1988,2.816900,Low,,,,,,1224522.000000,1,2,7,0.081664518889819862,0.16332903777963972,0.57165163222873905,Very Low,Very Low,Low,5,0,0,0,0.000000,0.000000,0.000000,,,
2024/2025,>64 yrs,Rural North,05/03/2025,18,2025,10,180,5.5555555555555554,Low,6,322,1.863400,Very Low,9,209,4.306200,Moderate,,,,,,148325.000000,4,8,1,2.696780718017866,5.393561436035732,0.6741951795044665,Very Low,Moderate,Low,124,2,0,0,1.612903,0.000000,0.000000,,,
2024/2025,>64 yrs,Southern California,05/03/2025,18,2025,264,6350,4.1574803149606296,Low,100,5924,1.688000,Very Low,21,3415,0.614900,Very Low,,,,,,2059864.000000,80,36,8,3.8837515486459298,1.7476881968906683,0.38837515486459306,Low,Low,Very Low,1361,2,3,1,0.146951,0.220426,0.073475,,,
2024/2025,0-17 yrs,Central California,05/10/2025,19,2025,44,2519,1.7467248908296942,Very Low,123,2179,5.644800,Low,16,1601,0.999400,Very Low,,,,,,1224522.000000,0,4,2,0,0.32665807555927945,0.16332903777963972,Very Low,Very Low,Very Low,11,0,0,0,0.000000,0.000000,0.000000,,,
2024/2025,18-64 yrs,Southern California,05/10/2025,19,2025,351,15477,2.2678813723589841,Very Low,219,7472,2.930900,Low,8,3921,0.204000,Very Low,,,,,,7875686.000000,37,23,5,0.46980034501121548,0.2920380523042691,0.063486533109623725,Very Low,Very Low,Very Low,387,1,0,0,0.258398,0.000000,0.000000,,,
2024/2025,>64 yrs,Bay Area,05/17/2025,20,2025,242,5289,4.575534127434298,Low,51,3105,1.642500,Very Low,14,2675,0.523400,Very Low,,,,,,1498910.000000,80,11,5,5.3372117071738794,0.73386660973640838,0.33357573169836746,Low,Very Low,Very Low,855,4,2,0,0.467836,0.233918,0.000000,,,
2024/2025,>64 yrs,Central California,05/17/2025,20,2025,56,1124,4.9822064056939501,Low,14,1207,1.159900,Very Low,3,925,0.324300,Very Low,,,,,,580446.000000,23,13,1,3.9624702384028834,2.2396570912711948,0.17228131471316885,Low,Low,Very Low,454,2,3,1,0.440529,0.660793,0.220264,,,
2024/2025,0-17 yrs,Los Angeles,05/17/2025,20,2025,113,3920,2.8826530612244898,Very Low,175,3240,5.401200,Low,24,2041,1.175900,Low,,,,,,1934637.000000,8,7,3,0.41351426650064066,0.36182498318806061,0.15506784993774025,Very Low,Very Low,Very Low,9,0,0,0,0.000000,0.000000,0.000000,,,
2024/2025,0-17 yrs,Central California,05/24/2025,21,2025,66,2410,2.7385892116182573,Very Low,107,1964,5.448100,Low,7,1439,0.486400,Very Low,,,,,,1224522.000000,0,2,1,0,0.16332903777963972,0.081664518889819862,Very Low,Very Low,Very Low,7,0,0,0,0.000000,0.000000,0.000000,,,
2024/2025,18-64 yrs,Greater Sierra-Sacramento,05/24/2025,21,2025,96,2178,4.4077134986225897,Low,32,1006,3.180900,Low,4,623,0.642100,Very Low,,,,,,1793656.000000,12,3,1,0.66902460672503539,0.16725615168125885,0.055752050560419611,Very Low,Very Low,Very Low,10,0,0,0,0.000000,0.000000,0.000000,,,
2024/2025,18-64 yrs,Greater Sierra-Sacramento,05/31/2025,22,2025,95,2061,4.6094129063561375,Low,38,949,4.004200,Low,1,545,0.183500,Very Low,,,,,,1793656.000000,9,4,0,0.50176845504377643,0.22300820224167844,0,Very Low,Very Low,Very Low,12,0,0,0,0.000000,0.000000,0.000000,,,
2024/2025,>64 yrs,Greater Sierra-Sacramento,05/31/2025,22,2025,73,1108,6.5884476534296033,Low,12,691,1.736600,Very Low,1,444,0.225200,Very Low,,,,,,525440.000000,39,5,0,7.4223507917174176,0.95158343483556629,0,Low,Very Low,Very Low,36,0,0,0,0.000000,0.000000,0.000000,,,
2024/2025,0-17 yrs,Los Angeles,06/07/2025,23,2025,82,3677,2.2300788686429156,Very Low,85,2573,3.303500,Low,13,1706,0.762000,Very Low,,,,,,1934637.000000,9,8,0,0.46520354981322076,0.41351426650064066,0,Very Low,Very Low,Very Low,6,0,0,0,0.000000,0.000000,0.000000,,,
2024/2025,>64 yrs,Southern California,06/07/2025,23,2025,298,5854,5.0905363853775203,Low,55,5220,1.053600,Very Low,6,2954,0.203100,Very Low,,,,,,2059864.000000,106,24,2,5.1459708019558574,1.165125464593779,0.097093788716148266,Low,Low,Very Low,1285,9,0,0,0.700389,0.000000,0.000000,,,
2024/2025,>64 yrs,Central California,06/14/2025,24,2025,88,1191,7.3887489504617969,Low,17,954,1.782000,Very Low,2,665,0.300800,Very Low,,,,,,580446.000000,25,7,1,4.3070328678292213,1.2059692029921818,0.17228131471316885,Low,Low,Very Low,424,3,0,0,0.707547,0.000000,0.000000,,,
2024/2025,18-64 yrs,Los Angeles,06/14/2025,24,2025,406,17117,2.3719109657066073,Very Low,123,6979,1.762400,Very Low,5,4400,0.113600,Very Low,,,,,,6240953.000000,49,13,1,0.78513650078761998,0.2083015206171237,0.016023193893624901,Very Low,Very Low,Very Low,264,0,0,0,0.000000,0.000000,0.000000,,,
2024/2025,0-17 yrs,Rural North,06/14/2025,24,2025,4,172,2.3255813953488373,Very Low,5,198,2.525300,Low,0,150,0.000000,Very Low,,,,,,147863.000000,0,0,0,0,0,0,Very Low,Very Low,Very Low,1,0,0,0,0.000000,0.000000,0.000000,,,
2024/2025,18-64 yrs,Rural North,06/14/2025,24,2025,18,297,6.0606060606060606,Low,4,290,1.379300,Very Low,1,182,0.549500,Very Low,,,,,,384002.000000,3,0,1,0.78124593101077611,0,0.26041531033692533,Very Low,Very Low,Very Low,28,0,0,0,0.000000,0.000000,0.000000,,,
2024/2025,>64 yrs,Rural North,06/14/2025,24,2025,12,161,7.4534161490683228,Low,2,238,0.840300,Very Low,0,154,0.000000,Very Low,,,,,,148325.000000,2,5,0,1.348390359008933,3.3709758975223325,0,Very Low,Low,Very Low,133,2,0,0,1.503759,0.000000,0.000000,,,
2024/2025,0-17 yrs,Central California,06/21/2025,25,2025,78,1840,4.2391304347826084,Low,40,1301,3.074600,Low,8,942,0.849300,Very Low,,,,,,1224522.000000,1,0,0,0.081664518889819862,0,0,Very Low,Very Low,Very Low,2,0,0,0,0.000000,0.000000,0.000000,,,
2024/2025,>64 yrs,Central California,06/21/2025,25,2025,110,1141,9.6406660823838735,Moderate,11,881,1.248600,Very Low,0,583,0.000000,Very Low,,,,,,580446.000000,23,8,1,3.9624702384028834,1.3782505177053508,0.17228131471316885,Low,Low,Very Low,407,2,0,0,0.491400,0.000000,0.000000,,,
2024/2025,18-64 yrs,Greater Sierra-Sacramento,06/21/2025,25,2025,99,2073,4.7756874095513746,Low,28,879,3.185400,Low,6,493,1.217000,Low,,,,,,1793656.000000,13,1,0,0.72477665728545493,0.055752050560419611,0,Very Low,Very Low,Very Low,11,0,0,0,0.000000,0.000000,0.000000,,,
2024/2025,0-17 yrs,Los Angeles,06/21/2025,25,2025,87,3366,2.5846702317290555,Very Low,51,2138,2.385400,Low,4,1410,0.283700,Very Low,,,,,,1934637.000000,6,1,0,0.31013569987548051,0.051689283312580082,0,Very Low,Very Low,Very Low,12,0,0,0,0.000000,0.000000,0.000000,,,
2024/2025,>64 yrs,Los Angeles,06/21/2025,25,2025,234,9252,2.5291828793774318,Very Low,32,3995,0.801000,Very Low,6,2595,0.231200,Very Low,,,,,,1608433.000000,107,21,1,6.6524374966193802,1.3056185741028692,0.062172313052517574,Low,Low,Very Low,875,6,1,0,0.685714,0.114286,0.000000,,,
2024/2025,18-64 yrs,Rural North,06/21/2025,25,2025,13,256,5.078125,Low,6,258,2.325600,Low,0,142,0.000000,Very Low,,,,,,384002.000000,0,0,0,0,0,0,Very Low,Very Low,Very Low,31,0,0,0,0.000000,0.000000,0.000000,,,
2024/2025,0-17 yrs,Bay Area,06/28/2025,26,2025,133,3958,3.3602829711975741,Low,79,1862,4.242700,Low,7,1347,0.519700,Very Low,,,,,,1670512.000000,6,2,2,0.35917131993065599,0.11972377331021866,0.11972377331021866,Very Low,Very Low,Very Low,8,0,0,0,0.000000,0.000000,0.000000,,,
2024/2025,18-64 yrs,Bay Area,06/28/2025,26,2025,535,10395,5.1467051467051466,Low,94,3731,2.519400,Low,4,2813,0.142200,Very Low,,,,,,5222531.000000,35,3,1,0.67017314018815777,0.057443412016127807,0.019147804005375937,Very Low,Very Low,Very Low,183,2,1,0,1.092896,0.546448,0.000000,,,
2024/2025,>64 yrs,Bay Area,06/28/2025,26,2025,368,5745,6.4055700609225417,Low,37,2629,1.407400,Very Low,1,2144,0.046600,Very Low,,,,,,1498910.000000,123,8,1,8.2059629997798407,0.53372117071738789,0.066715146339673487,Low,Very Low,Very Low,865,9,1,0,1.040462,0.115607,0.000000,,,
2024/2025,>64 yrs,Rural North,06/28/2025,26,2025,11,157,7.0063694267515926,Low,1,194,0.515500,Very Low,0,115,0.000000,Very Low,,,,,,148325.000000,1,0,0,0.6741951795044665,0,0,Very Low,Very Low,Very Low,106,0,0,0,0.000000,0.000000,0.000000,,,
2025/2026,0-17 yrs,Rural North,07/05/2025,27,2025,4,122,3.278688524590164,Low,0,138,0.000000,Very Low,0,104,0.000000,Very Low,,,,,,144328.000000,0,0,0,0,0,0,Very Low,Very Low,Very Low,2,0,0,0,0.000000,0.000000,0.000000,,,
2025/2026,0-17 yrs,Southern California,07/19/2025,29,2025,159,2916,5.4526748971193415,Low,35,2038,1.717400,Very Low,12,1426,0.841500,Very Low,11,9,,,,2856266.000000,16,3,1,0.560171916761254,0.10503223439273514,0.035010744797578375,Very Low,Very Low,Very Low,18,0,0,0,0.000000,0.000000,0.000000,,,
2025/2026,18-64 yrs,Southern California,07/19/2025,29,2025,442,10212,4.3282412847630241,Low,57,5245,1.086700,Very Low,1,2478,0.040400,Very Low,27,9,,,,7896077.000000,72,13,0,0.91184521123590856,0.16463871869537242,0,Very Low,Very Low,Very Low,371,0,1,0,0.000000,0.269542,0.000000,,,
2025/2026,>64 yrs,Greater Sierra-Sacramento,07/26/2025,30,2025,106,1154,9.1854419410745241,Moderate,5,543,0.920800,Very Low,0,293,0.000000,Very Low,1,1,,,,540932.000000,43,2,3,7.9492431581049008,0.36973223991185583,0.55459835986778372,Low,Very Low,Low,45,0,0,0,0.000000,0.000000,0.000000,,,
2025/2026,0-17 yrs,Rural North,07/26/2025,30,2025,8,133,6.0150375939849621,Low,5,112,4.464300,Low,2,90,2.222200,Low,1,5,,,,144328.000000,0,0,0,0,0,0,Very Low,Very Low,Very Low,1,0,0,0,0.000000,0.000000,0.000000,,,
2025/2026,0-17 yrs,Bay Area,08/02/2025,31,2025,317,3894,8.1407293271700052,Moderate,38,1458,2.606300,Low,4,1042,0.383900,Very Low,18,8,,,,1642980.000000,9,0,0,0.54778512215608222,0,0,Very Low,Very Low,Very Low,14,0,0,0,0.000000,0.000000,0.000000,,,
2025/2026,18-64 yrs,Central California,08/02/2025,31,2025,379,3697,10.251555315120369,Moderate,13,1377,0.944100,Very Low,0,799,0.000000,Very Low,4,1,,,,2656528.000000,26,2,1,0.97872109761312509,0.075286238277932696,0.037643119138966348,Very Low,Very Low,Very Low,155,0,0,0,0.000000,0.000000,0.000000,,,
2025/2026,>64 yrs,Central California,08/02/2025,31,2025,161,1232,13.068181818181818,High,6,728,0.824200,Very Low,0,471,0.000000,Very Low,4,0,,,,597083.000000,46,5,0,7.7041215375416821,0.83740451495018275,0,Low,Very Low,Very Low,436,3,0,0,0.688073,0.000000,0.000000,,,
2025/2026,>64 yrs,Rural North,08/02/2025,31,2025,28,186,15.053763440860216,High,2,164,1.219500,Very Low,0,118,0.000000,Very Low,1,0,,,,150862.000000,1,1,0,0.66285744587768947,0.66285744587768947,0,Very Low,Very Low,Very Low,107,1,0,0,0.934579,0.000000,0.000000,,,
2025/2026,0-17 yrs,Southern California,08/02/2025,31,2025,274,2994,9.1516366065464254,Moderate,32,2218,1.442700,Very Low,8,1473,0.543100,Very Low,15,6,,,,2856266.000000,20,2,3,0.7002148959515675,0.07002148959515675,0.10503223439273514,Very Low,Very Low,Very Low,15,0,0,0,0.000000,0.000000,0.000000,,,
2025/2026,0-17 yrs,Bay Area,08/09/2025,32,2025,432,3870,11.162790697674419,Moderate,57,1622,3.514200,Low,10,1135,0.881100,Very Low,27,10,,,,1642980.000000,16,2,2,0.97384021716636837,0.12173002714579605,0.12173002714579605,Very Low,Very Low,Very Low,14,0,0,0,0.000000,0.000000,0.000000,,,
2025/2026,18-64 yrs,Los Angeles,08/09/2025,32,2025,898,15906,5.6456683012699616,Low,68,5811,1.170200,Very Low,2,3218,0.062200,Very Low,22,8,,,,6194360.000000,105,6,1,1.6950903725324327,0.096862307001853304,0.016143717833642216,Very Low,Very Low,Very Low,283,2,0,0,0.706714,0.000000,0.000000,,,
2025/2026,>64 yrs,Rural North,08/09/2025,32,2025,31,191,16.230366492146597,High,3,206,1.456300,Very Low,0,151,0.000000,Very Low,4,0,,,,150862.000000,1,0,0,0.66285744587768947,0,0,Very Low,Very Low,Very Low,108,0,0,0,0.000000,0.000000,0.000000,,,
2025/2026,>64 yrs,Bay Area,08/16/2025,33,2025,658,5407,12.169410024042907,Moderate,19,2198,0.864400,Very Low,5,1744,0.286700,Very Low,16,0,,,,1548338.000000,186,8,2,12.012880908432138,0.51668304982503821,0.12917076245625955,Low,Very Low,Very Low,842,11,0,0,1.306413,0.000000,0.000000,,,
2025/2026,>64 yrs,Central California,08/16/2025,33,2025,212,1380,15.362318840579711,High,9,886,1.015800,Very Low,0,544,0.000000,Very Low,2,0,,,,597083.000000,69,3,0,11.556182306312522,0.50244270897010967,0,Low,Very Low,Very Low,441,3,0,0,0.680272,0.000000,0.000000,,,
2025/2026,>64 yrs,Rural North,08/16/2025,33,2025,49,194,25.257731958762886,Very High,0,197,0.000000,Very Low,0,98,0.000000,Very Low,,,,,,150862.000000,10,0,0,6.628574458776896,0,0,Low,Very Low,Very Low,95,2,0,0,2.105263,0.000000,0.000000,,,
2025/2026,18-64 yrs,Greater Sierra-Sacramento,08/23/2025,34,2025,395,2414,16.362883181441589,High,13,819,1.587300,Very Low,3,397,0.755700,Very Low,8,0,,,,1800650.000000,42,1,0,2.3324910449004528,0.055535501069058392,0,Very Low,Very Low,Very Low,10,0,0,0,0.000000,0.000000,0.000000,,,
2025/2026,>64 yrs,Los Angeles,08/23/2025,34,2025,566,7926,7.1410547564976028,Low,29,3831,0.757000,Very Low,3,2441,0.122900,Very Low,11,3,,,,1662650.000000,236,12,3,14.194208041379724,0.72173939193456227,0.18043484798364057,Moderate,Very Low,Very Low,884,8,0,0,0.904977,0.000000,0.000000,,,
2025/2026,0-17 yrs,Rural North,08/23/2025,34,2025,24,185,12.972972972972974,Moderate,0,157,0.000000,Very Low,1,113,0.885000,Very Low,,,,,,144328.000000,1,0,0,0.69286624909927386,0,0,Very Low,Very Low,Very Low,1,0,0,0,0.000000,0.000000,0.000000,,,
2025/2026,18-64 yrs,Bay Area,08/30/2025,35,2025,1365,9766,13.977063280770018,High,52,3980,1.306500,Very Low,3,3024,0.099200,Very Low,33,7,,,,5207239.000000,138,6,0,2.6501568297518125,0.11522420998920925,0,Very Low,Very Low,Very Low,175,2,0,0,1.142857,0.000000,0.000000,,,
2025/2026,>64 yrs,Bay Area,08/30/2025,35,2025,803,5570,14.416517055655294,High,36,2635,1.366200,Very Low,8,2143,0.373300,Very Low,22,1,,,,1548338.000000,236,6,0,15.242149969838627,0.38751228736877863,0,Moderate,Very Low,Very Low,795,20,1,0,2.515723,0.125786,0.000000,,,
2025/2026,18-64 yrs,Central California,09/06/2025,36,2025,694,4230,16.40661938534279,High,18,1970,0.913700,Very Low,0,1140,0.000000,Very Low,3,3,,,,2656528.000000,73,3,0,2.7479476971445433,0.11292935741689906,0,Very Low,Very Low,Very Low,162,1,0,0,0.617284,0.000000,0.000000,,,
2025/2026,0-17 yrs,Greater Sierra-Sacramento,09/06/2025,36,2025,215,1418,15.162200282087445,High,8,739,1.082500,Very Low,5,451,1.108600,Low,5,0,,,,650543.000000,8,0,0,1.2297419232856244,0,0,Very Low,Very Low,Very Low,1,0,0,0,0.000000,0.000000,0.000000,,,
2025/2026,0-17 yrs,Los Angeles,09/06/2025,36,2025,518,4962,10.439338976219267,Moderate,69,3382,2.040200,Low,10,2206,0.453300,Very Low,14,10,,,,1891916.000000,29,3,0,1.5328376101264538,0.15856940794411589,0,Very Low,Very Low,Very Low,8,0,0,0,0.000000,0.000000,0.000000,,,
2025/2026,18-64 yrs,Southern California,09/06/2025,36,2025,1191,13233,9.0002267059623655,Moderate,101,7522,1.342700,Very Low,5,3294,0.151800,Very Low,49,6,,,,7896077.000000,150,11,0,1.8996775234081431,0.13930968504993049,0,Very Low,Very Low,Very Low,371,1,0,0,0.269542,0.000000,0.000000,,,
2025/2026,0-17 yrs,Central California,09/13/2025,37,2025,247,2361,10.461668784413385,Moderate,16,1610,0.993800,Very Low,1,1282,0.078000,Very Low,5,0,,,,1200683.000000,5,0,0,0.4164296487915628,0,0,Very Low,Very Low,Very Low,14,0,0,0,0.000000,0.000000,0.000000,,,
2025/2026,>64 yrs,Central California,09/13/2025,37,2025,254,1430,17.762237762237763,Very High,6,983,0.610400,Very Low,2,657,0.304400,Very Low,2,0,,,,597083.000000,75,9,0,12.561067724252743,1.5073281269103291,0,Low,Low,Very Low,437,3,0,0,0.686499,0.000000,0.000000,,,
2025/2026,>64 yrs,Greater Sierra-Sacramento,09/13/2025,37,2025,265,1433,18.492672714584788,Very High,7,823,0.850500,Very Low,0,487,0.000000,Very Low,5,1,,,,540932.000000,97,4,0,17.932013635725006,0.73946447982371166,0,Moderate,Very Low,Very Low,42,1,0,0,2.380952,0.000000,0.000000,,,
2025/2026,>64 yrs,Los Angeles,09/13/2025,37,2025,728,7230,10.069156293222683,Moderate,35,4095,0.854700,Very Low,6,2576,0.232900,Very Low,12,2,,,,1662650.000000,296,15,0,17.802905001052537,0.90217423991820289,0,Moderate,Very Low,Very Low,888,16,0,0,1.801802,0.000000,0.000000,,,
2025/2026,>64 yrs,Rural North,09/13/2025,37,2025,49,261,18.773946360153257,Very High,3,262,1.145000,Very Low,0,186,0.000000,Very Low,2,0,,,,150862.000000,17,0,5,11.268576579920722,0,3.314287229388448,Low,Very Low,Very High,107,1,0,0,0.934579,0.000000,0.000000,,,
2025/2026,0-17 yrs,Bay Area,09/20/2025,38,2025,211,4163,5.068460245015614,Low,45,2302,1.954800,Very Low,37,1650,2.242400,Low,26,8,,,,1642980.000000,12,2,5,0.73038016287477625,0.12173002714579605,0.30432506786449015,Very Low,Very Low,Very Low,11,0,0,0,0.000000,0.000000,0.000000,,,
2025/2026,>64 yrs,Central California,09/20/2025,38,2025,181,1307,13.84850803366488,High,12,970,1.237100,Very Low,0,603,0.000000,Very Low,8,0,,,,597083.000000,72,4,0,12.058625015282633,0.66992361196014627,0,Low,Very Low,Very Low,442,4,0,0,0.904977,0.000000,0.000000,,,
2025/2026,0-17 yrs,Los Angeles,09/20/2025,38,2025,304,4316,7.0435588507877664,Low,46,3022,1.522200,Very Low,9,1966,0.457800,Very Low,14,11,,,,1891916.000000,11,2,1,0.58142116246175835,0.1057129386294106,0.0528564693147053,Very Low,Very Low,Very Low,15,0,0,0,0.000000,0.000000,0.000000,,,
2025/2026,>64 yrs,Southern California,09/20/2025,38,2025,687,9612,7.1473158551810227,Low,50,7099,0.704300,Very Low,43,4546,0.945900,Very Low,21,1,,,,2132361.000000,247,16,0,11.58340449858162,0.75034199181095507,0,Low,Very Low,Very Low,1282,14,2,0,1.092044,0.156006,0.000000,,,
2025/2026,>64 yrs,Southern California,09/27/2025,39,2025,560,10393,5.388242086019436,Low,44,8347,0.527100,Very Low,9,5398,0.166700,Very Low,26,1,,,,2132361.000000,234,20,0,10.973751630235219,0.93792748976369389,0,Low,Very Low,Very Low,1292,15,0,0,1.160991,0.000000,0.000000,,,
2025/2026,>64 yrs,Bay Area,10/04/2025,40,2025,289,4622,6.252704456945045,Low,34,3430,0.991300,Very Low,10,2929,0.341400,Very Low,23,1,,,,1548338.000000,139,4,1,8.9773679907100377,0.2583415249125191,0.064585381228129776,Low,Very Low,Very Low,760,11,0,0,1.447368,0.000000,0.000000,,,
2025/2026,0-17 yrs,Central California,10/04/2025,40,2025,70,2187,3.2007315957933242,Low,29,1826,1.588200,Very Low,7,1361,0.514300,Very Low,7,2,,,,1200683.000000,3,1,3,0.24985778927493768,0.08328592975831256,0.24985778927493768,Very Low,Very Low,Very Low,15,0,0,0,0.000000,0.000000,0.000000,,,
2025/2026,>64 yrs,Los Angeles,10/04/2025,40,2025,352,6037,5.8307106178565515,Low,18,3873,0.464800,Very Low,5,2301,0.217300,Very Low,9,0,,,,1662650.000000,187,15,2,11.247105524313595,0.90217423991820289,0.12028989865576038,Low,Very Low,Very Low,856,9,0,0,1.051402,0.000000,0.000000,,,
2025/2026,0-17 yrs,Bay Area,10/11/2025,41,2025,92,4684,1.9641332194705381,Very Low,76,3595,2.114000,Low,64,2814,2.274300,Low,49,4,,,,1642980.000000,5,4,5,0.30432506786449015,0.24346005429159209,0.30432506786449015,Very Low,Very Low,Very Low,11,0,0,0,0.000000,0.000000,0.000000,,,
2025/2026,18-64 yrs,Bay Area,10/18/2025,42,2025,182,8617,2.1121039805036554,Very Low,110,6081,1.808900,Very Low,14,4650,0.301100,Very Low,73,4,,,,5207239.000000,34,3,2,0.65293718993885241,0.057612104994604625,0.038408069996403081,Very Low,Very Low,Very Low,177,0,0,0,0.000000,0.000000,0.000000,,,
2025/2026,0-17 yrs,Los Angeles,10/18/2025,42,2025,76,3997,1.9014260695521641,Very Low,55,3351,1.641300,Very Low,22,2227,0.987900,Very Low,18,4,,,,1891916.000000,9,6,3,0.47570822383234773,0.31713881588823178,0.15856940794411589,Very Low,Very Low,Very Low,11,0,0,0,0.000000,0.000000,0.000000,,,
2025/2026,18-64 yrs,Central California,10/25/2025,43,2025,99,3796,2.608008429926238,Very Low,26,2711,0.959100,Very Low,1,1615,0.061900,Very Low,8,0,,,,2656528.000000,14,3,0,0.52700366794552889,0.11292935741689906,0,Very Low,Very Low,Very Low,155,1,0,1,0.645161,0.000000,0.645161,,,
2025/2026,18-64 yrs,Rural North,10/25/2025,43,2025,6,357,1.680672268907563,Very Low,2,422,0.473900,Very Low,0,200,0.000000,Very Low,1,0,,,,381874.000000,0,1,0,0,0.2618664795194226,0,Very Low,Very Low,Very Low,22,0,0,0,0.000000,0.000000,0.000000,,,
2025/2026,>64 yrs,Rural North,10/25/2025,43,2025,12,164,7.3170731707317067,Low,3,281,1.067600,Very Low,0,154,0.000000,Very Low,,,,,,150862.000000,3,0,0,1.9885723376330686,0,0,Very Low,Very Low,Very Low,112,2,0,0,1.785714,0.000000,0.000000,,,
2025/2026,18-64 yrs,Southern California,10/25/2025,43,2025,280,10136,2.7624309392265194,Very Low,91,7127,1.276800,Very Low,10,3385,0.295400,Very Low,40,4,,,,7896077.000000,48,12,1,0.60789680749060582,0.15197420187265145,0.012664516822720953,Very Low,Very Low,Very Low,324,0,0,0,0.000000,0.000000,0.000000,,,
2025/2026,>64 yrs,Central California,11/01/2025,44,2025,40,1129,3.5429583702391501,Low,14,1562,0.896300,Very Low,1,1081,0.092500,Very Low,6,1,,,,597083.000000,19,6,0,3.1821371568106951,1.0048854179402193,0,Low,Low,Very Low,410,2,0,0,0.487805,0.000000,0.000000,,,
2025/2026,18-64 yrs,Los Angeles,11/01/2025,44,2025,162,10117,1.6012651971928435,Very Low,147,7228,2.033800,Low,13,3765,0.345300,Very Low,56,4,,,,6194360.000000,50,16,6,0.80718589168211086,0.25829948533827546,0.096862307001853304,Very Low,Very Low,Very Low,224,0,0,0,0.000000,0.000000,0.000000,,,
2025/2026,>64 yrs,Bay Area,11/08/2025,45,2025,85,4669,1.8205183122724351,Very Low,66,4292,1.537700,Very Low,24,3827,0.627100,Very Low,50,1,,,,1548338.000000,44,8,6,2.8417567740377101,0.51668304982503821,0.38751228736877863,Very Low,Very Low,Very Low,606,1,0,0,0.165017,0.000000,0.000000,,,
2025/2026,18-64 yrs,Los Angeles,11/15/2025,46,2025,108,8841,1.2215812690872072,Very Low,173,6253,2.766700,Low,12,4121,0.291200,Very Low,81,7,,,,6194360.000000,52,8,3,0.83947332734939528,0.12914974266913773,0.048431153500926652,Very Low,Very Low,Very Low,18,0,0,0,0.000000,0.000000,0.000000,,,
2023/2024,0-17 yrs,California,08/05/2023,31,2023,1365,16957,8.0497999999999994,Moderate,120,3525,3.404300,Low,39,2398,1.626400,Low,,,,,,,,,,,,,,,,57,1,0,0,1.754400,0.000000,0.000000,11,19,7
2023/2024,0-17 yrs,California,09/02/2023,35,2023,3533,29365,12.0313,Moderate,139,8551,1.625500,Very Low,106,5667,1.870500,Low,,,,,,,,,,,,,,,,56,1,0,0,1.785700,0.000000,0.000000,11,19,7
2023/2024,0-17 yrs,California,05/25/2024,21,2024,459,22045,2.0821000000000001,Very Low,674,11844,5.690600,Low,43,8451,0.508800,Very Low,,,,,,8694111.000000,37,,,0.42557542686077965,,,Very Low,,,62,0,0,1,0.000000,0.000000,1.612900,11,19,7
2024/2025,0-17 yrs,California,07/06/2024,27,2024,1248,16592,7.5217000000000001,Low,299,8241,3.628200,Low,20,5890,0.339600,Very Low,,,,,,8544834.000000,40,,,0.46811909979760874,,,Very Low,,,57,0,0,0,0.000000,0.000000,0.000000,9,44,8
2024/2025,0-17 yrs,California,12/07/2024,49,2024,331,26712,1.2391000000000001,Very Low,3609,20775,17.371800,High,2271,15205,14.935900,Very High,,,,,,8544834.000000,47,165,274,0.55003994226219022,1.9309912866651358,3.2066158336136197,Very Low,Low,Very High,53,2,0,1,3.773600,0.000000,1.886800,9,44,8
2024/2025,>64 yrs,California,01/04/2025,1,2025,1645,39086,4.2087000000000003,Low,5675,36001,15.763500,High,1058,24415,4.333400,Moderate,,,,,,6421418.000000,723,2161,351,11.259195398897877,33.653003121740404,5.4660824135728276,Low,Very High,Very High,4654,47,69,8,1.009900,1.482600,0.171900,,,
2024/2025,>64 yrs,California,05/10/2025,19,2025,805,25433,3.1652,Low,254,17011,1.493200,Very Low,64,11828,0.541100,Very Low,,,,,,6421418.000000,327,76,23,5.0923331887131473,1.1835392120556549,0.35817634049052716,Low,Low,Very Low,4327,23,8,1,0.531500,0.184900,0.023100,,,
2024/2025,0-17 yrs,California,05/31/2025,22,2025,440,16028,2.7452000000000001,Very Low,888,11911,7.455300,Low,47,8501,0.552900,Very Low,,,,,,8544834.000000,48,41,8,0.56174291975713053,0.47982207729254889,0.093623819959521751,Very Low,Very Low,Very Low,48,1,0,1,2.083300,0.000000,2.083300,9,44,8
2024/2025,18-64 yrs,California,06/21/2025,25,2025,1439,43660,3.2959000000000001,Low,374,18671,2.003100,Low,24,10706,0.224200,Very Low,,,,,,24153482.000000,177,37,2,0.7328135959858707,0.15318702288970176,0.0082803796156595555,Very Low,Very Low,Very Low,1181,7,1,0,0.592700,0.084700,0.000000,,,
2023/2024,0-17 yrs,California,10/07/2023,40,2023,927,24835,3.7326000000000001,Low,287,9780,2.934600,Low,480,6534,7.346200,High,,,,,,,,,,,,,,,,47,0,0,0,0.000000,0.000000,0.000000,11,19,7
2024/2025,0-17 yrs,California,09/07/2024,36,2024,2093,21075,9.9312000000000005,Moderate,227,11135,2.038600,Low,54,7605,0.710100,Very Low,,,,,,8544834.000000,81,,,0.94794117709015768,,,Very Low,,,60,2,0,0,3.333300,0.000000,0.000000,9,44,8
2024/2025,0-17 yrs,California,09/14/2024,37,2024,1495,20627,7.2477999999999998,Low,207,10568,1.958700,Very Low,87,7412,1.173800,Low,,,,,,8544834.000000,92,,,1.0766739295345,,,Very Low,,,65,0,0,0,0.000000,0.000000,0.000000,9,44,8
2024/2025,18-64 yrs,California,10/05/2024,40,2024,2089,57247,3.6490999999999998,Low,374,21898,1.707900,Very Low,22,13069,0.168300,Very Low,,,,,,24153482.000000,479,,,1.9831509179504638,,,Very Low,,,1167,11,0,0,0.942600,0.000000,0.000000,,,
2024/2025,>64 yrs,California,03/08/2025,10,2025,761,31109,2.4462000000000002,Very Low,1475,25879,5.699600,Low,544,18489,2.942300,Low,,,,,,6421418.000000,417,548,178,6.4938927819369487,8.5339406342960391,2.7719734177092969,Low,High,High,4416,36,44,16,0.815200,0.996400,0.362300,,,
2024/2025,>64 yrs,California,05/31/2025,22,2025,1020,22692,4.4950000000000001,Low,215,14447,1.488200,Very Low,15,9981,0.150300,Very Low,,,,,,6421418.000000,403,88,9,6.2758724007688018,1.3704138244854951,0.1401559593223802,Low,Low,Very Low,4124,18,2,0,0.436500,0.048500,0.000000,,,
2024/2025,0-17 yrs,California,06/28/2025,26,2025,444,13521,3.2837999999999998,Low,249,8212,3.032100,Low,27,5566,0.485100,Very Low,,,,,,8544834.000000,27,14,3,0.31598039236338588,0.16384168492916307,0.035108932484820658,Very Low,Very Low,Very Low,50,0,0,0,0.000000,0.000000,0.000000,9,44,8
2024/2025,0-17 yrs,California,07/13/2024,28,2024,1737,20564,8.4467999999999996,Moderate,248,8231,3.013000,Low,22,6079,0.361900,Very Low,,,,,,8544834.000000,60,,,0.70217864969641308,,,Very Low,,,58,0,0,0,0.000000,0.000000,0.000000,9,44,8
2024/2025,>64 yrs,California,07/20/2024,29,2024,4854,34023,14.2668,High,163,16445,0.991200,Very Low,26,10460,0.248600,Very Low,,,,,,6421418.000000,1444,,,22.487245029057444,,,Moderate,,,3990,82,0,0,2.055100,0.000000,0.000000,,,
2024/2025,18-64 yrs,California,06/14/2025,24,2025,1467,45609,3.2164999999999999,Low,492,19832,2.480800,Low,20,11855,0.168700,Very Low,,,,,,24153482.000000,157,70,3,0.65000979982927509,0.28981328654808447,0.012420569423489335,Very Low,Very Low,Very Low,1133,2,0,0,0.176500,0.000000,0.000000,,,
2025/2026,18-64 yrs,California,07/26/2025,30,2025,2345,42661,5.4968000000000004,Low,199,16386,1.214500,Very Low,13,9282,0.140100,Very Low,73,31,,,,24136728.000000,197,26,8,0.81618353573027791,0.10771965446186409,0.033144509065188954,Very Low,Very Low,Very Low,1139,4,0,0,0.351200,0.000000,0.000000,,,
2024/2025,>64 yrs,California,10/12/2024,41,2024,1457,27130,5.3704000000000001,Low,127,16209,0.783500,Very Low,18,11439,0.157400,Very Low,,,,,,6421418.000000,632,,,9.8420629213049207,,,Low,,,3987,70,2,1,1.755700,0.050200,0.025100,,,
2024/2025,18-64 yrs,California,10/19/2024,42,2024,1260,56867,2.2157,Very Low,389,23677,1.642900,Very Low,31,14287,0.217000,Very Low,,,,,,24153482.000000,249,,,1.0309072621496147,,,Very Low,,,1167,3,0,1,0.257100,0.000000,0.085700,,,
2024/2025,18-64 yrs,California,09/21/2024,38,2024,3252,63632,5.1105999999999998,Low,281,19999,1.405100,Very Low,12,11534,0.104000,Very Low,,,,,,24153482.000000,592,,,2.4509923662352282,,,Very Low,,,1169,16,0,0,1.368700,0.000000,0.000000,,,
2024/2025,>64 yrs,California,02/15/2025,7,2025,1147,36936,3.1053999999999999,Low,4168,34668,12.022600,Moderate,754,24136,3.124000,Low,,,,,,6421418.000000,594,1497,282,9.2502933152770925,23.31260790062257,4.3915533921012457,Low,Very High,Very High,4898,36,106,24,0.735000,2.164100,0.490000,,,
2024/2025,0-17 yrs,California,06/21/2025,25,2025,414,13620,3.0396000000000001,Low,324,8979,3.608400,Low,38,6163,0.616600,Very Low,,,,,,8544834.000000,28,21,3,0.32768336985832613,0.24576252739374457,0.035108932484820658,Very Low,Very Low,Very Low,31,0,0,0,0.000000,0.000000,0.000000,9,44,8
2025/2026,18-64 yrs,California,08/02/2025,31,2025,2871,43486,6.6021000000000001,Low,256,16748,1.528500,Very Low,9,9360,0.096200,Very Low,123,26,,,,24136728.000000,315,22,3,1.305065044441815,0.09114739992926961,0.012429190899445858,Very Low,Very Low,Very Low,1062,4,2,0,0.376600,0.188300,0.000000,,,
2023/2024,18-64 yrs,California,09/16/2023,37,2023,9666,88158,10.964399999999999,Moderate,213,16869,1.262700,Very Low,37,7364,0.502400,Very Low,,,,,,,,,,,,,,,,1285,12,0,0,0.933900,0.000000,0.000000,,,
2023/2024,0-17 yrs,California,05/04/2024,18,2024,355,25863,1.3726,Very Low,749,14067,5.324500,Low,66,10739,0.614600,Very Low,,,,,,8694111.000000,5,,,0.057510192819024274,,,Very Low,,,42,0,0,0,0.000000,0.000000,0.000000,11,19,7
2024/2025,18-64 yrs,California,07/13/2024,28,2024,7592,76905,9.8719000000000001,Moderate,506,24301,2.082200,Low,17,15640,0.108700,Very Low,,,,,,24153482.000000,490,,,2.0286930058365913,,,Very Low,,,1252,11,1,0,0.878600,0.079900,0.000000,,,
2024/2025,0-17 yrs,California,08/03/2024,31,2024,2420,20802,11.6335,Moderate,178,8474,2.100500,Low,31,5986,0.517900,Very Low,,,,,,8544834.000000,114,,,1.3341394344231847,,,Very Low,,,53,0,0,0,0.000000,0.000000,0.000000,9,44,8
2024/2025,18-64 yrs,California,08/03/2024,31,2024,9155,81275,11.264200000000001,Moderate,345,26453,1.304200,Very Low,20,16744,0.119400,Very Low,,,,,,24153482.000000,651,,,2.6952635648971857,,,Very Low,,,1234,9,1,0,0.729300,0.081000,0.000000,,,
2024/2025,18-64 yrs,California,11/16/2024,46,2024,1188,56639,2.0975000000000001,Very Low,1612,29452,5.473300,Low,181,18021,1.004400,Low,,,,,,24153482.000000,221,139,38,0.91498194753038087,0.57548638328833912,0.15732721269753155,Very Low,Very Low,Very Low,1183,5,3,0,0.422700,0.253600,0.000000,,,
2024/2025,0-17 yrs,California,02/08/2025,6,2025,725,42676,1.6988000000000001,Very Low,17545,40594,43.220700,Very High,3883,29566,13.133300,Very High,,,,,,8544834.000000,46,314,298,0.53833696476725001,3.6747349334112283,3.487487293492185,Very Low,Low,Very High,58,1,1,3,1.724100,1.724100,5.172400,9,44,8
2024/2025,18-64 yrs,California,04/19/2025,16,2025,1050,56392,1.8620000000000001,Very Low,1763,33684,5.233900,Low,132,20750,0.636100,Very Low,,,,,,24153482.000000,140,135,28,0.57962657309616894,0.55892562405702007,0.11592531461923378,Very Low,Very Low,Very Low,1112,4,3,3,0.359700,0.269800,0.269800,,,
2024/2025,18-64 yrs,California,05/17/2025,20,2025,1209,49950,2.4203999999999999,Very Low,682,24765,2.753900,Low,36,15250,0.236100,Very Low,,,,,,24153482.000000,157,49,10,0.65000979982927509,0.20286930058365912,0.041401898078297777,Very Low,Very Low,Very Low,1155,4,1,0,0.346300,0.086600,0.000000,,,
2024/2025,>64 yrs,California,05/24/2025,21,2025,963,23358,4.1227999999999998,Low,200,15702,1.273700,Very Low,41,11091,0.369700,Very Low,,,,,,6421418.000000,406,90,14,6.3225910538762626,1.4015595932238019,0.21802038116814695,Low,Low,Very Low,4067,16,2,1,0.393400,0.049200,0.024600,,,
2025/2026,>64 yrs,California,08/09/2025,32,2025,1979,24230,8.1676000000000002,Moderate,110,14210,0.774100,Very Low,17,9555,0.177900,Very Low,58,9,,,,6632226.000000,657,41,3,9.9061762973698428,0.61819365021638284,0.045233681723149961,Low,Very Low,Very Low,3998,29,1,1,0.725400,0.025000,0.025000,,,
2025/2026,18-64 yrs,California,09/20/2025,38,2025,3231,40991,7.8822000000000001,Low,259,20872,1.240900,Very Low,33,11597,0.284600,Very Low,133,12,,,,24136728.000000,447,22,2,1.8519494440174327,0.09114739992926961,0.0082861272662972385,Very Low,Very Low,Very Low,1040,8,0,0,0.769200,0.000000,0.000000,,,
2025/2026,18-64 yrs,California,09/27/2025,39,2025,2378,40254,5.9074999999999998,Low,279,21010,1.327900,Very Low,28,11249,0.248900,Very Low,137,22,,,,24136728.000000,378,30,1,1.5660780533301779,0.12429190899445856,0.0041430636331486193,Very Low,Very Low,Very Low,995,5,0,0,0.502500,0.000000,0.000000,,,
2023/2024,0-17 yrs,California,10/21/2023,42,2023,1125,27288,4.1227,Low,1057,11083,9.537100,Moderate,1158,8099,14.298100,Very High,,,,,,,,,,,,,,,,59,1,0,0,1.694900,0.000000,0.000000,11,19,7
2023/2024,>64 yrs,California,11/11/2023,45,2023,3291,36620,8.9869000000000003,Moderate,700,16945,4.131000,Low,422,11362,3.714100,Low,,,,,,,,,,,,,,,,4196,72,6,3,1.715900,0.143000,0.071500,,,
2023/2024,18-64 yrs,California,11/18/2023,46,2023,5695,79458,7.1673,Low,3605,30655,11.759900,Moderate,976,18537,5.265100,Moderate,,,,,,,,,,,,,,,,1283,10,1,2,0.779400,0.077900,0.155900,,,
2023/2024,0-17 yrs,California,11/25/2023,47,2023,1105,27735,3.9841000000000002,Low,3334,18480,18.041100,High,3971,14435,27.509500,Very High,,,,,,,,,,,,,,,,47,0,1,0,0.000000,2.127700,0.000000,11,19,7
2023/2024,>64 yrs,California,01/20/2024,3,2024,5279,45417,11.6234,Moderate,1898,26839,7.071800,Low,910,18371,4.953500,Moderate,,,,,,6221657.000000,2209,,,35.50501096412097,,,Very High,,,4824,170,38,26,3.524000,0.787700,0.539000,,,
2023/2024,18-64 yrs,California,04/13/2024,15,2024,1213,74351,1.6315,Very Low,1407,30903,4.553000,Low,85,21653,0.392600,Very Low,,,,,,24193302.000000,260,,,1.0746776111834591,,,Very Low,,,1286,7,3,0,0.544300,0.233300,0.000000,,,
2023/2024,>64 yrs,California,06/22/2024,25,2024,3138,31461,9.9742999999999995,Moderate,255,15868,1.607000,Very Low,21,10763,0.195100,Very Low,,,,,,6221657.000000,926,,,14.88349486318516,,,Moderate,,,4039,57,4,0,1.411200,0.099000,0.000000,,,
2024/2025,18-64 yrs,California,07/06/2024,27,2024,5632,60517,9.3064999999999998,Moderate,622,22653,2.745800,Low,20,14606,0.136900,Very Low,,,,,,24153482.000000,446,,,1.846524654292081,,,Very Low,,,1276,5,2,0,0.391800,0.156700,0.000000,,,
2024/2025,18-64 yrs,California,08/17/2024,33,2024,8160,76174,10.712300000000001,Moderate,296,21664,1.366300,Very Low,22,12477,0.176300,Very Low,,,,,,24153482.000000,766,,,3.1713853927976099,,,Low,,,1194,18,0,0,1.507500,0.000000,0.000000,,,
2024/2025,18-64 yrs,California,11/02/2024,44,2024,1153,56621,2.0363000000000002,Very Low,624,25290,2.467400,Low,92,15841,0.580800,Very Low,,,,,,24153482.000000,155,57,5,0.64172942021361556,0.23599081904629732,0.020700949039148889,Very Low,Very Low,Very Low,1241,5,0,0,0.402900,0.000000,0.000000,,,
2024/2025,0-17 yrs,California,01/11/2025,2,2025,403,28909,1.3939999999999999,Very Low,8686,26051,33.342300,Very High,3819,19402,19.683500,Very High,,,,,,8544834.000000,42,244,325,0.49152505478748915,2.8555265087654131,3.8034676858555709,Very Low,Low,Very High,64,0,3,1,0.000000,4.687500,1.562500,9,44,8
2024/2025,18-64 yrs,California,03/01/2025,9,2025,1246,67228,1.8533999999999999,Very Low,7290,49092,14.849700,Moderate,843,30232,2.788400,Low,,,,,,24153482.000000,218,569,127,0.90256137810689163,2.3557680006551434,0.52580410559438184,Very Low,Low,Low,1180,4,17,0,0.339000,1.440700,0.000000,,,
2025/2026,0-17 yrs,California,08/16/2025,33,2025,1879,14340,13.103199999999999,High,158,8439,1.872300,Very Low,32,5568,0.574700,Very Low,70,21,,,,8386716.000000,104,6,3,1.2400562985559545,0.071541709532074296,0.035770854766037148,Very Low,Very Low,Very Low,40,0,0,0,0.000000,0.000000,0.000000,2,0,0
2025/2026,>64 yrs,California,11/15/2025,46,2025,350,17499,2.0001000000000002,Very Low,179,14777,1.211300,Very Low,59,11546,0.511000,Very Low,146,5,,,,6632226.000000,180,86,17,2.7140209033889979,1.2966988760636324,0.25632419643118315,Very Low,Low,Very Low,708,1,0,0,0.141200,0.000000,0.000000,,,
2023/2024,0-17 yrs,California,01/13/2024,2,2024,1833,29226,6.2717999999999998,Low,3420,17132,19.962600,High,2266,13153,17.228000,Very High,,,,,,8694111.000000,91,,,1.0466855093062419,,,Very Low,,,63,0,1,1,0.000000,1.587300,1.587300,11,19,7
2023/2024,18-64 yrs,California,09/30/2023,39,2023,6190,83791,7.3874000000000004,Low,250,17810,1.403700,Very Low,60,7830,0.766300,Very Low,,,,,,,,,,,,,,,,1274,22,0,0,1.726800,0.000000,0.000000,,,
2023/2024,18-64 yrs,California,03/09/2024,10,2024,2106,82650,2.5480999999999998,Very Low,1948,36987,5.266700,Low,327,25214,1.296900,Low,,,,,,24193302.000000,432,,,1.7856181847355932,,,Very Low,,,1299,12,3,0,0.923800,0.230900,0.000000,,,
2023/2024,>64 yrs,California,03/30/2024,13,2024,1053,32073,3.2831000000000001,Low,336,21065,1.595100,Very Low,154,16058,0.959000,Very Low,,,,,,6221657.000000,570,,,9.1615465140556598,,,Low,,,4009,34,3,2,0.848100,0.074800,0.049900,,,
2024/2025,>64 yrs,California,08/10/2024,32,2024,5191,36757,14.1225,High,132,15529,0.850000,Very Low,18,9804,0.183600,Very Low,,,,,,6421418.000000,2009,,,31.285924697629088,,,High,,,4021,103,1,0,2.561600,0.024900,0.000000,,,
2024/2025,>64 yrs,California,01/18/2025,3,2025,1331,36997,3.5975999999999999,Low,5474,32961,16.607500,High,943,22337,4.221700,Moderate,,,,,,6421418.000000,676,1978,328,10.527269833547667,30.80316528218534,5.1079060730823,Low,Very High,Very High,5003,45,88,11,0.899500,1.758900,0.219900,,,
2025/2026,>64 yrs,California,09/06/2025,36,2025,2890,26964,10.718,Moderate,107,15237,0.702200,Very Low,11,9549,0.115200,Very Low,68,5,,,,6632226.000000,1070,54,6,16.133346481256819,0.8142062710166994,0.090467363446299923,Moderate,Very Low,Very Low,3818,51,1,0,1.335800,0.026200,0.000000,,,
2023/2024,All Ages,Rural North,07/15/2023,28,2023,83,1055,7.8673000000000002,Low,0,219,0.000000,Very Low,0,73,0.000000,Very Low,,,,,,,,,,,,,,,,138,3,0,0,2.173900,0.000000,0.000000,,,
2023/2024,All Ages,Central California,10/07/2023,40,2023,928,16079,5.7714999999999996,Low,131,4659,2.811800,Low,21,3041,0.690600,Very Low,,,,,,,,,,,,,,,,634,11,1,0,1.735000,0.157700,0.000000,,,
2023/2024,All Ages,Greater Sierra-Sacramento,10/14/2023,41,2023,767,7781,9.8573000000000004,Moderate,50,2322,2.153300,Low,33,1226,2.691700,Low,,,,,,,,,,,,,,,,67,2,1,0,2.985100,1.492500,0.000000,,,
2024/2025,All Ages,Greater Sierra-Sacramento,10/12/2024,41,2024,390,6656,5.8593999999999999,Low,76,4987,1.524000,Very Low,20,3585,0.557900,Very Low,,,,,,2981445.000000,74,,,2.4820179476730244,,,Very Low,,,54,0,0,0,0.000000,0.000000,0.000000,,,
2024/2025,All Ages,Rural North,01/04/2025,1,2025,27,1216,2.2204000000000002,Very Low,302,2073,14.568300,Moderate,96,1041,9.221900,High,,,,,,680190.000000,28,42,9,4.1164968611711439,6.1747452917567154,1.3231597053764388,Low,High,Low,173,2,4,0,1.156100,2.312100,0.000000,,,
2024/2025,All Ages,Bay Area,02/15/2025,7,2025,744,42454,1.7524999999999999,Very Low,11405,37372,30.517500,Very High,1360,29325,4.637700,Moderate,,,,,,8391953.000000,140,707,141,1.6682648246480885,8.4247373644728469,1.6801810019670032,Very Low,High,Moderate,1249,7,30,7,0.560400,2.401900,0.560400,,,
2024/2025,All Ages,Southern California,03/01/2025,9,2025,723,32234,2.2429999999999999,Very Low,2881,24227,11.891700,Moderate,944,11886,7.942100,High,,,,,,12840501.000000,175,422,249,1.3628751713036742,3.2864761273722887,1.9391766723120849,Very Low,Low,Moderate,1869,14,18,2,0.749100,0.963100,0.107000,,,
2024/2025,All Ages,Bay Area,03/08/2025,10,2025,522,30621,1.7047000000000001,Very Low,4142,24739,16.742800,High,737,20478,3.599000,Low,,,,,,8391953.000000,94,250,75,1.1201206679780022,2.9790443297287292,0.89371329891861873,Very Low,Low,Low,1126,6,14,1,0.532900,1.243300,0.088800,,,
2024/2025,All Ages,Los Angeles,02/22/2025,8,2025,785,34062,2.3046000000000002,Very Low,3096,29874,10.363500,Moderate,664,19268,3.446100,Low,,,,,,9784023.000000,285,342,97,2.9129122039063073,3.495494644687569,0.99141222378565541,Very Low,Low,Low,1419,11,13,2,0.775200,0.916100,0.140900,,,
2024/2025,All Ages,Los Angeles,06/14/2025,24,2025,719,28816,2.4950999999999999,Very Low,243,13668,1.777900,Very Low,24,8834,0.271700,Very Low,,,,,,9784023.000000,165,39,3,1.6864228548931253,0.39860903842928419,0.03066223372532955,Very Low,Very Low,Very Low,1114,6,0,0,0.538600,0.000000,0.000000,,,
2023/2024,All Ages,Bay Area,08/26/2023,34,2023,4692,47401,9.8985000000000003,Moderate,103,5711,1.803500,Very Low,53,3019,1.755500,Low,,,,,,,,,,,,,,,,1050,28,1,0,2.666700,0.095200,0.000000,,,
2023/2024,All Ages,Central California,09/02/2023,35,2023,2411,18110,13.3131,High,21,3137,0.669400,Very Low,3,2622,0.114400,Very Low,,,,,,,,,,,,,,,,592,12,0,0,2.027000,0.000000,0.000000,,,
2023/2024,All Ages,Los Angeles,10/21/2023,42,2023,2104,37747,5.5739999999999998,Low,215,11530,1.864700,Very Low,189,5953,3.174900,Low,,,,,,,,,,,,,,,,1182,31,1,0,2.622700,0.084600,0.000000,,,
2023/2024,All Ages,Bay Area,11/18/2023,46,2023,2720,46841,5.8068999999999997,Low,3333,20843,15.991000,High,2967,17261,17.189000,Very High,,,,,,,,,,,,,,,,1067,22,0,3,2.061900,0.000000,0.281200,,,
2023/2024,All Ages,Los Angeles,01/06/2024,1,2024,4932,43298,11.3908,Moderate,3141,21368,14.699600,Moderate,882,10650,8.281700,High,,,,,,,,,,,,,,,,1500,59,12,4,3.933300,0.800000,0.266700,,,
2023/2024,All Ages,Los Angeles,05/11/2024,19,2024,567,28000,2.0249999999999999,Very Low,367,11486,3.195200,Low,16,6905,0.231700,Very Low,,,,,,9825708.000000,132,,,1.3434146424868314,,,Very Low,,,1246,6,1,1,0.481500,0.080300,0.080300,,,
2024/2025,All Ages,Bay Area,07/13/2024,28,2024,4324,47440,9.1146999999999991,Moderate,327,15079,2.168600,Low,38,12762,0.297800,Very Low,,,,,,8391953.000000,653,,,7.7812637892514411,,,Low,,,1051,22,2,0,2.093200,0.190300,0.000000,,,
2024/2025,All Ages,Southern California,07/13/2024,28,2024,3253,25374,12.8202,Moderate,252,13089,1.925300,Very Low,13,6600,0.197000,Very Low,,,,,,12840501.000000,396,,,3.0839918162071718,,,Low,,,1662,19,0,0,1.143200,0.000000,0.000000,,,
2024/2025,All Ages,Bay Area,08/10/2024,32,2024,3624,39752,9.1165000000000003,Moderate,181,9410,1.923500,Very Low,31,7990,0.388000,Very Low,,,,,,8391953.000000,743,,,8.8537197479537824,,,Low,,,1030,24,0,0,2.330100,0.000000,0.000000,,,
2024/2025,All Ages,Rural North,10/05/2024,40,2024,109,1124,9.6974999999999998,Moderate,10,885,1.129900,Very Low,2,576,0.347200,Very Low,,,,,,680190.000000,12,,,1.7642129405019187,,,Very Low,,,150,4,0,0,2.666700,0.000000,0.000000,,,
2024/2025,All Ages,Rural North,05/03/2025,18,2025,24,797,3.0112999999999999,Low,44,1102,3.992700,Low,18,691,2.604900,Low,,,,,,680190.000000,4,10,1,0.58807098016730619,1.4701774504182654,0.14701774504182655,Very Low,Low,Very Low,157,2,0,0,1.273900,0.000000,0.000000,,,
2024/2025,All Ages,Los Angeles,06/21/2025,25,2025,701,30099,2.3290000000000002,Very Low,176,12364,1.423500,Very Low,17,7591,0.223900,Very Low,,,,,,9784023.000000,180,32,1,1.839734023519773,0.32706382640351517,0.010220744575109849,Very Low,Very Low,Very Low,1196,6,1,0,0.501700,0.083600,0.000000,,,
2025/2026,All Ages,Rural North,09/06/2025,36,2025,167,841,19.857299999999999,Very High,4,763,0.524200,Very Low,1,517,0.193400,Very Low,3,0,,,,677064.000000,22,1,3,3.249323549915518,0.14769652499615987,0.44308957498847967,Low,Very Low,Very Low,140,2,0,0,1.428600,0.000000,0.000000,,,
2023/2024,All Ages,Rural North,08/05/2023,31,2023,137,1071,12.7918,Moderate,2,308,0.649400,Very Low,1,159,0.628900,Very Low,,,,,,,,,,,,,,,,121,2,0,0,1.652900,0.000000,0.000000,,,
2023/2024,All Ages,Greater Sierra-Sacramento,09/23/2023,38,2023,1216,8788,13.8371,High,34,1945,1.748100,Very Low,9,856,1.051400,Low,,,,,,,,,,,,,,,,51,4,0,0,7.843100,0.000000,0.000000,,,
2023/2024,All Ages,Southern California,12/16/2023,50,2023,4625,41338,11.1883,Moderate,4462,24407,18.281600,High,1424,12855,11.077400,Very High,,,,,,,,,,,,,,,,1977,64,8,4,3.237200,0.404700,0.202300,,,
2023/2024,All Ages,Bay Area,02/24/2024,8,2024,1727,51247,3.3700000000000001,Low,1341,25526,5.253500,Low,473,21771,2.172600,Low,,,,,,8391874.000000,517,,,6.1607216695579554,,,Low,,,1151,22,1,1,1.911400,0.086900,0.086900,,,
2023/2024,All Ages,Central California,03/16/2024,11,2024,545,18455,2.9531000000000001,Very Low,563,9729,5.786800,Low,191,8113,2.354200,Low,,,,,,4432134.000000,140,,,3.15874926164236,,,Low,,,638,3,1,2,0.470200,0.156700,0.313500,,,
2023/2024,All Ages,Southern California,03/30/2024,13,2024,594,25278,2.3498999999999999,Very Low,647,15240,4.245400,Low,133,8983,1.480600,Low,,,,,,12802429.000000,187,,,1.4606603168820542,,,Very Low,,,1651,11,1,0,0.666300,0.060600,0.000000,,,
2023/2024,All Ages,Greater Sierra-Sacramento,06/15/2024,24,2024,666,6313,10.5497,Moderate,97,3349,2.896400,Low,4,2035,0.196600,Very Low,,,,,,2973210.000000,142,,,4.7759828602755947,,,Low,,,58,0,0,0,0.000000,0.000000,0.000000,,,
2023/2024,All Ages,Los Angeles,06/15/2024,24,2024,1275,31093,4.1006,Low,346,10799,3.204000,Low,16,6606,0.242200,Very Low,,,,,,9825708.000000,206,,,2.0965410329718734,,,Very Low,,,1237,10,1,1,0.808400,0.080800,0.080800,,,
2023/2024,All Ages,Central California,06/29/2024,26,2024,1075,12370,8.6904000000000003,Moderate,145,4790,3.027100,Low,2,3313,0.060400,Very Low,,,,,,4432134.000000,144,,,3.2489992405464276,,,Low,,,632,7,1,0,1.107600,0.158200,0.000000,,,
2024/2025,All Ages,Bay Area,08/17/2024,33,2024,3627,37296,9.7248999999999999,Moderate,190,8117,2.340800,Low,26,5909,0.440000,Very Low,,,,,,8391953.000000,704,,,8.3889888325161017,,,Low,,,1006,31,1,0,3.081500,0.099400,0.000000,,,
2024/2025,All Ages,Southern California,01/18/2025,3,2025,1077,41861,2.5728,Very Low,9080,31163,29.137100,Very High,1096,14689,7.461400,High,,,,,,12840501.000000,286,1447,249,2.2273274228162903,11.269030702150951,1.9391766723120849,Very Low,Very High,Moderate,2153,20,62,4,0.928900,2.879700,0.185800,,,
2024/2025,All Ages,Los Angeles,03/15/2025,11,2025,732,43280,1.6913,Very Low,2137,24367,8.770100,Low,429,16637,2.578600,Low,,,,,,9784023.000000,231,270,65,2.3609919968503754,2.7596010352796592,0.66434839738214024,Very Low,Low,Low,1285,9,11,2,0.700400,0.856000,0.155600,,,
2024/2025,All Ages,Rural North,10/12/2024,41,2024,88,932,9.4420999999999999,Moderate,8,817,0.979200,Very Low,0,490,0.000000,Very Low,,,,,,680190.000000,17,,,2.4993016657110516,,,Very Low,,,152,4,0,0,2.631600,0.000000,0.000000,,,
2024/2025,All Ages,Southern California,05/10/2025,19,2025,701,26126,2.6831999999999998,Very Low,534,16904,3.159000,Low,62,9773,0.634400,Very Low,,,,,,12840501.000000,146,69,16,1.1370272857733512,0.53736221039973442,0.1246057299477645,Very Low,Very Low,Very Low,1790,6,4,0,0.335200,0.223500,0.000000,,,
2024/2025,All Ages,Rural North,05/17/2025,20,2025,20,747,2.6774,Very Low,15,981,1.529100,Very Low,4,683,0.585700,Very Low,,,,,,680190.000000,8,2,4,1.1761419603346124,0.29403549008365309,0.58807098016730619,Very Low,Very Low,Low,134,0,0,0,0.000000,0.000000,0.000000,,,
2025/2026,All Ages,Bay Area,10/04/2025,40,2025,775,16864,4.5956000000000001,Low,172,11493,1.496600,Very Low,62,8777,0.706400,Very Low,96,22,,,,8398557.000000,209,10,4,2.4885227307500566,0.11906807324162948,0.047627229296651793,Very Low,Very Low,Very Low,974,11,0,0,1.129400,0.000000,0.000000,,,
2023/2024,All Ages,Southern California,09/16/2023,37,2023,4933,35800,13.779299999999999,High,125,12654,0.987800,Very Low,67,6272,1.068200,Low,,,,,,,,,,,,,,,,1762,47,0,0,2.667400,0.000000,0.000000,,,
2023/2024,All Ages,Central California,02/17/2024,7,2024,1073,18657,5.7511999999999999,Low,648,9608,6.744400,Low,454,7589,5.982300,Moderate,,,,,,4432134.000000,209,,,4.715561397737523,,,Low,,,672,13,4,4,1.934500,0.595200,0.595200,,,
2023/2024,All Ages,Bay Area,02/10/2024,6,2024,2184,52598,4.1521999999999997,Low,1468,24612,5.964600,Low,639,21287,3.001800,Low,,,,,,8391874.000000,554,,,6.6016243809189703,,,Low,,,1142,40,5,9,3.502600,0.437800,0.788100,,,
2023/2024,All Ages,Los Angeles,03/30/2024,13,2024,488,31936,1.5281,Very Low,534,14274,3.741100,Low,83,8823,0.940700,Very Low,,,,,,9825708.000000,167,,,1.6996230704189461,,,Very Low,,,1237,8,0,0,0.646700,0.000000,0.000000,,,
2023/2024,All Ages,Central California,04/27/2024,17,2024,303,14442,2.0979999999999999,Very Low,308,6618,4.654000,Low,10,4995,0.200200,Very Low,,,,,,4432134.000000,81,,,1.8275620728073654,,,Very Low,,,628,4,0,1,0.636900,0.000000,0.159200,,,
2023/2024,All Ages,Bay Area,06/15/2024,24,2024,2847,46013,6.1874000000000002,Low,477,15806,3.017800,Low,28,13434,0.208400,Very Low,,,,,,8391874.000000,406,,,4.8380135354749134,,,Low,,,1063,15,1,0,1.411100,0.094100,0.000000,,,
2024/2025,All Ages,Rural North,07/13/2024,28,2024,167,1029,16.229299999999999,High,9,725,1.241400,Very Low,0,507,0.000000,Very Low,,,,,,680190.000000,4,,,0.58807098016730619,,,Very Low,,,156,2,0,0,1.282100,0.000000,0.000000,,,
2024/2025,All Ages,Los Angeles,09/07/2024,36,2024,3463,37971,9.1201000000000008,Moderate,613,13721,4.467600,Low,150,8526,1.759300,Low,,,,,,9784023.000000,627,,,6.4084068485938754,,,Low,,,1331,27,2,0,2.028500,0.150300,0.000000,,,
2024/2025,All Ages,Central California,04/12/2025,15,2025,215,10718,2.0059999999999998,Very Low,631,9541,6.613600,Low,149,6800,2.191200,Low,,,,,,4441622.000000,43,48,18,0.96811480130456851,1.0806862898283554,0.40525735868563328,Very Low,Low,Very Low,713,3,1,0,0.420800,0.140300,0.000000,,,
2024/2025,All Ages,Greater Sierra-Sacramento,04/26/2025,17,2025,185,5728,3.2296999999999998,Low,272,5892,4.616400,Low,47,3915,1.200500,Low,,,,,,2981445.000000,48,20,9,1.6099575876797996,0.67081566153324979,0.30186704768996242,Very Low,Very Low,Very Low,60,0,0,0,0.000000,0.000000,0.000000,,,
2024/2025,All Ages,Central California,05/24/2025,21,2025,289,6713,4.3051000000000004,Low,190,5158,3.683600,Low,11,3641,0.302100,Very Low,,,,,,4441622.000000,46,22,1,1.0356576944188407,0.49531454950466297,0.022514297704757408,Very Low,Very Low,Very Low,628,3,0,0,0.477700,0.000000,0.000000,,,
2024/2025,All Ages,Bay Area,06/28/2025,26,2025,1036,20098,5.1547000000000001,Low,210,8222,2.554100,Low,12,6304,0.190400,Very Low,,,,,,8391953.000000,164,13,4,1.9542530803020466,0.15491030514589393,0.047664709275659675,Very Low,Very Low,Very Low,1056,11,2,0,1.041700,0.189400,0.000000,,,
2023/2024,All Ages,Southern California,07/22/2023,29,2023,1985,23913,8.3009000000000004,Moderate,73,5238,1.393700,Very Low,13,3941,0.329900,Very Low,,,,,,,,,,,,,,,,1727,24,0,0,1.389700,0.000000,0.000000,,,
2024/2025,All Ages,Los Angeles,11/02/2024,44,2024,501,29819,1.6800999999999999,Very Low,346,13929,2.484000,Low,81,9193,0.881100,Very Low,,,,,,9784023.000000,211,39,21,2.1565771053481781,0.39860903842928419,0.21463563607730685,Very Low,Very Low,Very Low,1210,5,0,1,0.413200,0.000000,0.082600,,,
2024/2025,All Ages,Greater Sierra-Sacramento,01/18/2025,3,2025,209,9781,2.1368,Very Low,2483,10329,24.039100,Very High,702,7043,9.967300,High,,,,,,2981445.000000,74,222,87,2.4820179476730244,7.4460538430190732,2.9180481276696368,Very Low,High,High,72,2,0,0,2.777800,0.000000,0.000000,,,
2024/2025,All Ages,Bay Area,03/29/2025,13,2025,605,29266,2.0672000000000001,Very Low,3427,22685,15.106900,High,368,18432,1.996500,Low,,,,,,8391953.000000,109,127,45,1.2988633277617261,1.5133545195021945,0.53622797935117128,Very Low,Low,Low,1132,3,11,2,0.265000,0.971700,0.176700,,,
2025/2026,All Ages,Los Angeles,09/27/2025,39,2025,1362,24049,5.6634000000000002,Low,160,13422,1.192100,Very Low,23,7730,0.297500,Very Low,48,20,,,,9748926.000000,387,28,1,3.9696680434337077,0.28721112458951892,0.010257540163911389,Low,Very Low,Very Low,1148,9,0,0,0.784000,0.000000,0.000000,,,
2025/2026,All Ages,Bay Area,11/08/2025,45,2025,214,19502,1.0972999999999999,Very Low,330,15181,2.173800,Low,246,12251,2.008000,Low,248,4,,,,8398557.000000,61,14,21,0.72631524677393988,0.16669530253828127,0.25004295380742192,Very Low,Very Low,Very Low,728,1,0,0,0.137400,0.000000,0.000000,,,
2023/2024,All Ages,Central California,12/02/2023,48,2023,1500,23426,6.4031000000000002,Low,1719,10836,15.863800,High,731,8164,8.953900,High,,,,,,,,,,,,,,,,710,18,4,1,2.535200,0.563400,0.140800,,,
2023/2024,All Ages,Greater Sierra-Sacramento,12/09/2023,49,2023,1161,11272,10.299899999999999,Moderate,1085,7857,13.809300,Moderate,585,5341,10.953000,Very High,,,,,,,,,,,,,,,,61,1,1,0,1.639300,1.639300,0.000000,,,
2023/2024,All Ages,Central California,01/13/2024,2,2024,1485,19598,7.5773000000000001,Low,1260,10264,12.275900,Moderate,1049,8242,12.727500,Very High,,,,,,4432134.000000,302,,,6.8138734072570912,,,Low,,,724,26,18,5,3.591200,2.486200,0.690600,,,
2023/2024,All Ages,Central California,02/10/2024,6,2024,1233,18964,6.5018000000000002,Low,659,9615,6.853900,Low,591,7811,7.566300,High,,,,,,4432134.000000,235,,,5.3021862606139614,,,Low,,,661,14,1,1,2.118000,0.151300,0.151300,,,
2023/2024,All Ages,Central California,02/03/2024,5,2024,1530,20027,7.6397000000000004,Low,781,9809,7.962100,Low,683,7906,8.639000,High,,,,,,4432134.000000,246,,,5.5503737026001465,,,Low,,,677,19,1,1,2.806500,0.147700,0.147700,,,
2024/2025,All Ages,Bay Area,10/05/2024,40,2024,1053,27856,3.7801999999999998,Low,261,11568,2.256200,Low,90,8712,1.033100,Low,,,,,,8391953.000000,376,,,4.480482671912009,,,Low,,,1052,20,0,0,1.901100,0.000000,0.000000,,,
2024/2025,All Ages,Rural North,12/21/2024,51,2024,51,1135,4.4934000000000003,Low,382,1901,20.094700,High,48,896,5.357100,Moderate,,,,,,680190.000000,29,39,21,4.2635146062129694,5.7336920566312353,3.0873726458783577,Low,Moderate,Very High,167,2,0,0,1.197600,0.000000,0.000000,,,
2024/2025,All Ages,Central California,05/03/2025,18,2025,201,8295,2.4230999999999998,Very Low,305,7281,4.189000,Low,36,5251,0.685600,Very Low,,,,,,4441622.000000,33,22,5,0.74297182425699437,0.49531454950466297,0.11257148852378704,Very Low,Very Low,Very Low,674,5,0,0,0.741800,0.000000,0.000000,,,
2025/2026,All Ages,Southern California,07/05/2025,27,2025,737,20463,3.6015999999999999,Low,182,11872,1.533000,Very Low,13,6574,0.197700,Very Low,65,52,,,,12884704.000000,166,32,5,1.2883493481883637,0.24835650085558814,0.038805703258685646,Very Low,Very Low,Very Low,1607,9,0,0,0.560000,0.000000,0.000000,,,
2025/2026,All Ages,Central California,09/13/2025,37,2025,1043,8086,12.8988,Moderate,47,4467,1.052200,Very Low,4,3045,0.131400,Very Low,13,0,,,,4454294.000000,114,10,0,2.5593281449316096,0.22450246885364999,0,Very Low,Very Low,Very Low,616,3,0,1,0.487000,0.000000,0.162300,,,
2025/2026,All Ages,Rural North,09/13/2025,37,2025,148,928,15.9483,High,3,867,0.346000,Very Low,2,607,0.329500,Very Low,3,0,,,,677064.000000,19,0,5,2.806233974927038,0,0.73848262498079942,Very Low,Very Low,Low,149,1,0,0,0.671100,0.000000,0.000000,,,
2025/2026,All Ages,Bay Area,10/25/2025,43,2025,376,19107,1.9679,Very Low,209,14401,1.451300,Very Low,162,11714,1.383000,Low,147,15,,,,8398557.000000,104,17,6,1.2383079617129467,0.20241572451077014,0.071440843944977697,Very Low,Very Low,Very Low,1021,10,0,1,0.979400,0.000000,0.097900,,,
2023/2024,All Ages,Southern California,07/29/2023,30,2023,2488,26348,9.4428000000000001,Moderate,117,6373,1.835900,Very Low,16,3373,0.474400,Very Low,,,,,,,,,,,,,,,,1720,27,0,0,1.569800,0.000000,0.000000,,,
2023/2024,All Ages,Southern California,09/23/2023,38,2023,4037,33585,12.020200000000001,Moderate,121,12433,0.973200,Very Low,70,6118,1.144200,Low,,,,,,,,,,,,,,,,1810,48,0,2,2.651900,0.000000,0.110500,,,
2023/2024,All Ages,Greater Sierra-Sacramento,12/16/2023,50,2023,1253,12567,9.9705999999999992,Moderate,1350,8602,15.694000,High,727,5893,12.336700,Very High,,,,,,,,,,,,,,,,66,0,0,0,0.000000,0.000000,0.000000,,,
2023/2024,All Ages,Rural North,12/23/2023,51,2023,218,1971,11.0604,Moderate,270,1699,15.891700,High,129,1091,11.824000,Very High,,,,,,,,,,,,,,,,156,5,0,1,3.205100,0.000000,0.641000,,,
2023/2024,All Ages,Los Angeles,01/13/2024,2,2024,4257,45567,9.3422999999999998,Moderate,2634,20376,12.927000,Moderate,672,10003,6.718000,Moderate,,,,,,9825708.000000,963,,,9.8008204599607485,,,Low,,,1557,45,9,4,2.890200,0.578000,0.256900,,,
2023/2024,All Ages,Los Angeles,02/24/2024,8,2024,1352,35135,3.8479999999999999,Low,1031,17204,5.992800,Low,288,9281,3.103100,Low,,,,,,9825708.000000,400,,,4.0709534620813077,,,Low,,,1372,25,4,1,1.822200,0.291500,0.072900,,,
2024/2025,All Ages,Los Angeles,07/13/2024,28,2024,3202,38779,8.2569999999999997,Moderate,236,11544,2.044400,Low,6,7132,0.084100,Very Low,,,,,,9784023.000000,453,,,4.6299972925247621,,,Low,,,1229,13,1,0,1.057800,0.081400,0.000000,,,
2024/2025,All Ages,Los Angeles,09/14/2024,37,2024,2329,36322,6.4120999999999997,Low,195,12553,1.553400,Very Low,121,8077,1.498100,Low,,,,,,9784023.000000,590,,,6.0302392993148111,,,Low,,,1266,36,0,0,2.843600,0.000000,0.000000,,,
2024/2025,All Ages,Central California,09/21/2024,38,2024,904,13029,6.9383999999999997,Low,49,5311,0.922600,Very Low,2,3630,0.055100,Very Low,,,,,,4441622.000000,187,,,4.2101736707896347,,,Low,,,645,12,0,1,1.860500,0.000000,0.155000,,,
2024/2025,All Ages,Bay Area,01/04/2025,1,2025,816,37393,2.1821999999999999,Very Low,8039,31103,25.846400,Very High,2674,26180,10.213900,Very High,,,,,,8391953.000000,198,714,287,2.3594031091451537,8.5081506057052518,3.4199428905285814,Very Low,High,Very High,1144,10,15,5,0.874100,1.311200,0.437100,,,
2024/2025,All Ages,Central California,03/15/2025,11,2025,238,11653,2.0424000000000002,Very Low,1649,12288,13.419600,Moderate,524,8811,5.947100,Moderate,,,,,,4441622.000000,37,86,42,0.833029015076024,1.936229602609137,0.94560050359981096,Very Low,Low,Low,623,3,8,1,0.481500,1.284100,0.160500,,,
2024/2025,All Ages,Rural North,08/17/2024,33,2024,274,1280,21.406300000000002,Very High,2,785,0.254800,Very Low,0,469,0.000000,Very Low,,,,,,680190.000000,14,,,2.0582484305855719,,,Very Low,,,162,2,0,0,1.234600,0.000000,0.000000,,,
2024/2025,All Ages,Bay Area,01/18/2025,3,2025,836,40500,2.0642,Very Low,11002,33543,32.799700,Very High,1996,26852,7.433300,High,,,,,,8391953.000000,169,723,230,2.013833966896621,8.6153962015754857,2.7407207833504308,Very Low,High,High,1240,11,15,4,0.887100,1.209700,0.322600,,,
2024/2025,All Ages,Southern California,01/25/2025,4,2025,1156,47285,2.4447000000000001,Very Low,9698,32237,30.083400,Very High,1243,14620,8.502100,High,,,,,,12840501.000000,292,1499,295,2.2740545715467024,11.673999324481185,2.2974181459119078,Very Low,Very High,High,2262,29,77,7,1.282100,3.404100,0.309500,,,
2023/2024,All Ages,Rural North,11/18/2023,46,2023,145,1472,9.8505000000000003,Moderate,41,1032,3.972900,Low,19,693,2.741700,Low,,,,,,,,,,,,,,,,162,5,0,0,3.086400,0.000000,0.000000,,,
2023/2024,All Ages,Bay Area,02/03/2024,5,2024,2622,51487,5.0925000000000002,Low,1852,24791,7.470500,Low,732,21513,3.402600,Low,,,,,,8391874.000000,624,,,7.4357646456560245,,,Low,,,1131,31,7,4,2.740900,0.618900,0.353700,,,
2023/2024,All Ages,Rural North,02/24/2024,8,2024,174,1811,9.6080000000000005,Moderate,174,1558,11.168200,Moderate,50,1040,4.807700,Moderate,,,,,,683715.000000,38,,,5.5578713352785885,,,Low,,,147,8,0,0,5.442200,0.000000,0.000000,,,
2023/2024,All Ages,Central California,04/20/2024,16,2024,319,13970,2.2835000000000001,Very Low,377,6739,5.594300,Low,17,5223,0.325500,Very Low,,,,,,4432134.000000,82,,,1.8501245675333824,,,Very Low,,,633,6,0,0,0.947900,0.000000,0.000000,,,
2023/2024,All Ages,Bay Area,05/25/2024,21,2024,1479,38940,3.7982,Low,451,16261,2.773500,Low,38,13613,0.279100,Very Low,,,,,,8391874.000000,272,,,3.2412307429782667,,,Low,,,1074,16,0,1,1.489800,0.000000,0.093100,,,
2024/2025,All Ages,Los Angeles,07/06/2024,27,2024,2278,31855,7.1512000000000002,Low,281,10849,2.590100,Low,9,6696,0.134400,Very Low,,,,,,9784023.000000,344,,,3.5159361338377888,,,Low,,,1254,12,0,0,0.956900,0.000000,0.000000,,,
2024/2025,All Ages,Central California,01/18/2025,3,2025,273,13888,1.9657,Very Low,3869,14182,27.281100,Very High,994,10508,9.459500,High,,,,,,4441622.000000,45,267,68,1.0131433967140833,6.0113174871702277,1.5309722439235036,Very Low,High,Moderate,711,3,5,1,0.421900,0.703200,0.140600,,,
2024/2025,All Ages,Rural North,05/10/2025,19,2025,23,794,2.8967000000000001,Very Low,23,1045,2.201000,Low,7,695,1.007200,Low,,,,,,680190.000000,5,3,3,0.73508872520913271,0.44105323512547967,0.44105323512547967,Very Low,Very Low,Very Low,156,0,0,0,0.000000,0.000000,0.000000,,,
2023/2024,All Ages,California,07/22/2023,29,2023,7635,123173,6.1985999999999999,Low,309,12242,2.524100,Low,35,9445,0.370600,Very Low,,,1.1000000000000001,0.10000000000000001,0,,,,,,,,,,,5313,59,0,1,1.110500,0.000000,0.018800,,,
2023/2024,All Ages,California,06/01/2024,22,2024,4682,113215,4.1355000000000004,Low,1834,49904,3.675100,Low,75,33419,0.224400,Very Low,,,1,0.59999999999999998,0,39109070.000000,860,,,2.1989783955486542,,,Very Low,,,5305,41,3,2,0.772900,0.056600,0.037700,,,
2024/2025,All Ages,California,11/09/2024,45,2024,2286,110540,2.0680000000000001,Very Low,2003,61451,3.259500,Low,897,42213,2.124900,Low,,,0.5,0.29999999999999999,0.10000000000000001,39119734.000000,643,177,117,1.6436717079926975,0.45245706425304422,0.29908178823506315,Very Low,Very Low,Very Low,5302,35,6,1,0.660100,0.113200,0.018900,,,
2023/2024,All Ages,California,10/28/2023,43,2023,8242,133510,6.1733000000000002,Low,2739,45157,6.065500,Low,1864,29822,6.250400,Moderate,,,1.2,0.20000000000000001,0.20000000000000001,,,,,,,,,,,5214,91,4,2,1.745300,0.076700,0.038400,,,
2023/2024,All Ages,California,12/02/2023,48,2023,13436,163906,8.1974,Moderate,12132,82938,14.627800,Moderate,5719,55206,10.359400,Very High,,,1.7,1.5,0.90000000000000002,,,,,,,,,,,5843,152,21,5,2.601400,0.359400,0.085600,,,
2024/2025,All Ages,California,06/07/2025,23,2025,2885,83730,3.4456000000000002,Low,1427,47369,3.012500,Low,84,30550,0.275000,Very Low,,,0.59999999999999998,0.29999999999999999,0,39119734.000000,623,149,20,1.5925466159867039,0.3808819354446531,0.051125092005993703,Very Low,Very Low,Very Low,5061,29,5,1,0.573000,0.098800,0.019800,,,
2023/2024,All Ages,California,12/30/2023,52,2023,19176,177383,10.810499999999999,Moderate,20111,102516,19.617400,High,6905,67583,10.217100,Very High,,,2.7999999999999998,4.7000000000000002,1.3999999999999999,,,,,,,,,,,6099,188,63,24,3.082500,1.033000,0.393500,,,
2024/2025,All Ages,California,07/06/2024,27,2024,10738,108634,9.8846000000000007,Moderate,1180,46851,2.518600,Low,73,31084,0.234800,Very Low,,,2.2000000000000002,0.20000000000000001,0,39119734.000000,1750,,,4.473445550524449,,,Low,,,5410,73,5,0,1.349400,0.092400,0.000000,,,
2024/2025,All Ages,California,02/08/2025,6,2025,4717,164201,2.8727,Very Low,40319,139028,29.000600,Very High,6043,96166,6.283900,Moderate,,,0.40000000000000002,9.8000000000000007,0.69999999999999996,39119734.000000,942,3693,770,2.4079918334823032,9.4402482389067366,1.9683160422307573,Very Low,Very High,Moderate,6381,70,165,19,1.097000,2.585800,0.297800,,,
2024/2025,All Ages,California,04/12/2025,15,2025,2435,120639,2.0184000000000002,Very Low,5620,81325,6.910500,Low,866,54285,1.595300,Low,,,0.40000000000000002,1.1000000000000001,0.10000000000000001,39119734.000000,628,423,157,1.6053278889882021,1.0812956959267668,0.40133197224705053,Very Low,Low,Very Low,5536,28,13,4,0.505800,0.234800,0.072300,,,
2024/2025,All Ages,California,11/02/2024,44,2024,2393,105400,2.2704,Very Low,1355,56750,2.387700,Low,584,38859,1.502900,Low,,,0.59999999999999998,0.29999999999999999,0.10000000000000001,39119734.000000,542,112,52,1.3854899933624292,0.28630051523356476,0.13292523921558363,Very Low,Very Low,Very Low,5248,36,1,2,0.686000,0.019100,0.038100,,,
2024/2025,All Ages,California,05/24/2025,21,2025,2683,88615,3.0276999999999998,Low,1906,53211,3.582000,Low,164,35921,0.456600,Very Low,,,0.5,0.40000000000000002,0,39119734.000000,600,186,33,1.5337527601798109,0.47546335565574144,0.084356401809889611,Very Low,Very Low,Very Low,5272,17,6,1,0.322500,0.113800,0.019000,,,
2023/2024,All Ages,California,11/25/2023,47,2023,9623,131846,7.2987000000000002,Low,8536,67683,12.611700,Moderate,5379,45187,11.903900,Very High,,,1.7,1.1000000000000001,0.90000000000000002,,,,,,,,,,,5606,128,13,6,2.283300,0.231900,0.107000,,,
2024/2025,All Ages,California,05/17/2025,20,2025,2472,91712,2.6953999999999998,Very Low,1894,54670,3.464400,Low,181,35927,0.503800,Very Low,,,0.40000000000000002,0.40000000000000002,0,39119734.000000,514,173,38,1.3139148645540382,0.4422320458518455,0.09713767481138802,Very Low,Very Low,Very Low,5184,15,8,2,0.289400,0.154300,0.038600,,,
2025/2026,All Ages,California,10/04/2025,40,2025,3754,74376,5.0472999999999999,Low,632,54490,1.159800,Very Low,159,34907,0.455500,Very Low,279,61,0.80000000000000004,0.20000000000000001,0,39155670.000000,1016,92,18,2.5947710765771599,0.23495958567430975,0.045970353718886692,Very Low,Very Low,Very Low,4874,40,3,0,0.820700,0.061600,0.000000,,,
2023/2024,All Ages,California,08/12/2023,32,2023,14241,130878,10.8811,Moderate,442,23723,1.863200,Very Low,78,10972,0.710900,Very Low,,,2,0.10000000000000001,0,,,,,,,,,,,5192,67,1,0,1.290400,0.019300,0.000000,,,
2024/2025,All Ages,California,09/28/2024,39,2024,5448,110374,4.9359000000000002,Low,612,43960,1.392200,Very Low,103,27907,0.369100,Very Low,,,0.90000000000000002,0.10000000000000001,0,39119734.000000,1759,,,4.4964518419271462,,,Low,,,5098,92,0,0,1.804600,0.000000,0.000000,,,
2024/2025,All Ages,California,01/18/2025,3,2025,3493,150143,2.3264,Very Low,34540,120065,28.767800,Very High,5656,77404,7.307100,High,,,0.40000000000000002,5.5,0.80000000000000004,39119734.000000,973,3668,801,2.4872357260915936,9.3763418738992446,2.0475599348400477,Very Low,Very High,High,6435,54,118,16,0.839200,1.833700,0.248600,,,
2025/2026,All Ages,California,07/19/2025,29,2025,4214,74328,5.6695000000000002,Low,420,35533,1.182000,Very Low,54,21871,0.246900,Very Low,180,82,1,0.10000000000000001,0,39155670.000000,750,73,4,1.9154314049536123,0.18643532341548491,0.010215634159752598,Very Low,Very Low,Very Low,5057,23,2,1,0.454800,0.039500,0.019800,,,
2024/2025,All Ages,California,10/26/2024,43,2024,2566,107697,2.3826000000000001,Very Low,1172,57230,2.047900,Low,476,38890,1.224000,Low,,,0.5,0.20000000000000001,0.10000000000000001,39119734.000000,687,,,1.7561469104058838,,,Very Low,,,5249,42,2,0,0.800200,0.038100,0.000000,,,
2024/2025,0-17 yrs,Greater Sierra-Sacramento,08/03/2024,31,2024,165,1180,13.983050847457626,High,11,645,1.705400,Very Low,2,369,0.542000,Very Low,,,,,,662349.000000,3,,,0.45293342331610698,,,Very Low,,,,0,0,0,0.000000,0.000000,0.000000,,,
2023/2024,0-17 yrs,Greater Sierra-Sacramento,01/27/2024,4,2024,159,2688,5.9151785714285712,Low,382,1968,19.410600,High,194,1361,14.254200,Very High,,,,,,673877.000000,12,,,1.78074040218022,,,Very Low,,,,0,0,0,0.000000,0.000000,0.000000,,,
2025/2026,0-17 yrs,Greater Sierra-Sacramento,07/12/2025,28,2025,53,722,7.3407202216066487,Low,11,597,1.842500,Very Low,3,309,0.970900,Very Low,2,6,,,,650543.000000,1,0,0,0.15371774041070305,0,0,Very Low,Very Low,Very Low,,0,0,0,0.000000,0.000000,0.000000,,,
2023/2024,0-17 yrs,Greater Sierra-Sacramento,11/25/2023,47,2023,94,2029,4.6328240512567769,Low,264,1692,15.602800,High,318,1185,26.835400,Very High,,,,,,,,,,,,,,,,,0,0,0,0.000000,0.000000,0.000000,,,
2024/2025,0-17 yrs,Rural North,08/03/2024,31,2024,34,174,19.540229885057471,Very High,2,107,1.869200,Very Low,0,70,0.000000,Very Low,,,,,,147863.000000,0,,,0,,,Very Low,,,,0,0,0,0.000000,0.000000,0.000000,,,
2024/2025,0-17 yrs,Rural North,07/27/2024,30,2024,40,187,21.390374331550802,Very High,2,138,1.449300,Very Low,0,98,0.000000,Very Low,,,,,,147863.000000,0,,,0,,,Very Low,,,,0,0,0,0.000000,0.000000,0.000000,,,
2023/2024,0-17 yrs,Rural North,10/14/2023,41,2023,20,235,8.5106382978723403,Moderate,2,177,1.129900,Very Low,0,101,0.000000,Very Low,,,,,,,,,,,,,,,,,0,0,0,0.000000,0.000000,0.000000,,,
2025/2026,0-17 yrs,Greater Sierra-Sacramento,09/27/2025,39,2025,100,1252,7.9872204472843444,Low,8,907,0.882000,Very Low,7,488,1.434400,Low,8,0,,,,650543.000000,3,0,0,0.46115322123210917,0,0,Very Low,Very Low,Very Low,,0,0,0,0.000000,0.000000,0.000000,,,
2023/2024,0-17 yrs,Rural North,05/04/2024,18,2024,5,323,1.5479876160990713,Very Low,13,300,4.333300,Low,4,239,1.673600,Low,,,,,,151044.000000,0,,,0,,,Very Low,,,,0,0,0,0.000000,0.000000,0.000000,,,
2023/2024,0-17 yrs,Rural North,09/16/2023,37,2023,39,314,12.420382165605096,Moderate,0,162,0.000000,Very Low,0,89,0.000000,Very Low,,,,,,,,,,,,,,,,,0,0,0,0.000000,0.000000,0.000000,,,
2023/2024,0-17 yrs,Greater Sierra-Sacramento,11/11/2023,45,2023,130,2296,5.6620209059233453,Low,224,1493,15.003300,High,224,1064,21.052600,Very High,,,,,,,,,,,,,,,,,0,0,0,0.000000,0.000000,0.000000,,,
2024/2025,0-17 yrs,Rural North,07/20/2024,29,2024,13,163,7.9754601226993866,Low,5,123,4.065000,Low,0,69,0.000000,Very Low,,,,,,147863.000000,0,,,0,,,Very Low,,,,0,0,0,0.000000,0.000000,0.000000,,,
2024/2025,0-17 yrs,Greater Sierra-Sacramento,07/06/2024,27,2024,114,1144,9.965034965034965,Moderate,20,748,2.673800,Low,0,408,0.000000,Very Low,,,,,,662349.000000,2,,,0.30195561554407102,,,Very Low,,,,0,0,0,0.000000,0.000000,0.000000,,,
2024/2025,0-17 yrs,Greater Sierra-Sacramento,07/27/2024,30,2024,202,1119,18.051831992850758,Very High,7,682,1.026400,Very Low,1,371,0.269500,Very Low,,,,,,662349.000000,2,,,0.30195561554407102,,,Very Low,,,,0,0,0,0.000000,0.000000,0.000000,,,
